<?xml version="1.0" encoding="UTF-8"?>
<gpx xmlns="http://www.topografix.com/GPX/1/1" xmlns:gpxtpx="http://www.garmin.com/xmlschemas/TrackPointExtension/v1" xmlns:xsi="http://www.w3.org/2001/XMLSchema-instance" xsi:schemaLocation="http://www.topografix.com/GPX/1/1 http://www.topografix.com/GPX/1/1/gpx.xsd" version="1.1" creator="gpx.py -- https://github.com/tkrajina/gpxpy">
  <trk>
    <name>run from tulipsport by Suunto</name>
    <trkseg>
      <trkpt lat="31.1275050044" lon="121.401626682">
        <ele>0.0</ele>
        <time>2026-09-09T23:14:44+08:00</time>
        <extensions>
          <gpxtpx:TrackPointExtension>
            <gpxtpx:hr>0</gpxtpx:hr>
            <gpxtpx:cad>0</gpxtpx:cad>
          </gpxtpx:TrackPointExtension>
        </extensions>
      </trkpt>
      <trkpt lat="31.1274650227" lon="121.401483268">
        <ele>6.2</ele>
        <time>2026-09-09T23:14:50+08:00</time>
        <extensions>
          <gpxtpx:TrackPointExtension>
            <gpxtpx:hr>0</gpxtpx:hr>
            <gpxtpx:cad>0</gpxtpx:cad>
          </gpxtpx:TrackPointExtension>
        </extensions>
      </trkpt>
      <trkpt lat="31.1274532881" lon="121.401433311">
        <ele>6.2</ele>
        <time>2026-09-09T23:14:52+08:00</time>
        <extensions>
          <gpxtpx:TrackPointExtension>
            <gpxtpx:hr>0</gpxtpx:hr>
            <gpxtpx:cad>44</gpxtpx:cad>
          </gpxtpx:TrackPointExtension>
        </extensions>
      </trkpt>
      <trkpt lat="31.1274433136" lon="121.401340021">
        <ele>6.2</ele>
        <time>2026-09-09T23:14:55+08:00</time>
        <extensions>
          <gpxtpx:TrackPointExtension>
            <gpxtpx:hr>84</gpxtpx:hr>
            <gpxtpx:cad>84</gpxtpx:cad>
          </gpxtpx:TrackPointExtension>
        </extensions>
      </trkpt>
      <trkpt lat="31.127441721" lon="121.401313283">
        <ele>6.0</ele>
        <time>2026-09-09T23:14:56+08:00</time>
        <extensions>
          <gpxtpx:TrackPointExtension>
            <gpxtpx:hr>0</gpxtpx:hr>
            <gpxtpx:cad>85</gpxtpx:cad>
          </gpxtpx:TrackPointExtension>
        </extensions>
      </trkpt>
      <trkpt lat="31.127441721" lon="121.401283275">
        <ele>6.0</ele>
        <time>2026-09-09T23:14:57+08:00</time>
        <extensions>
          <gpxtpx:TrackPointExtension>
            <gpxtpx:hr>84</gpxtpx:hr>
            <gpxtpx:cad>85</gpxtpx:cad>
          </gpxtpx:TrackPointExtension>
        </extensions>
      </trkpt>
      <trkpt lat="31.1274399608" lon="121.401253268">
        <ele>6.0</ele>
        <time>2026-09-09T23:14:58+08:00</time>
        <extensions>
          <gpxtpx:TrackPointExtension>
            <gpxtpx:hr>85</gpxtpx:hr>
            <gpxtpx:cad>85</gpxtpx:cad>
          </gpxtpx:TrackPointExtension>
        </extensions>
      </trkpt>
      <trkpt lat="31.1274350155" lon="121.401223261">
        <ele>6.0</ele>
        <time>2026-09-09T23:14:59+08:00</time>
        <extensions>
          <gpxtpx:TrackPointExtension>
            <gpxtpx:hr>86</gpxtpx:hr>
            <gpxtpx:cad>85</gpxtpx:cad>
          </gpxtpx:TrackPointExtension>
        </extensions>
      </trkpt>
      <trkpt lat="31.12742831" lon="121.401168276">
        <ele>5.8</ele>
        <time>2026-09-09T23:15:01+08:00</time>
        <extensions>
          <gpxtpx:TrackPointExtension>
            <gpxtpx:hr>88</gpxtpx:hr>
            <gpxtpx:cad>83</gpxtpx:cad>
          </gpxtpx:TrackPointExtension>
        </extensions>
      </trkpt>
      <trkpt lat="31.127425041" lon="121.401141705">
        <ele>5.8</ele>
        <time>2026-09-09T23:15:02+08:00</time>
        <extensions>
          <gpxtpx:TrackPointExtension>
            <gpxtpx:hr>91</gpxtpx:hr>
            <gpxtpx:cad>83</gpxtpx:cad>
          </gpxtpx:TrackPointExtension>
        </extensions>
      </trkpt>
      <trkpt lat="31.1274216883" lon="121.401114967">
        <ele>5.8</ele>
        <time>2026-09-09T23:15:03+08:00</time>
        <extensions>
          <gpxtpx:TrackPointExtension>
            <gpxtpx:hr>94</gpxtpx:hr>
            <gpxtpx:cad>83</gpxtpx:cad>
          </gpxtpx:TrackPointExtension>
        </extensions>
      </trkpt>
      <trkpt lat="31.1274166591" lon="121.401088312">
        <ele>5.6</ele>
        <time>2026-09-09T23:15:04+08:00</time>
        <extensions>
          <gpxtpx:TrackPointExtension>
            <gpxtpx:hr>98</gpxtpx:hr>
            <gpxtpx:cad>83</gpxtpx:cad>
          </gpxtpx:TrackPointExtension>
        </extensions>
      </trkpt>
      <trkpt lat="31.1274133064" lon="121.401061742">
        <ele>5.6</ele>
        <time>2026-09-09T23:15:05+08:00</time>
        <extensions>
          <gpxtpx:TrackPointExtension>
            <gpxtpx:hr>100</gpxtpx:hr>
            <gpxtpx:cad>83</gpxtpx:cad>
          </gpxtpx:TrackPointExtension>
        </extensions>
      </trkpt>
      <trkpt lat="31.1274100374" lon="121.40103668">
        <ele>5.6</ele>
        <time>2026-09-09T23:15:06+08:00</time>
        <extensions>
          <gpxtpx:TrackPointExtension>
            <gpxtpx:hr>101</gpxtpx:hr>
            <gpxtpx:cad>83</gpxtpx:cad>
          </gpxtpx:TrackPointExtension>
        </extensions>
      </trkpt>
      <trkpt lat="31.1274082772" lon="121.401008265">
        <ele>5.6</ele>
        <time>2026-09-09T23:15:07+08:00</time>
        <extensions>
          <gpxtpx:TrackPointExtension>
            <gpxtpx:hr>102</gpxtpx:hr>
            <gpxtpx:cad>83</gpxtpx:cad>
          </gpxtpx:TrackPointExtension>
        </extensions>
      </trkpt>
      <trkpt lat="31.1274050083" lon="121.400983287">
        <ele>5.6</ele>
        <time>2026-09-09T23:15:08+08:00</time>
        <extensions>
          <gpxtpx:TrackPointExtension>
            <gpxtpx:hr>102</gpxtpx:hr>
            <gpxtpx:cad>83</gpxtpx:cad>
          </gpxtpx:TrackPointExtension>
        </extensions>
      </trkpt>
      <trkpt lat="31.1273999792" lon="121.400956716">
        <ele>5.6</ele>
        <time>2026-09-09T23:15:09+08:00</time>
        <extensions>
          <gpxtpx:TrackPointExtension>
            <gpxtpx:hr>103</gpxtpx:hr>
            <gpxtpx:cad>83</gpxtpx:cad>
          </gpxtpx:TrackPointExtension>
        </extensions>
      </trkpt>
      <trkpt lat="31.1273967102" lon="121.400928302">
        <ele>5.6</ele>
        <time>2026-09-09T23:15:10+08:00</time>
        <extensions>
          <gpxtpx:TrackPointExtension>
            <gpxtpx:hr>104</gpxtpx:hr>
            <gpxtpx:cad>83</gpxtpx:cad>
          </gpxtpx:TrackPointExtension>
        </extensions>
      </trkpt>
      <trkpt lat="31.1273967102" lon="121.400903324">
        <ele>5.6</ele>
        <time>2026-09-09T23:15:11+08:00</time>
        <extensions>
          <gpxtpx:TrackPointExtension>
            <gpxtpx:hr>104</gpxtpx:hr>
            <gpxtpx:cad>83</gpxtpx:cad>
          </gpxtpx:TrackPointExtension>
        </extensions>
      </trkpt>
      <trkpt lat="31.1273999792" lon="121.400874993">
        <ele>5.6</ele>
        <time>2026-09-09T23:15:12+08:00</time>
        <extensions>
          <gpxtpx:TrackPointExtension>
            <gpxtpx:hr>105</gpxtpx:hr>
            <gpxtpx:cad>83</gpxtpx:cad>
          </gpxtpx:TrackPointExtension>
        </extensions>
      </trkpt>
      <trkpt lat="31.1274017394" lon="121.400848338">
        <ele>5.6</ele>
        <time>2026-09-09T23:15:13+08:00</time>
        <extensions>
          <gpxtpx:TrackPointExtension>
            <gpxtpx:hr>105</gpxtpx:hr>
            <gpxtpx:cad>83</gpxtpx:cad>
          </gpxtpx:TrackPointExtension>
        </extensions>
      </trkpt>
      <trkpt lat="31.1274017394" lon="121.400821684">
        <ele>5.6</ele>
        <time>2026-09-09T23:15:14+08:00</time>
        <extensions>
          <gpxtpx:TrackPointExtension>
            <gpxtpx:hr>105</gpxtpx:hr>
            <gpxtpx:cad>83</gpxtpx:cad>
          </gpxtpx:TrackPointExtension>
        </extensions>
      </trkpt>
      <trkpt lat="31.1274050083" lon="121.400793269">
        <ele>5.6</ele>
        <time>2026-09-09T23:15:15+08:00</time>
        <extensions>
          <gpxtpx:TrackPointExtension>
            <gpxtpx:hr>106</gpxtpx:hr>
            <gpxtpx:cad>83</gpxtpx:cad>
          </gpxtpx:TrackPointExtension>
        </extensions>
      </trkpt>
      <trkpt lat="31.1274050083" lon="121.400765022">
        <ele>5.6</ele>
        <time>2026-09-09T23:15:16+08:00</time>
        <extensions>
          <gpxtpx:TrackPointExtension>
            <gpxtpx:hr>106</gpxtpx:hr>
            <gpxtpx:cad>83</gpxtpx:cad>
          </gpxtpx:TrackPointExtension>
        </extensions>
      </trkpt>
      <trkpt lat="31.1274050083" lon="121.400735015">
        <ele>5.6</ele>
        <time>2026-09-09T23:15:17+08:00</time>
        <extensions>
          <gpxtpx:TrackPointExtension>
            <gpxtpx:hr>108</gpxtpx:hr>
            <gpxtpx:cad>83</gpxtpx:cad>
          </gpxtpx:TrackPointExtension>
        </extensions>
      </trkpt>
      <trkpt lat="31.1274050083" lon="121.400706684">
        <ele>5.8</ele>
        <time>2026-09-09T23:15:18+08:00</time>
        <extensions>
          <gpxtpx:TrackPointExtension>
            <gpxtpx:hr>110</gpxtpx:hr>
            <gpxtpx:cad>83</gpxtpx:cad>
          </gpxtpx:TrackPointExtension>
        </extensions>
      </trkpt>
      <trkpt lat="31.1274017394" lon="121.40068003">
        <ele>5.8</ele>
        <time>2026-09-09T23:15:19+08:00</time>
        <extensions>
          <gpxtpx:TrackPointExtension>
            <gpxtpx:hr>111</gpxtpx:hr>
            <gpxtpx:cad>83</gpxtpx:cad>
          </gpxtpx:TrackPointExtension>
        </extensions>
      </trkpt>
      <trkpt lat="31.1273999792" lon="121.400651699">
        <ele>5.8</ele>
        <time>2026-09-09T23:15:20+08:00</time>
        <extensions>
          <gpxtpx:TrackPointExtension>
            <gpxtpx:hr>112</gpxtpx:hr>
            <gpxtpx:cad>83</gpxtpx:cad>
          </gpxtpx:TrackPointExtension>
        </extensions>
      </trkpt>
      <trkpt lat="31.1273983028" lon="121.400626721">
        <ele>5.6</ele>
        <time>2026-09-09T23:15:21+08:00</time>
        <extensions>
          <gpxtpx:TrackPointExtension>
            <gpxtpx:hr>112</gpxtpx:hr>
            <gpxtpx:cad>83</gpxtpx:cad>
          </gpxtpx:TrackPointExtension>
        </extensions>
      </trkpt>
      <trkpt lat="31.1273983028" lon="121.400599983">
        <ele>5.8</ele>
        <time>2026-09-09T23:15:22+08:00</time>
        <extensions>
          <gpxtpx:TrackPointExtension>
            <gpxtpx:hr>113</gpxtpx:hr>
            <gpxtpx:cad>83</gpxtpx:cad>
          </gpxtpx:TrackPointExtension>
        </extensions>
      </trkpt>
      <trkpt lat="31.1273967102" lon="121.400573328">
        <ele>5.8</ele>
        <time>2026-09-09T23:15:23+08:00</time>
        <extensions>
          <gpxtpx:TrackPointExtension>
            <gpxtpx:hr>114</gpxtpx:hr>
            <gpxtpx:cad>84</gpxtpx:cad>
          </gpxtpx:TrackPointExtension>
        </extensions>
      </trkpt>
      <trkpt lat="31.1273950338" lon="121.400544997">
        <ele>5.8</ele>
        <time>2026-09-09T23:15:24+08:00</time>
        <extensions>
          <gpxtpx:TrackPointExtension>
            <gpxtpx:hr>115</gpxtpx:hr>
            <gpxtpx:cad>84</gpxtpx:cad>
          </gpxtpx:TrackPointExtension>
        </extensions>
      </trkpt>
      <trkpt lat="31.1273932736" lon="121.400520019">
        <ele>5.8</ele>
        <time>2026-09-09T23:15:25+08:00</time>
        <extensions>
          <gpxtpx:TrackPointExtension>
            <gpxtpx:hr>115</gpxtpx:hr>
            <gpxtpx:cad>84</gpxtpx:cad>
          </gpxtpx:TrackPointExtension>
        </extensions>
      </trkpt>
      <trkpt lat="31.1273900047" lon="121.400495041">
        <ele>5.8</ele>
        <time>2026-09-09T23:15:26+08:00</time>
        <extensions>
          <gpxtpx:TrackPointExtension>
            <gpxtpx:hr>115</gpxtpx:hr>
            <gpxtpx:cad>84</gpxtpx:cad>
          </gpxtpx:TrackPointExtension>
        </extensions>
      </trkpt>
      <trkpt lat="31.1273916811" lon="121.400463274">
        <ele>5.8</ele>
        <time>2026-09-09T23:15:27+08:00</time>
        <extensions>
          <gpxtpx:TrackPointExtension>
            <gpxtpx:hr>116</gpxtpx:hr>
            <gpxtpx:cad>84</gpxtpx:cad>
          </gpxtpx:TrackPointExtension>
        </extensions>
      </trkpt>
      <trkpt lat="31.1273916811" lon="121.400435027">
        <ele>6.0</ele>
        <time>2026-09-09T23:15:28+08:00</time>
        <extensions>
          <gpxtpx:TrackPointExtension>
            <gpxtpx:hr>116</gpxtpx:hr>
            <gpxtpx:cad>83</gpxtpx:cad>
          </gpxtpx:TrackPointExtension>
        </extensions>
      </trkpt>
      <trkpt lat="31.1273950338" lon="121.400406696">
        <ele>5.8</ele>
        <time>2026-09-09T23:15:29+08:00</time>
        <extensions>
          <gpxtpx:TrackPointExtension>
            <gpxtpx:hr>116</gpxtpx:hr>
            <gpxtpx:cad>83</gpxtpx:cad>
          </gpxtpx:TrackPointExtension>
        </extensions>
      </trkpt>
      <trkpt lat="31.1273983028" lon="121.400375012">
        <ele>5.8</ele>
        <time>2026-09-09T23:15:30+08:00</time>
        <extensions>
          <gpxtpx:TrackPointExtension>
            <gpxtpx:hr>116</gpxtpx:hr>
            <gpxtpx:cad>83</gpxtpx:cad>
          </gpxtpx:TrackPointExtension>
        </extensions>
      </trkpt>
      <trkpt lat="31.1273983028" lon="121.400346681">
        <ele>5.8</ele>
        <time>2026-09-09T23:15:31+08:00</time>
        <extensions>
          <gpxtpx:TrackPointExtension>
            <gpxtpx:hr>117</gpxtpx:hr>
            <gpxtpx:cad>83</gpxtpx:cad>
          </gpxtpx:TrackPointExtension>
        </extensions>
      </trkpt>
      <trkpt lat="31.1273999792" lon="121.400316674">
        <ele>5.8</ele>
        <time>2026-09-09T23:15:32+08:00</time>
        <extensions>
          <gpxtpx:TrackPointExtension>
            <gpxtpx:hr>117</gpxtpx:hr>
            <gpxtpx:cad>83</gpxtpx:cad>
          </gpxtpx:TrackPointExtension>
        </extensions>
      </trkpt>
      <trkpt lat="31.1274017394" lon="121.40028826">
        <ele>6.0</ele>
        <time>2026-09-09T23:15:33+08:00</time>
        <extensions>
          <gpxtpx:TrackPointExtension>
            <gpxtpx:hr>116</gpxtpx:hr>
            <gpxtpx:cad>83</gpxtpx:cad>
          </gpxtpx:TrackPointExtension>
        </extensions>
      </trkpt>
      <trkpt lat="31.1273999792" lon="121.400261689">
        <ele>6.0</ele>
        <time>2026-09-09T23:15:34+08:00</time>
        <extensions>
          <gpxtpx:TrackPointExtension>
            <gpxtpx:hr>117</gpxtpx:hr>
            <gpxtpx:cad>83</gpxtpx:cad>
          </gpxtpx:TrackPointExtension>
        </extensions>
      </trkpt>
      <trkpt lat="31.1274017394" lon="121.400233274">
        <ele>6.0</ele>
        <time>2026-09-09T23:15:35+08:00</time>
        <extensions>
          <gpxtpx:TrackPointExtension>
            <gpxtpx:hr>117</gpxtpx:hr>
            <gpxtpx:cad>83</gpxtpx:cad>
          </gpxtpx:TrackPointExtension>
        </extensions>
      </trkpt>
      <trkpt lat="31.1274017394" lon="121.400206704">
        <ele>6.0</ele>
        <time>2026-09-09T23:15:36+08:00</time>
        <extensions>
          <gpxtpx:TrackPointExtension>
            <gpxtpx:hr>117</gpxtpx:hr>
            <gpxtpx:cad>83</gpxtpx:cad>
          </gpxtpx:TrackPointExtension>
        </extensions>
      </trkpt>
      <trkpt lat="31.1273999792" lon="121.400178289">
        <ele>6.0</ele>
        <time>2026-09-09T23:15:37+08:00</time>
        <extensions>
          <gpxtpx:TrackPointExtension>
            <gpxtpx:hr>119</gpxtpx:hr>
            <gpxtpx:cad>83</gpxtpx:cad>
          </gpxtpx:TrackPointExtension>
        </extensions>
      </trkpt>
      <trkpt lat="31.1274050083" lon="121.400148282">
        <ele>6.0</ele>
        <time>2026-09-09T23:15:38+08:00</time>
        <extensions>
          <gpxtpx:TrackPointExtension>
            <gpxtpx:hr>119</gpxtpx:hr>
            <gpxtpx:cad>83</gpxtpx:cad>
          </gpxtpx:TrackPointExtension>
        </extensions>
      </trkpt>
      <trkpt lat="31.1274066847" lon="121.400121711">
        <ele>6.0</ele>
        <time>2026-09-09T23:15:39+08:00</time>
        <extensions>
          <gpxtpx:TrackPointExtension>
            <gpxtpx:hr>119</gpxtpx:hr>
            <gpxtpx:cad>83</gpxtpx:cad>
          </gpxtpx:TrackPointExtension>
        </extensions>
      </trkpt>
      <trkpt lat="31.1274050083" lon="121.400094973">
        <ele>6.0</ele>
        <time>2026-09-09T23:15:40+08:00</time>
        <extensions>
          <gpxtpx:TrackPointExtension>
            <gpxtpx:hr>120</gpxtpx:hr>
            <gpxtpx:cad>83</gpxtpx:cad>
          </gpxtpx:TrackPointExtension>
        </extensions>
      </trkpt>
      <trkpt lat="31.1274066847" lon="121.400068318">
        <ele>6.0</ele>
        <time>2026-09-09T23:15:41+08:00</time>
        <extensions>
          <gpxtpx:TrackPointExtension>
            <gpxtpx:hr>121</gpxtpx:hr>
            <gpxtpx:cad>83</gpxtpx:cad>
          </gpxtpx:TrackPointExtension>
        </extensions>
      </trkpt>
      <trkpt lat="31.1274117138" lon="121.400036719">
        <ele>6.0</ele>
        <time>2026-09-09T23:15:42+08:00</time>
        <extensions>
          <gpxtpx:TrackPointExtension>
            <gpxtpx:hr>122</gpxtpx:hr>
            <gpxtpx:cad>83</gpxtpx:cad>
          </gpxtpx:TrackPointExtension>
        </extensions>
      </trkpt>
      <trkpt lat="31.1274183355" lon="121.400008304">
        <ele>6.0</ele>
        <time>2026-09-09T23:15:43+08:00</time>
        <extensions>
          <gpxtpx:TrackPointExtension>
            <gpxtpx:hr>125</gpxtpx:hr>
            <gpxtpx:cad>83</gpxtpx:cad>
          </gpxtpx:TrackPointExtension>
        </extensions>
      </trkpt>
      <trkpt lat="31.1274216883" lon="121.399981733">
        <ele>6.0</ele>
        <time>2026-09-09T23:15:44+08:00</time>
        <extensions>
          <gpxtpx:TrackPointExtension>
            <gpxtpx:hr>127</gpxtpx:hr>
            <gpxtpx:cad>83</gpxtpx:cad>
          </gpxtpx:TrackPointExtension>
        </extensions>
      </trkpt>
      <trkpt lat="31.1274232809" lon="121.399953319">
        <ele>6.2</ele>
        <time>2026-09-09T23:15:45+08:00</time>
        <extensions>
          <gpxtpx:TrackPointExtension>
            <gpxtpx:hr>129</gpxtpx:hr>
            <gpxtpx:cad>83</gpxtpx:cad>
          </gpxtpx:TrackPointExtension>
        </extensions>
      </trkpt>
      <trkpt lat="31.127425041" lon="121.399928341">
        <ele>6.2</ele>
        <time>2026-09-09T23:15:46+08:00</time>
        <extensions>
          <gpxtpx:TrackPointExtension>
            <gpxtpx:hr>131</gpxtpx:hr>
            <gpxtpx:cad>83</gpxtpx:cad>
          </gpxtpx:TrackPointExtension>
        </extensions>
      </trkpt>
      <trkpt lat="31.127425041" lon="121.399901686">
        <ele>6.4</ele>
        <time>2026-09-09T23:15:47+08:00</time>
        <extensions>
          <gpxtpx:TrackPointExtension>
            <gpxtpx:hr>131</gpxtpx:hr>
            <gpxtpx:cad>83</gpxtpx:cad>
          </gpxtpx:TrackPointExtension>
        </extensions>
      </trkpt>
      <trkpt lat="31.1274267174" lon="121.399876708">
        <ele>6.4</ele>
        <time>2026-09-09T23:15:48+08:00</time>
        <extensions>
          <gpxtpx:TrackPointExtension>
            <gpxtpx:hr>132</gpxtpx:hr>
            <gpxtpx:cad>83</gpxtpx:cad>
          </gpxtpx:TrackPointExtension>
        </extensions>
      </trkpt>
      <trkpt lat="31.1274316628" lon="121.399824992">
        <ele>6.2</ele>
        <time>2026-09-09T23:15:50+08:00</time>
        <extensions>
          <gpxtpx:TrackPointExtension>
            <gpxtpx:hr>133</gpxtpx:hr>
            <gpxtpx:cad>83</gpxtpx:cad>
          </gpxtpx:TrackPointExtension>
        </extensions>
      </trkpt>
      <trkpt lat="31.1274333391" lon="121.399798337">
        <ele>6.4</ele>
        <time>2026-09-09T23:15:51+08:00</time>
        <extensions>
          <gpxtpx:TrackPointExtension>
            <gpxtpx:hr>134</gpxtpx:hr>
            <gpxtpx:cad>83</gpxtpx:cad>
          </gpxtpx:TrackPointExtension>
        </extensions>
      </trkpt>
      <trkpt lat="31.1274350155" lon="121.399773275">
        <ele>6.4</ele>
        <time>2026-09-09T23:15:52+08:00</time>
        <extensions>
          <gpxtpx:TrackPointExtension>
            <gpxtpx:hr>135</gpxtpx:hr>
            <gpxtpx:cad>83</gpxtpx:cad>
          </gpxtpx:TrackPointExtension>
        </extensions>
      </trkpt>
      <trkpt lat="31.1274382845" lon="121.399746705">
        <ele>6.2</ele>
        <time>2026-09-09T23:15:53+08:00</time>
        <extensions>
          <gpxtpx:TrackPointExtension>
            <gpxtpx:hr>136</gpxtpx:hr>
            <gpxtpx:cad>83</gpxtpx:cad>
          </gpxtpx:TrackPointExtension>
        </extensions>
      </trkpt>
      <trkpt lat="31.1274382845" lon="121.399724996">
        <ele>6.2</ele>
        <time>2026-09-09T23:15:54+08:00</time>
        <extensions>
          <gpxtpx:TrackPointExtension>
            <gpxtpx:hr>136</gpxtpx:hr>
            <gpxtpx:cad>83</gpxtpx:cad>
          </gpxtpx:TrackPointExtension>
        </extensions>
      </trkpt>
      <trkpt lat="31.1274382845" lon="121.399698341">
        <ele>6.2</ele>
        <time>2026-09-09T23:15:55+08:00</time>
        <extensions>
          <gpxtpx:TrackPointExtension>
            <gpxtpx:hr>136</gpxtpx:hr>
            <gpxtpx:cad>83</gpxtpx:cad>
          </gpxtpx:TrackPointExtension>
        </extensions>
      </trkpt>
      <trkpt lat="31.1274399608" lon="121.399673279">
        <ele>6.2</ele>
        <time>2026-09-09T23:15:56+08:00</time>
        <extensions>
          <gpxtpx:TrackPointExtension>
            <gpxtpx:hr>137</gpxtpx:hr>
            <gpxtpx:cad>83</gpxtpx:cad>
          </gpxtpx:TrackPointExtension>
        </extensions>
      </trkpt>
      <trkpt lat="31.1274433136" lon="121.399648301">
        <ele>6.2</ele>
        <time>2026-09-09T23:15:57+08:00</time>
        <extensions>
          <gpxtpx:TrackPointExtension>
            <gpxtpx:hr>137</gpxtpx:hr>
            <gpxtpx:cad>83</gpxtpx:cad>
          </gpxtpx:TrackPointExtension>
        </extensions>
      </trkpt>
      <trkpt lat="31.1274466664" lon="121.399625">
        <ele>6.2</ele>
        <time>2026-09-09T23:15:58+08:00</time>
        <extensions>
          <gpxtpx:TrackPointExtension>
            <gpxtpx:hr>137</gpxtpx:hr>
            <gpxtpx:cad>83</gpxtpx:cad>
          </gpxtpx:TrackPointExtension>
        </extensions>
      </trkpt>
      <trkpt lat="31.1274482589" lon="121.39960329">
        <ele>6.0</ele>
        <time>2026-09-09T23:15:59+08:00</time>
        <extensions>
          <gpxtpx:TrackPointExtension>
            <gpxtpx:hr>137</gpxtpx:hr>
            <gpxtpx:cad>83</gpxtpx:cad>
          </gpxtpx:TrackPointExtension>
        </extensions>
      </trkpt>
      <trkpt lat="31.1274500191" lon="121.39957672">
        <ele>6.0</ele>
        <time>2026-09-09T23:16:00+08:00</time>
        <extensions>
          <gpxtpx:TrackPointExtension>
            <gpxtpx:hr>137</gpxtpx:hr>
            <gpxtpx:cad>83</gpxtpx:cad>
          </gpxtpx:TrackPointExtension>
        </extensions>
      </trkpt>
      <trkpt lat="31.1274516955" lon="121.399551742">
        <ele>6.0</ele>
        <time>2026-09-09T23:16:01+08:00</time>
        <extensions>
          <gpxtpx:TrackPointExtension>
            <gpxtpx:hr>137</gpxtpx:hr>
            <gpxtpx:cad>83</gpxtpx:cad>
          </gpxtpx:TrackPointExtension>
        </extensions>
      </trkpt>
      <trkpt lat="31.1274516955" lon="121.39952668">
        <ele>6.0</ele>
        <time>2026-09-09T23:16:02+08:00</time>
        <extensions>
          <gpxtpx:TrackPointExtension>
            <gpxtpx:hr>137</gpxtpx:hr>
            <gpxtpx:cad>83</gpxtpx:cad>
          </gpxtpx:TrackPointExtension>
        </extensions>
      </trkpt>
      <trkpt lat="31.1274516955" lon="121.399501702">
        <ele>6.0</ele>
        <time>2026-09-09T23:16:03+08:00</time>
        <extensions>
          <gpxtpx:TrackPointExtension>
            <gpxtpx:hr>138</gpxtpx:hr>
            <gpxtpx:cad>83</gpxtpx:cad>
          </gpxtpx:TrackPointExtension>
        </extensions>
      </trkpt>
      <trkpt lat="31.1274500191" lon="121.399476724">
        <ele>5.8</ele>
        <time>2026-09-09T23:16:04+08:00</time>
        <extensions>
          <gpxtpx:TrackPointExtension>
            <gpxtpx:hr>138</gpxtpx:hr>
            <gpxtpx:cad>83</gpxtpx:cad>
          </gpxtpx:TrackPointExtension>
        </extensions>
      </trkpt>
      <trkpt lat="31.1274516955" lon="121.399449985">
        <ele>5.8</ele>
        <time>2026-09-09T23:16:05+08:00</time>
        <extensions>
          <gpxtpx:TrackPointExtension>
            <gpxtpx:hr>138</gpxtpx:hr>
            <gpxtpx:cad>83</gpxtpx:cad>
          </gpxtpx:TrackPointExtension>
        </extensions>
      </trkpt>
      <trkpt lat="31.1274532881" lon="121.399423331">
        <ele>5.8</ele>
        <time>2026-09-09T23:16:06+08:00</time>
        <extensions>
          <gpxtpx:TrackPointExtension>
            <gpxtpx:hr>138</gpxtpx:hr>
            <gpxtpx:cad>83</gpxtpx:cad>
          </gpxtpx:TrackPointExtension>
        </extensions>
      </trkpt>
      <trkpt lat="31.1274549644" lon="121.399396677">
        <ele>5.8</ele>
        <time>2026-09-09T23:16:07+08:00</time>
        <extensions>
          <gpxtpx:TrackPointExtension>
            <gpxtpx:hr>138</gpxtpx:hr>
            <gpxtpx:cad>83</gpxtpx:cad>
          </gpxtpx:TrackPointExtension>
        </extensions>
      </trkpt>
      <trkpt lat="31.1274567246" lon="121.399373291">
        <ele>6.0</ele>
        <time>2026-09-09T23:16:08+08:00</time>
        <extensions>
          <gpxtpx:TrackPointExtension>
            <gpxtpx:hr>138</gpxtpx:hr>
            <gpxtpx:cad>83</gpxtpx:cad>
          </gpxtpx:TrackPointExtension>
        </extensions>
      </trkpt>
      <trkpt lat="31.1274599936" lon="121.399349989">
        <ele>6.0</ele>
        <time>2026-09-09T23:16:09+08:00</time>
        <extensions>
          <gpxtpx:TrackPointExtension>
            <gpxtpx:hr>138</gpxtpx:hr>
            <gpxtpx:cad>83</gpxtpx:cad>
          </gpxtpx:TrackPointExtension>
        </extensions>
      </trkpt>
      <trkpt lat="31.1274632625" lon="121.399325011">
        <ele>5.8</ele>
        <time>2026-09-09T23:16:10+08:00</time>
        <extensions>
          <gpxtpx:TrackPointExtension>
            <gpxtpx:hr>138</gpxtpx:hr>
            <gpxtpx:cad>83</gpxtpx:cad>
          </gpxtpx:TrackPointExtension>
        </extensions>
      </trkpt>
      <trkpt lat="31.1274650227" lon="121.399300033">
        <ele>5.8</ele>
        <time>2026-09-09T23:16:11+08:00</time>
        <extensions>
          <gpxtpx:TrackPointExtension>
            <gpxtpx:hr>138</gpxtpx:hr>
            <gpxtpx:cad>83</gpxtpx:cad>
          </gpxtpx:TrackPointExtension>
        </extensions>
      </trkpt>
      <trkpt lat="31.1274682917" lon="121.399274971">
        <ele>5.6</ele>
        <time>2026-09-09T23:16:12+08:00</time>
        <extensions>
          <gpxtpx:TrackPointExtension>
            <gpxtpx:hr>138</gpxtpx:hr>
            <gpxtpx:cad>83</gpxtpx:cad>
          </gpxtpx:TrackPointExtension>
        </extensions>
      </trkpt>
      <trkpt lat="31.1274717283" lon="121.399249993">
        <ele>5.8</ele>
        <time>2026-09-09T23:16:13+08:00</time>
        <extensions>
          <gpxtpx:TrackPointExtension>
            <gpxtpx:hr>138</gpxtpx:hr>
            <gpxtpx:cad>83</gpxtpx:cad>
          </gpxtpx:TrackPointExtension>
        </extensions>
      </trkpt>
      <trkpt lat="31.1274749972" lon="121.399225015">
        <ele>5.8</ele>
        <time>2026-09-09T23:16:14+08:00</time>
        <extensions>
          <gpxtpx:TrackPointExtension>
            <gpxtpx:hr>138</gpxtpx:hr>
            <gpxtpx:cad>83</gpxtpx:cad>
          </gpxtpx:TrackPointExtension>
        </extensions>
      </trkpt>
      <trkpt lat="31.1274782661" lon="121.399200037">
        <ele>5.6</ele>
        <time>2026-09-09T23:16:15+08:00</time>
        <extensions>
          <gpxtpx:TrackPointExtension>
            <gpxtpx:hr>138</gpxtpx:hr>
            <gpxtpx:cad>83</gpxtpx:cad>
          </gpxtpx:TrackPointExtension>
        </extensions>
      </trkpt>
      <trkpt lat="31.1274832953" lon="121.399176735">
        <ele>5.6</ele>
        <time>2026-09-09T23:16:16+08:00</time>
        <extensions>
          <gpxtpx:TrackPointExtension>
            <gpxtpx:hr>138</gpxtpx:hr>
            <gpxtpx:cad>83</gpxtpx:cad>
          </gpxtpx:TrackPointExtension>
        </extensions>
      </trkpt>
      <trkpt lat="31.1274867319" lon="121.399151674">
        <ele>5.6</ele>
        <time>2026-09-09T23:16:17+08:00</time>
        <extensions>
          <gpxtpx:TrackPointExtension>
            <gpxtpx:hr>138</gpxtpx:hr>
            <gpxtpx:cad>83</gpxtpx:cad>
          </gpxtpx:TrackPointExtension>
        </extensions>
      </trkpt>
      <trkpt lat="31.1274867319" lon="121.399129964">
        <ele>5.8</ele>
        <time>2026-09-09T23:16:18+08:00</time>
        <extensions>
          <gpxtpx:TrackPointExtension>
            <gpxtpx:hr>138</gpxtpx:hr>
            <gpxtpx:cad>83</gpxtpx:cad>
          </gpxtpx:TrackPointExtension>
        </extensions>
      </trkpt>
      <trkpt lat="31.1274867319" lon="121.399106663">
        <ele>5.8</ele>
        <time>2026-09-09T23:16:19+08:00</time>
        <extensions>
          <gpxtpx:TrackPointExtension>
            <gpxtpx:hr>138</gpxtpx:hr>
            <gpxtpx:cad>83</gpxtpx:cad>
          </gpxtpx:TrackPointExtension>
        </extensions>
      </trkpt>
      <trkpt lat="31.1274900008" lon="121.399083277">
        <ele>5.8</ele>
        <time>2026-09-09T23:16:20+08:00</time>
        <extensions>
          <gpxtpx:TrackPointExtension>
            <gpxtpx:hr>138</gpxtpx:hr>
            <gpxtpx:cad>83</gpxtpx:cad>
          </gpxtpx:TrackPointExtension>
        </extensions>
      </trkpt>
      <trkpt lat="31.1274932697" lon="121.399059976">
        <ele>5.8</ele>
        <time>2026-09-09T23:16:21+08:00</time>
        <extensions>
          <gpxtpx:TrackPointExtension>
            <gpxtpx:hr>139</gpxtpx:hr>
            <gpxtpx:cad>83</gpxtpx:cad>
          </gpxtpx:TrackPointExtension>
        </extensions>
      </trkpt>
      <trkpt lat="31.1274967063" lon="121.399036674">
        <ele>5.8</ele>
        <time>2026-09-09T23:16:22+08:00</time>
        <extensions>
          <gpxtpx:TrackPointExtension>
            <gpxtpx:hr>139</gpxtpx:hr>
            <gpxtpx:cad>84</gpxtpx:cad>
          </gpxtpx:TrackPointExtension>
        </extensions>
      </trkpt>
      <trkpt lat="31.1274999753" lon="121.399013288">
        <ele>5.6</ele>
        <time>2026-09-09T23:16:23+08:00</time>
        <extensions>
          <gpxtpx:TrackPointExtension>
            <gpxtpx:hr>139</gpxtpx:hr>
            <gpxtpx:cad>84</gpxtpx:cad>
          </gpxtpx:TrackPointExtension>
        </extensions>
      </trkpt>
      <trkpt lat="31.1275050044" lon="121.39898831">
        <ele>5.8</ele>
        <time>2026-09-09T23:16:24+08:00</time>
        <extensions>
          <gpxtpx:TrackPointExtension>
            <gpxtpx:hr>141</gpxtpx:hr>
            <gpxtpx:cad>84</gpxtpx:cad>
          </gpxtpx:TrackPointExtension>
        </extensions>
      </trkpt>
      <trkpt lat="31.1275100335" lon="121.398963332">
        <ele>5.6</ele>
        <time>2026-09-09T23:16:25+08:00</time>
        <extensions>
          <gpxtpx:TrackPointExtension>
            <gpxtpx:hr>141</gpxtpx:hr>
            <gpxtpx:cad>84</gpxtpx:cad>
          </gpxtpx:TrackPointExtension>
        </extensions>
      </trkpt>
      <trkpt lat="31.1275133025" lon="121.39893827">
        <ele>5.6</ele>
        <time>2026-09-09T23:16:26+08:00</time>
        <extensions>
          <gpxtpx:TrackPointExtension>
            <gpxtpx:hr>140</gpxtpx:hr>
            <gpxtpx:cad>84</gpxtpx:cad>
          </gpxtpx:TrackPointExtension>
        </extensions>
      </trkpt>
      <trkpt lat="31.1275183316" lon="121.3989117">
        <ele>5.6</ele>
        <time>2026-09-09T23:16:27+08:00</time>
        <extensions>
          <gpxtpx:TrackPointExtension>
            <gpxtpx:hr>140</gpxtpx:hr>
            <gpxtpx:cad>84</gpxtpx:cad>
          </gpxtpx:TrackPointExtension>
        </extensions>
      </trkpt>
      <trkpt lat="31.1275267135" lon="121.398863336">
        <ele>5.6</ele>
        <time>2026-09-09T23:16:29+08:00</time>
        <extensions>
          <gpxtpx:TrackPointExtension>
            <gpxtpx:hr>139</gpxtpx:hr>
            <gpxtpx:cad>84</gpxtpx:cad>
          </gpxtpx:TrackPointExtension>
        </extensions>
      </trkpt>
      <trkpt lat="31.1275333352" lon="121.398838274">
        <ele>5.6</ele>
        <time>2026-09-09T23:16:30+08:00</time>
        <extensions>
          <gpxtpx:TrackPointExtension>
            <gpxtpx:hr>139</gpxtpx:hr>
            <gpxtpx:cad>84</gpxtpx:cad>
          </gpxtpx:TrackPointExtension>
        </extensions>
      </trkpt>
      <trkpt lat="31.127536688" lon="121.398813296">
        <ele>5.6</ele>
        <time>2026-09-09T23:16:31+08:00</time>
        <extensions>
          <gpxtpx:TrackPointExtension>
            <gpxtpx:hr>139</gpxtpx:hr>
            <gpxtpx:cad>84</gpxtpx:cad>
          </gpxtpx:TrackPointExtension>
        </extensions>
      </trkpt>
      <trkpt lat="31.1275433097" lon="121.398788318">
        <ele>5.6</ele>
        <time>2026-09-09T23:16:32+08:00</time>
        <extensions>
          <gpxtpx:TrackPointExtension>
            <gpxtpx:hr>139</gpxtpx:hr>
            <gpxtpx:cad>84</gpxtpx:cad>
          </gpxtpx:TrackPointExtension>
        </extensions>
      </trkpt>
      <trkpt lat="31.1275466625" lon="121.398765016">
        <ele>5.6</ele>
        <time>2026-09-09T23:16:33+08:00</time>
        <extensions>
          <gpxtpx:TrackPointExtension>
            <gpxtpx:hr>139</gpxtpx:hr>
            <gpxtpx:cad>84</gpxtpx:cad>
          </gpxtpx:TrackPointExtension>
        </extensions>
      </trkpt>
      <trkpt lat="31.1275516916" lon="121.398740038">
        <ele>5.8</ele>
        <time>2026-09-09T23:16:34+08:00</time>
        <extensions>
          <gpxtpx:TrackPointExtension>
            <gpxtpx:hr>140</gpxtpx:hr>
            <gpxtpx:cad>84</gpxtpx:cad>
          </gpxtpx:TrackPointExtension>
        </extensions>
      </trkpt>
      <trkpt lat="31.1275567207" lon="121.398716737">
        <ele>5.8</ele>
        <time>2026-09-09T23:16:35+08:00</time>
        <extensions>
          <gpxtpx:TrackPointExtension>
            <gpxtpx:hr>140</gpxtpx:hr>
            <gpxtpx:cad>84</gpxtpx:cad>
          </gpxtpx:TrackPointExtension>
        </extensions>
      </trkpt>
      <trkpt lat="31.1275599897" lon="121.398693267">
        <ele>5.8</ele>
        <time>2026-09-09T23:16:36+08:00</time>
        <extensions>
          <gpxtpx:TrackPointExtension>
            <gpxtpx:hr>140</gpxtpx:hr>
            <gpxtpx:cad>84</gpxtpx:cad>
          </gpxtpx:TrackPointExtension>
        </extensions>
      </trkpt>
      <trkpt lat="31.1275666952" lon="121.398668289">
        <ele>5.8</ele>
        <time>2026-09-09T23:16:37+08:00</time>
        <extensions>
          <gpxtpx:TrackPointExtension>
            <gpxtpx:hr>140</gpxtpx:hr>
            <gpxtpx:cad>84</gpxtpx:cad>
          </gpxtpx:TrackPointExtension>
        </extensions>
      </trkpt>
      <trkpt lat="31.1275717244" lon="121.398644987">
        <ele>5.8</ele>
        <time>2026-09-09T23:16:38+08:00</time>
        <extensions>
          <gpxtpx:TrackPointExtension>
            <gpxtpx:hr>139</gpxtpx:hr>
            <gpxtpx:cad>84</gpxtpx:cad>
          </gpxtpx:TrackPointExtension>
        </extensions>
      </trkpt>
      <trkpt lat="31.1275749933" lon="121.398620009">
        <ele>5.8</ele>
        <time>2026-09-09T23:16:39+08:00</time>
        <extensions>
          <gpxtpx:TrackPointExtension>
            <gpxtpx:hr>139</gpxtpx:hr>
            <gpxtpx:cad>84</gpxtpx:cad>
          </gpxtpx:TrackPointExtension>
        </extensions>
      </trkpt>
      <trkpt lat="31.1275782622" lon="121.398595031">
        <ele>5.8</ele>
        <time>2026-09-09T23:16:40+08:00</time>
        <extensions>
          <gpxtpx:TrackPointExtension>
            <gpxtpx:hr>139</gpxtpx:hr>
            <gpxtpx:cad>84</gpxtpx:cad>
          </gpxtpx:TrackPointExtension>
        </extensions>
      </trkpt>
      <trkpt lat="31.1275832914" lon="121.398573322">
        <ele>5.8</ele>
        <time>2026-09-09T23:16:41+08:00</time>
        <extensions>
          <gpxtpx:TrackPointExtension>
            <gpxtpx:hr>139</gpxtpx:hr>
            <gpxtpx:cad>84</gpxtpx:cad>
          </gpxtpx:TrackPointExtension>
        </extensions>
      </trkpt>
      <trkpt lat="31.1275899969" lon="121.398551697">
        <ele>6.0</ele>
        <time>2026-09-09T23:16:42+08:00</time>
        <extensions>
          <gpxtpx:TrackPointExtension>
            <gpxtpx:hr>139</gpxtpx:hr>
            <gpxtpx:cad>84</gpxtpx:cad>
          </gpxtpx:TrackPointExtension>
        </extensions>
      </trkpt>
      <trkpt lat="31.127595026" lon="121.398528311">
        <ele>6.0</ele>
        <time>2026-09-09T23:16:43+08:00</time>
        <extensions>
          <gpxtpx:TrackPointExtension>
            <gpxtpx:hr>140</gpxtpx:hr>
            <gpxtpx:cad>84</gpxtpx:cad>
          </gpxtpx:TrackPointExtension>
        </extensions>
      </trkpt>
      <trkpt lat="31.1276017316" lon="121.398506686">
        <ele>6.0</ele>
        <time>2026-09-09T23:16:44+08:00</time>
        <extensions>
          <gpxtpx:TrackPointExtension>
            <gpxtpx:hr>140</gpxtpx:hr>
            <gpxtpx:cad>84</gpxtpx:cad>
          </gpxtpx:TrackPointExtension>
        </extensions>
      </trkpt>
      <trkpt lat="31.1276066769" lon="121.398484977">
        <ele>6.0</ele>
        <time>2026-09-09T23:16:45+08:00</time>
        <extensions>
          <gpxtpx:TrackPointExtension>
            <gpxtpx:hr>141</gpxtpx:hr>
            <gpxtpx:cad>84</gpxtpx:cad>
          </gpxtpx:TrackPointExtension>
        </extensions>
      </trkpt>
      <trkpt lat="31.127611706" lon="121.398461675">
        <ele>6.0</ele>
        <time>2026-09-09T23:16:46+08:00</time>
        <extensions>
          <gpxtpx:TrackPointExtension>
            <gpxtpx:hr>140</gpxtpx:hr>
            <gpxtpx:cad>84</gpxtpx:cad>
          </gpxtpx:TrackPointExtension>
        </extensions>
      </trkpt>
      <trkpt lat="31.1276250333" lon="121.398416664">
        <ele>5.8</ele>
        <time>2026-09-09T23:16:48+08:00</time>
        <extensions>
          <gpxtpx:TrackPointExtension>
            <gpxtpx:hr>143</gpxtpx:hr>
            <gpxtpx:cad>84</gpxtpx:cad>
          </gpxtpx:TrackPointExtension>
        </extensions>
      </trkpt>
      <trkpt lat="31.1276283022" lon="121.398393279">
        <ele>5.8</ele>
        <time>2026-09-09T23:16:49+08:00</time>
        <extensions>
          <gpxtpx:TrackPointExtension>
            <gpxtpx:hr>142</gpxtpx:hr>
            <gpxtpx:cad>84</gpxtpx:cad>
          </gpxtpx:TrackPointExtension>
        </extensions>
      </trkpt>
      <trkpt lat="31.1276299786" lon="121.39837333">
        <ele>5.8</ele>
        <time>2026-09-09T23:16:50+08:00</time>
        <extensions>
          <gpxtpx:TrackPointExtension>
            <gpxtpx:hr>143</gpxtpx:hr>
            <gpxtpx:cad>84</gpxtpx:cad>
          </gpxtpx:TrackPointExtension>
        </extensions>
      </trkpt>
      <trkpt lat="31.1276366841" lon="121.398350028">
        <ele>5.8</ele>
        <time>2026-09-09T23:16:51+08:00</time>
        <extensions>
          <gpxtpx:TrackPointExtension>
            <gpxtpx:hr>143</gpxtpx:hr>
            <gpxtpx:cad>84</gpxtpx:cad>
          </gpxtpx:TrackPointExtension>
        </extensions>
      </trkpt>
      <trkpt lat="31.1276433058" lon="121.398324966">
        <ele>5.8</ele>
        <time>2026-09-09T23:16:52+08:00</time>
        <extensions>
          <gpxtpx:TrackPointExtension>
            <gpxtpx:hr>143</gpxtpx:hr>
            <gpxtpx:cad>84</gpxtpx:cad>
          </gpxtpx:TrackPointExtension>
        </extensions>
      </trkpt>
      <trkpt lat="31.127648335" lon="121.398301665">
        <ele>5.8</ele>
        <time>2026-09-09T23:16:53+08:00</time>
        <extensions>
          <gpxtpx:TrackPointExtension>
            <gpxtpx:hr>142</gpxtpx:hr>
            <gpxtpx:cad>84</gpxtpx:cad>
          </gpxtpx:TrackPointExtension>
        </extensions>
      </trkpt>
      <trkpt lat="31.1276550405" lon="121.398278279">
        <ele>5.8</ele>
        <time>2026-09-09T23:16:54+08:00</time>
        <extensions>
          <gpxtpx:TrackPointExtension>
            <gpxtpx:hr>142</gpxtpx:hr>
            <gpxtpx:cad>84</gpxtpx:cad>
          </gpxtpx:TrackPointExtension>
        </extensions>
      </trkpt>
      <trkpt lat="31.1276633386" lon="121.398256738">
        <ele>5.8</ele>
        <time>2026-09-09T23:16:55+08:00</time>
        <extensions>
          <gpxtpx:TrackPointExtension>
            <gpxtpx:hr>142</gpxtpx:hr>
            <gpxtpx:cad>84</gpxtpx:cad>
          </gpxtpx:TrackPointExtension>
        </extensions>
      </trkpt>
      <trkpt lat="31.1276699603" lon="121.398233268">
        <ele>5.8</ele>
        <time>2026-09-09T23:16:56+08:00</time>
        <extensions>
          <gpxtpx:TrackPointExtension>
            <gpxtpx:hr>143</gpxtpx:hr>
            <gpxtpx:cad>84</gpxtpx:cad>
          </gpxtpx:TrackPointExtension>
        </extensions>
      </trkpt>
      <trkpt lat="31.1276766658" lon="121.398209967">
        <ele>5.8</ele>
        <time>2026-09-09T23:16:57+08:00</time>
        <extensions>
          <gpxtpx:TrackPointExtension>
            <gpxtpx:hr>143</gpxtpx:hr>
            <gpxtpx:cad>84</gpxtpx:cad>
          </gpxtpx:TrackPointExtension>
        </extensions>
      </trkpt>
      <trkpt lat="31.1276816949" lon="121.398188341">
        <ele>5.8</ele>
        <time>2026-09-09T23:16:58+08:00</time>
        <extensions>
          <gpxtpx:TrackPointExtension>
            <gpxtpx:hr>143</gpxtpx:hr>
            <gpxtpx:cad>84</gpxtpx:cad>
          </gpxtpx:TrackPointExtension>
        </extensions>
      </trkpt>
      <trkpt lat="31.1276883166" lon="121.398166716">
        <ele>5.8</ele>
        <time>2026-09-09T23:16:59+08:00</time>
        <extensions>
          <gpxtpx:TrackPointExtension>
            <gpxtpx:hr>142</gpxtpx:hr>
            <gpxtpx:cad>84</gpxtpx:cad>
          </gpxtpx:TrackPointExtension>
        </extensions>
      </trkpt>
      <trkpt lat="31.127693262" lon="121.398145007">
        <ele>5.8</ele>
        <time>2026-09-09T23:17:00+08:00</time>
        <extensions>
          <gpxtpx:TrackPointExtension>
            <gpxtpx:hr>143</gpxtpx:hr>
            <gpxtpx:cad>84</gpxtpx:cad>
          </gpxtpx:TrackPointExtension>
        </extensions>
      </trkpt>
      <trkpt lat="31.1276999675" lon="121.398121705">
        <ele>5.8</ele>
        <time>2026-09-09T23:17:01+08:00</time>
        <extensions>
          <gpxtpx:TrackPointExtension>
            <gpxtpx:hr>143</gpxtpx:hr>
            <gpxtpx:cad>84</gpxtpx:cad>
          </gpxtpx:TrackPointExtension>
        </extensions>
      </trkpt>
      <trkpt lat="31.1277082656" lon="121.398099996">
        <ele>5.6</ele>
        <time>2026-09-09T23:17:02+08:00</time>
        <extensions>
          <gpxtpx:TrackPointExtension>
            <gpxtpx:hr>143</gpxtpx:hr>
            <gpxtpx:cad>84</gpxtpx:cad>
          </gpxtpx:TrackPointExtension>
        </extensions>
      </trkpt>
      <trkpt lat="31.1277149711" lon="121.398078287">
        <ele>5.6</ele>
        <time>2026-09-09T23:17:03+08:00</time>
        <extensions>
          <gpxtpx:TrackPointExtension>
            <gpxtpx:hr>143</gpxtpx:hr>
            <gpxtpx:cad>84</gpxtpx:cad>
          </gpxtpx:TrackPointExtension>
        </extensions>
      </trkpt>
      <trkpt lat="31.1277216766" lon="121.398053309">
        <ele>5.6</ele>
        <time>2026-09-09T23:17:04+08:00</time>
        <extensions>
          <gpxtpx:TrackPointExtension>
            <gpxtpx:hr>143</gpxtpx:hr>
            <gpxtpx:cad>84</gpxtpx:cad>
          </gpxtpx:TrackPointExtension>
        </extensions>
      </trkpt>
      <trkpt lat="31.1277267057" lon="121.398030007">
        <ele>5.6</ele>
        <time>2026-09-09T23:17:05+08:00</time>
        <extensions>
          <gpxtpx:TrackPointExtension>
            <gpxtpx:hr>143</gpxtpx:hr>
            <gpxtpx:cad>84</gpxtpx:cad>
          </gpxtpx:TrackPointExtension>
        </extensions>
      </trkpt>
      <trkpt lat="31.1277317349" lon="121.398008298">
        <ele>5.6</ele>
        <time>2026-09-09T23:17:06+08:00</time>
        <extensions>
          <gpxtpx:TrackPointExtension>
            <gpxtpx:hr>143</gpxtpx:hr>
            <gpxtpx:cad>84</gpxtpx:cad>
          </gpxtpx:TrackPointExtension>
        </extensions>
      </trkpt>
      <trkpt lat="31.127740033" lon="121.397984996">
        <ele>5.4</ele>
        <time>2026-09-09T23:17:07+08:00</time>
        <extensions>
          <gpxtpx:TrackPointExtension>
            <gpxtpx:hr>143</gpxtpx:hr>
            <gpxtpx:cad>84</gpxtpx:cad>
          </gpxtpx:TrackPointExtension>
        </extensions>
      </trkpt>
      <trkpt lat="31.1277433019" lon="121.397961695">
        <ele>5.4</ele>
        <time>2026-09-09T23:17:08+08:00</time>
        <extensions>
          <gpxtpx:TrackPointExtension>
            <gpxtpx:hr>143</gpxtpx:hr>
            <gpxtpx:cad>84</gpxtpx:cad>
          </gpxtpx:TrackPointExtension>
        </extensions>
      </trkpt>
      <trkpt lat="31.1277500074" lon="121.397938309">
        <ele>5.4</ele>
        <time>2026-09-09T23:17:09+08:00</time>
        <extensions>
          <gpxtpx:TrackPointExtension>
            <gpxtpx:hr>143</gpxtpx:hr>
            <gpxtpx:cad>84</gpxtpx:cad>
          </gpxtpx:TrackPointExtension>
        </extensions>
      </trkpt>
      <trkpt lat="31.1277550366" lon="121.397916684">
        <ele>5.4</ele>
        <time>2026-09-09T23:17:10+08:00</time>
        <extensions>
          <gpxtpx:TrackPointExtension>
            <gpxtpx:hr>143</gpxtpx:hr>
            <gpxtpx:cad>84</gpxtpx:cad>
          </gpxtpx:TrackPointExtension>
        </extensions>
      </trkpt>
      <trkpt lat="31.1277666874" lon="121.397871673">
        <ele>5.4</ele>
        <time>2026-09-09T23:17:12+08:00</time>
        <extensions>
          <gpxtpx:TrackPointExtension>
            <gpxtpx:hr>142</gpxtpx:hr>
            <gpxtpx:cad>84</gpxtpx:cad>
          </gpxtpx:TrackPointExtension>
        </extensions>
      </trkpt>
      <trkpt lat="31.1277717166" lon="121.397848288">
        <ele>5.4</ele>
        <time>2026-09-09T23:17:13+08:00</time>
        <extensions>
          <gpxtpx:TrackPointExtension>
            <gpxtpx:hr>142</gpxtpx:hr>
            <gpxtpx:cad>84</gpxtpx:cad>
          </gpxtpx:TrackPointExtension>
        </extensions>
      </trkpt>
      <trkpt lat="31.1277800146" lon="121.397824986">
        <ele>5.6</ele>
        <time>2026-09-09T23:17:14+08:00</time>
        <extensions>
          <gpxtpx:TrackPointExtension>
            <gpxtpx:hr>141</gpxtpx:hr>
            <gpxtpx:cad>84</gpxtpx:cad>
          </gpxtpx:TrackPointExtension>
        </extensions>
      </trkpt>
      <trkpt lat="31.1277883127" lon="121.397801684">
        <ele>5.6</ele>
        <time>2026-09-09T23:17:15+08:00</time>
        <extensions>
          <gpxtpx:TrackPointExtension>
            <gpxtpx:hr>142</gpxtpx:hr>
            <gpxtpx:cad>84</gpxtpx:cad>
          </gpxtpx:TrackPointExtension>
        </extensions>
      </trkpt>
      <trkpt lat="31.1277916655" lon="121.397779975">
        <ele>5.6</ele>
        <time>2026-09-09T23:17:16+08:00</time>
        <extensions>
          <gpxtpx:TrackPointExtension>
            <gpxtpx:hr>142</gpxtpx:hr>
            <gpxtpx:cad>84</gpxtpx:cad>
          </gpxtpx:TrackPointExtension>
        </extensions>
      </trkpt>
      <trkpt lat="31.1277999636" lon="121.397756673">
        <ele>5.6</ele>
        <time>2026-09-09T23:17:17+08:00</time>
        <extensions>
          <gpxtpx:TrackPointExtension>
            <gpxtpx:hr>142</gpxtpx:hr>
            <gpxtpx:cad>84</gpxtpx:cad>
          </gpxtpx:TrackPointExtension>
        </extensions>
      </trkpt>
      <trkpt lat="31.1278066691" lon="121.397733288">
        <ele>5.4</ele>
        <time>2026-09-09T23:17:18+08:00</time>
        <extensions>
          <gpxtpx:TrackPointExtension>
            <gpxtpx:hr>141</gpxtpx:hr>
            <gpxtpx:cad>83</gpxtpx:cad>
          </gpxtpx:TrackPointExtension>
        </extensions>
      </trkpt>
      <trkpt lat="31.1278149672" lon="121.397709986">
        <ele>5.6</ele>
        <time>2026-09-09T23:17:19+08:00</time>
        <extensions>
          <gpxtpx:TrackPointExtension>
            <gpxtpx:hr>141</gpxtpx:hr>
            <gpxtpx:cad>83</gpxtpx:cad>
          </gpxtpx:TrackPointExtension>
        </extensions>
      </trkpt>
      <trkpt lat="31.1278216727" lon="121.397688277">
        <ele>5.6</ele>
        <time>2026-09-09T23:17:20+08:00</time>
        <extensions>
          <gpxtpx:TrackPointExtension>
            <gpxtpx:hr>141</gpxtpx:hr>
            <gpxtpx:cad>83</gpxtpx:cad>
          </gpxtpx:TrackPointExtension>
        </extensions>
      </trkpt>
      <trkpt lat="31.1278282944" lon="121.397668328">
        <ele>5.6</ele>
        <time>2026-09-09T23:17:21+08:00</time>
        <extensions>
          <gpxtpx:TrackPointExtension>
            <gpxtpx:hr>141</gpxtpx:hr>
            <gpxtpx:cad>83</gpxtpx:cad>
          </gpxtpx:TrackPointExtension>
        </extensions>
      </trkpt>
      <trkpt lat="31.1278366763" lon="121.397648295">
        <ele>5.6</ele>
        <time>2026-09-09T23:17:22+08:00</time>
        <extensions>
          <gpxtpx:TrackPointExtension>
            <gpxtpx:hr>140</gpxtpx:hr>
            <gpxtpx:cad>83</gpxtpx:cad>
          </gpxtpx:TrackPointExtension>
        </extensions>
      </trkpt>
      <trkpt lat="31.127843298" lon="121.397630023">
        <ele>5.6</ele>
        <time>2026-09-09T23:17:23+08:00</time>
        <extensions>
          <gpxtpx:TrackPointExtension>
            <gpxtpx:hr>140</gpxtpx:hr>
            <gpxtpx:cad>83</gpxtpx:cad>
          </gpxtpx:TrackPointExtension>
        </extensions>
      </trkpt>
      <trkpt lat="31.1278516799" lon="121.397608314">
        <ele>5.6</ele>
        <time>2026-09-09T23:17:24+08:00</time>
        <extensions>
          <gpxtpx:TrackPointExtension>
            <gpxtpx:hr>140</gpxtpx:hr>
            <gpxtpx:cad>83</gpxtpx:cad>
          </gpxtpx:TrackPointExtension>
        </extensions>
      </trkpt>
      <trkpt lat="31.1278583016" lon="121.397586688">
        <ele>5.8</ele>
        <time>2026-09-09T23:17:25+08:00</time>
        <extensions>
          <gpxtpx:TrackPointExtension>
            <gpxtpx:hr>139</gpxtpx:hr>
            <gpxtpx:cad>83</gpxtpx:cad>
          </gpxtpx:TrackPointExtension>
        </extensions>
      </trkpt>
      <trkpt lat="31.1278650071" lon="121.397564979">
        <ele>5.6</ele>
        <time>2026-09-09T23:17:26+08:00</time>
        <extensions>
          <gpxtpx:TrackPointExtension>
            <gpxtpx:hr>139</gpxtpx:hr>
            <gpxtpx:cad>83</gpxtpx:cad>
          </gpxtpx:TrackPointExtension>
        </extensions>
      </trkpt>
      <trkpt lat="31.1278717127" lon="121.397541678">
        <ele>5.6</ele>
        <time>2026-09-09T23:17:27+08:00</time>
        <extensions>
          <gpxtpx:TrackPointExtension>
            <gpxtpx:hr>139</gpxtpx:hr>
            <gpxtpx:cad>83</gpxtpx:cad>
          </gpxtpx:TrackPointExtension>
        </extensions>
      </trkpt>
      <trkpt lat="31.1278783344" lon="121.397519968">
        <ele>5.6</ele>
        <time>2026-09-09T23:17:28+08:00</time>
        <extensions>
          <gpxtpx:TrackPointExtension>
            <gpxtpx:hr>139</gpxtpx:hr>
            <gpxtpx:cad>83</gpxtpx:cad>
          </gpxtpx:TrackPointExtension>
        </extensions>
      </trkpt>
      <trkpt lat="31.1278850399" lon="121.397496667">
        <ele>5.6</ele>
        <time>2026-09-09T23:17:29+08:00</time>
        <extensions>
          <gpxtpx:TrackPointExtension>
            <gpxtpx:hr>138</gpxtpx:hr>
            <gpxtpx:cad>83</gpxtpx:cad>
          </gpxtpx:TrackPointExtension>
        </extensions>
      </trkpt>
      <trkpt lat="31.127893338" lon="121.397475041">
        <ele>5.6</ele>
        <time>2026-09-09T23:17:30+08:00</time>
        <extensions>
          <gpxtpx:TrackPointExtension>
            <gpxtpx:hr>138</gpxtpx:hr>
            <gpxtpx:cad>83</gpxtpx:cad>
          </gpxtpx:TrackPointExtension>
        </extensions>
      </trkpt>
      <trkpt lat="31.1278999597" lon="121.397458278">
        <ele>5.6</ele>
        <time>2026-09-09T23:17:31+08:00</time>
        <extensions>
          <gpxtpx:TrackPointExtension>
            <gpxtpx:hr>137</gpxtpx:hr>
            <gpxtpx:cad>83</gpxtpx:cad>
          </gpxtpx:TrackPointExtension>
        </extensions>
      </trkpt>
      <trkpt lat="31.1279066652" lon="121.397438329">
        <ele>5.6</ele>
        <time>2026-09-09T23:17:32+08:00</time>
        <extensions>
          <gpxtpx:TrackPointExtension>
            <gpxtpx:hr>138</gpxtpx:hr>
            <gpxtpx:cad>83</gpxtpx:cad>
          </gpxtpx:TrackPointExtension>
        </extensions>
      </trkpt>
      <trkpt lat="31.1279199924" lon="121.397393318">
        <ele>5.6</ele>
        <time>2026-09-09T23:17:34+08:00</time>
        <extensions>
          <gpxtpx:TrackPointExtension>
            <gpxtpx:hr>138</gpxtpx:hr>
            <gpxtpx:cad>83</gpxtpx:cad>
          </gpxtpx:TrackPointExtension>
        </extensions>
      </trkpt>
      <trkpt lat="31.127926698" lon="121.397370016">
        <ele>5.6</ele>
        <time>2026-09-09T23:17:35+08:00</time>
        <extensions>
          <gpxtpx:TrackPointExtension>
            <gpxtpx:hr>139</gpxtpx:hr>
            <gpxtpx:cad>83</gpxtpx:cad>
          </gpxtpx:TrackPointExtension>
        </extensions>
      </trkpt>
      <trkpt lat="31.127938265" lon="121.397325005">
        <ele>5.6</ele>
        <time>2026-09-09T23:17:37+08:00</time>
        <extensions>
          <gpxtpx:TrackPointExtension>
            <gpxtpx:hr>139</gpxtpx:hr>
            <gpxtpx:cad>82</gpxtpx:cad>
          </gpxtpx:TrackPointExtension>
        </extensions>
      </trkpt>
      <trkpt lat="31.1279550288" lon="121.397281671">
        <ele>5.6</ele>
        <time>2026-09-09T23:17:39+08:00</time>
        <extensions>
          <gpxtpx:TrackPointExtension>
            <gpxtpx:hr>139</gpxtpx:hr>
            <gpxtpx:cad>82</gpxtpx:cad>
          </gpxtpx:TrackPointExtension>
        </extensions>
      </trkpt>
      <trkpt lat="31.1279633269" lon="121.397258285">
        <ele>5.6</ele>
        <time>2026-09-09T23:17:40+08:00</time>
        <extensions>
          <gpxtpx:TrackPointExtension>
            <gpxtpx:hr>140</gpxtpx:hr>
            <gpxtpx:cad>82</gpxtpx:cad>
          </gpxtpx:TrackPointExtension>
        </extensions>
      </trkpt>
      <trkpt lat="31.1279749777" lon="121.39723666">
        <ele>5.4</ele>
        <time>2026-09-09T23:17:41+08:00</time>
        <extensions>
          <gpxtpx:TrackPointExtension>
            <gpxtpx:hr>141</gpxtpx:hr>
            <gpxtpx:cad>82</gpxtpx:cad>
          </gpxtpx:TrackPointExtension>
        </extensions>
      </trkpt>
      <trkpt lat="31.1279867124" lon="121.397215035">
        <ele>5.4</ele>
        <time>2026-09-09T23:17:42+08:00</time>
        <extensions>
          <gpxtpx:TrackPointExtension>
            <gpxtpx:hr>142</gpxtpx:hr>
            <gpxtpx:cad>82</gpxtpx:cad>
          </gpxtpx:TrackPointExtension>
        </extensions>
      </trkpt>
      <trkpt lat="31.1279966868" lon="121.397193326">
        <ele>5.4</ele>
        <time>2026-09-09T23:17:43+08:00</time>
        <extensions>
          <gpxtpx:TrackPointExtension>
            <gpxtpx:hr>142</gpxtpx:hr>
            <gpxtpx:cad>81</gpxtpx:cad>
          </gpxtpx:TrackPointExtension>
        </extensions>
      </trkpt>
      <trkpt lat="31.1280066613" lon="121.397170024">
        <ele>5.6</ele>
        <time>2026-09-09T23:17:44+08:00</time>
        <extensions>
          <gpxtpx:TrackPointExtension>
            <gpxtpx:hr>142</gpxtpx:hr>
            <gpxtpx:cad>81</gpxtpx:cad>
          </gpxtpx:TrackPointExtension>
        </extensions>
      </trkpt>
      <trkpt lat="31.1280149594" lon="121.397148315">
        <ele>5.6</ele>
        <time>2026-09-09T23:17:45+08:00</time>
        <extensions>
          <gpxtpx:TrackPointExtension>
            <gpxtpx:hr>143</gpxtpx:hr>
            <gpxtpx:cad>81</gpxtpx:cad>
          </gpxtpx:TrackPointExtension>
        </extensions>
      </trkpt>
      <trkpt lat="31.1280233413" lon="121.397128282">
        <ele>5.8</ele>
        <time>2026-09-09T23:17:46+08:00</time>
        <extensions>
          <gpxtpx:TrackPointExtension>
            <gpxtpx:hr>143</gpxtpx:hr>
            <gpxtpx:cad>81</gpxtpx:cad>
          </gpxtpx:TrackPointExtension>
        </extensions>
      </trkpt>
      <trkpt lat="31.1280317232" lon="121.39710498">
        <ele>5.8</ele>
        <time>2026-09-09T23:17:47+08:00</time>
        <extensions>
          <gpxtpx:TrackPointExtension>
            <gpxtpx:hr>143</gpxtpx:hr>
            <gpxtpx:cad>81</gpxtpx:cad>
          </gpxtpx:TrackPointExtension>
        </extensions>
      </trkpt>
      <trkpt lat="31.1280382611" lon="121.397086708">
        <ele>6.0</ele>
        <time>2026-09-09T23:17:48+08:00</time>
        <extensions>
          <gpxtpx:TrackPointExtension>
            <gpxtpx:hr>143</gpxtpx:hr>
            <gpxtpx:cad>81</gpxtpx:cad>
          </gpxtpx:TrackPointExtension>
        </extensions>
      </trkpt>
      <trkpt lat="31.1280467268" lon="121.397070028">
        <ele>6.0</ele>
        <time>2026-09-09T23:17:49+08:00</time>
        <extensions>
          <gpxtpx:TrackPointExtension>
            <gpxtpx:hr>143</gpxtpx:hr>
            <gpxtpx:cad>81</gpxtpx:cad>
          </gpxtpx:TrackPointExtension>
        </extensions>
      </trkpt>
      <trkpt lat="31.1280582938" lon="121.397051672">
        <ele>6.0</ele>
        <time>2026-09-09T23:17:50+08:00</time>
        <extensions>
          <gpxtpx:TrackPointExtension>
            <gpxtpx:hr>142</gpxtpx:hr>
            <gpxtpx:cad>81</gpxtpx:cad>
          </gpxtpx:TrackPointExtension>
        </extensions>
      </trkpt>
      <trkpt lat="31.1280732974" lon="121.397013282">
        <ele>6.0</ele>
        <time>2026-09-09T23:17:52+08:00</time>
        <extensions>
          <gpxtpx:TrackPointExtension>
            <gpxtpx:hr>143</gpxtpx:hr>
            <gpxtpx:cad>81</gpxtpx:cad>
          </gpxtpx:TrackPointExtension>
        </extensions>
      </trkpt>
      <trkpt lat="31.1280816793" lon="121.396989981">
        <ele>6.0</ele>
        <time>2026-09-09T23:17:53+08:00</time>
        <extensions>
          <gpxtpx:TrackPointExtension>
            <gpxtpx:hr>143</gpxtpx:hr>
            <gpxtpx:cad>81</gpxtpx:cad>
          </gpxtpx:TrackPointExtension>
        </extensions>
      </trkpt>
      <trkpt lat="31.128088301" lon="121.396970032">
        <ele>6.0</ele>
        <time>2026-09-09T23:17:54+08:00</time>
        <extensions>
          <gpxtpx:TrackPointExtension>
            <gpxtpx:hr>143</gpxtpx:hr>
            <gpxtpx:cad>81</gpxtpx:cad>
          </gpxtpx:TrackPointExtension>
        </extensions>
      </trkpt>
      <trkpt lat="31.128096683" lon="121.396949999">
        <ele>6.0</ele>
        <time>2026-09-09T23:17:55+08:00</time>
        <extensions>
          <gpxtpx:TrackPointExtension>
            <gpxtpx:hr>143</gpxtpx:hr>
            <gpxtpx:cad>81</gpxtpx:cad>
          </gpxtpx:TrackPointExtension>
        </extensions>
      </trkpt>
      <trkpt lat="31.1281199846" lon="121.396913286">
        <ele>6.0</ele>
        <time>2026-09-09T23:17:57+08:00</time>
        <extensions>
          <gpxtpx:TrackPointExtension>
            <gpxtpx:hr>144</gpxtpx:hr>
            <gpxtpx:cad>81</gpxtpx:cad>
          </gpxtpx:TrackPointExtension>
        </extensions>
      </trkpt>
      <trkpt lat="31.1281317193" lon="121.396895014">
        <ele>6.0</ele>
        <time>2026-09-09T23:17:58+08:00</time>
        <extensions>
          <gpxtpx:TrackPointExtension>
            <gpxtpx:hr>144</gpxtpx:hr>
            <gpxtpx:cad>81</gpxtpx:cad>
          </gpxtpx:TrackPointExtension>
        </extensions>
      </trkpt>
      <trkpt lat="31.1281416938" lon="121.396874981">
        <ele>6.0</ele>
        <time>2026-09-09T23:17:59+08:00</time>
        <extensions>
          <gpxtpx:TrackPointExtension>
            <gpxtpx:hr>144</gpxtpx:hr>
            <gpxtpx:cad>81</gpxtpx:cad>
          </gpxtpx:TrackPointExtension>
        </extensions>
      </trkpt>
      <trkpt lat="31.128155021" lon="121.396858301">
        <ele>6.0</ele>
        <time>2026-09-09T23:18:00+08:00</time>
        <extensions>
          <gpxtpx:TrackPointExtension>
            <gpxtpx:hr>144</gpxtpx:hr>
            <gpxtpx:cad>81</gpxtpx:cad>
          </gpxtpx:TrackPointExtension>
        </extensions>
      </trkpt>
      <trkpt lat="31.1281666718" lon="121.396843297">
        <ele>6.0</ele>
        <time>2026-09-09T23:18:01+08:00</time>
        <extensions>
          <gpxtpx:TrackPointExtension>
            <gpxtpx:hr>145</gpxtpx:hr>
            <gpxtpx:cad>81</gpxtpx:cad>
          </gpxtpx:TrackPointExtension>
        </extensions>
      </trkpt>
      <trkpt lat="31.1281767301" lon="121.396828294">
        <ele>6.0</ele>
        <time>2026-09-09T23:18:02+08:00</time>
        <extensions>
          <gpxtpx:TrackPointExtension>
            <gpxtpx:hr>144</gpxtpx:hr>
            <gpxtpx:cad>81</gpxtpx:cad>
          </gpxtpx:TrackPointExtension>
        </extensions>
      </trkpt>
      <trkpt lat="31.1282049771" lon="121.396795018">
        <ele>6.2</ele>
        <time>2026-09-09T23:18:04+08:00</time>
        <extensions>
          <gpxtpx:TrackPointExtension>
            <gpxtpx:hr>145</gpxtpx:hr>
            <gpxtpx:cad>81</gpxtpx:cad>
          </gpxtpx:TrackPointExtension>
        </extensions>
      </trkpt>
      <trkpt lat="31.1282183044" lon="121.396778338">
        <ele>6.2</ele>
        <time>2026-09-09T23:18:05+08:00</time>
        <extensions>
          <gpxtpx:TrackPointExtension>
            <gpxtpx:hr>145</gpxtpx:hr>
            <gpxtpx:cad>81</gpxtpx:cad>
          </gpxtpx:TrackPointExtension>
        </extensions>
      </trkpt>
      <trkpt lat="31.128230039" lon="121.396761741">
        <ele>6.2</ele>
        <time>2026-09-09T23:18:06+08:00</time>
        <extensions>
          <gpxtpx:TrackPointExtension>
            <gpxtpx:hr>145</gpxtpx:hr>
            <gpxtpx:cad>81</gpxtpx:cad>
          </gpxtpx:TrackPointExtension>
        </extensions>
      </trkpt>
      <trkpt lat="31.1282400135" lon="121.396743301">
        <ele>6.2</ele>
        <time>2026-09-09T23:18:07+08:00</time>
        <extensions>
          <gpxtpx:TrackPointExtension>
            <gpxtpx:hr>145</gpxtpx:hr>
            <gpxtpx:cad>81</gpxtpx:cad>
          </gpxtpx:TrackPointExtension>
        </extensions>
      </trkpt>
      <trkpt lat="31.1282566935" lon="121.39670332">
        <ele>6.2</ele>
        <time>2026-09-09T23:18:09+08:00</time>
        <extensions>
          <gpxtpx:TrackPointExtension>
            <gpxtpx:hr>145</gpxtpx:hr>
            <gpxtpx:cad>81</gpxtpx:cad>
          </gpxtpx:TrackPointExtension>
        </extensions>
      </trkpt>
      <trkpt lat="31.1282617226" lon="121.396684963">
        <ele>6.2</ele>
        <time>2026-09-09T23:18:10+08:00</time>
        <extensions>
          <gpxtpx:TrackPointExtension>
            <gpxtpx:hr>146</gpxtpx:hr>
            <gpxtpx:cad>81</gpxtpx:cad>
          </gpxtpx:TrackPointExtension>
        </extensions>
      </trkpt>
      <trkpt lat="31.1282666679" lon="121.396663338">
        <ele>6.2</ele>
        <time>2026-09-09T23:18:11+08:00</time>
        <extensions>
          <gpxtpx:TrackPointExtension>
            <gpxtpx:hr>146</gpxtpx:hr>
            <gpxtpx:cad>81</gpxtpx:cad>
          </gpxtpx:TrackPointExtension>
        </extensions>
      </trkpt>
      <trkpt lat="31.1282732897" lon="121.396641713">
        <ele>6.2</ele>
        <time>2026-09-09T23:18:12+08:00</time>
        <extensions>
          <gpxtpx:TrackPointExtension>
            <gpxtpx:hr>146</gpxtpx:hr>
            <gpxtpx:cad>81</gpxtpx:cad>
          </gpxtpx:TrackPointExtension>
        </extensions>
      </trkpt>
      <trkpt lat="31.1282783188" lon="121.396620004">
        <ele>6.2</ele>
        <time>2026-09-09T23:18:13+08:00</time>
        <extensions>
          <gpxtpx:TrackPointExtension>
            <gpxtpx:hr>146</gpxtpx:hr>
            <gpxtpx:cad>81</gpxtpx:cad>
          </gpxtpx:TrackPointExtension>
        </extensions>
      </trkpt>
      <trkpt lat="31.1282882933" lon="121.396573316">
        <ele>6.2</ele>
        <time>2026-09-09T23:18:15+08:00</time>
        <extensions>
          <gpxtpx:TrackPointExtension>
            <gpxtpx:hr>146</gpxtpx:hr>
            <gpxtpx:cad>81</gpxtpx:cad>
          </gpxtpx:TrackPointExtension>
        </extensions>
      </trkpt>
      <trkpt lat="31.1282933224" lon="121.396550015">
        <ele>6.2</ele>
        <time>2026-09-09T23:18:16+08:00</time>
        <extensions>
          <gpxtpx:TrackPointExtension>
            <gpxtpx:hr>146</gpxtpx:hr>
            <gpxtpx:cad>81</gpxtpx:cad>
          </gpxtpx:TrackPointExtension>
        </extensions>
      </trkpt>
      <trkpt lat="31.1282982677" lon="121.396533335">
        <ele>6.2</ele>
        <time>2026-09-09T23:18:17+08:00</time>
        <extensions>
          <gpxtpx:TrackPointExtension>
            <gpxtpx:hr>146</gpxtpx:hr>
            <gpxtpx:cad>81</gpxtpx:cad>
          </gpxtpx:TrackPointExtension>
        </extensions>
      </trkpt>
      <trkpt lat="31.1283049732" lon="121.396528305">
        <ele>6.2</ele>
        <time>2026-09-09T23:18:18+08:00</time>
        <extensions>
          <gpxtpx:TrackPointExtension>
            <gpxtpx:hr>145</gpxtpx:hr>
            <gpxtpx:cad>81</gpxtpx:cad>
          </gpxtpx:TrackPointExtension>
        </extensions>
      </trkpt>
      <trkpt lat="31.1283116788" lon="121.396528305">
        <ele>6.2</ele>
        <time>2026-09-09T23:18:21+08:00</time>
        <extensions>
          <gpxtpx:TrackPointExtension>
            <gpxtpx:hr>144</gpxtpx:hr>
            <gpxtpx:cad>82</gpxtpx:cad>
          </gpxtpx:TrackPointExtension>
        </extensions>
      </trkpt>
      <trkpt lat="31.1283483077" lon="121.396458317">
        <ele>5.8</ele>
        <time>2026-09-09T23:18:29+08:00</time>
        <extensions>
          <gpxtpx:TrackPointExtension>
            <gpxtpx:hr>141</gpxtpx:hr>
            <gpxtpx:cad>80</gpxtpx:cad>
          </gpxtpx:TrackPointExtension>
        </extensions>
      </trkpt>
      <trkpt lat="31.1284099985" lon="121.396351699">
        <ele>6.4</ele>
        <time>2026-09-09T23:18:34+08:00</time>
        <extensions>
          <gpxtpx:TrackPointExtension>
            <gpxtpx:hr>135</gpxtpx:hr>
            <gpxtpx:cad>80</gpxtpx:cad>
          </gpxtpx:TrackPointExtension>
        </extensions>
      </trkpt>
      <trkpt lat="31.1284266785" lon="121.396333259">
        <ele>6.4</ele>
        <time>2026-09-09T23:18:35+08:00</time>
        <extensions>
          <gpxtpx:TrackPointExtension>
            <gpxtpx:hr>135</gpxtpx:hr>
            <gpxtpx:cad>82</gpxtpx:cad>
          </gpxtpx:TrackPointExtension>
        </extensions>
      </trkpt>
      <trkpt lat="31.1284450348" lon="121.396314986">
        <ele>6.4</ele>
        <time>2026-09-09T23:18:36+08:00</time>
        <extensions>
          <gpxtpx:TrackPointExtension>
            <gpxtpx:hr>134</gpxtpx:hr>
            <gpxtpx:cad>82</gpxtpx:cad>
          </gpxtpx:TrackPointExtension>
        </extensions>
      </trkpt>
      <trkpt lat="31.1284617148" lon="121.396293277">
        <ele>6.4</ele>
        <time>2026-09-09T23:18:37+08:00</time>
        <extensions>
          <gpxtpx:TrackPointExtension>
            <gpxtpx:hr>134</gpxtpx:hr>
            <gpxtpx:cad>82</gpxtpx:cad>
          </gpxtpx:TrackPointExtension>
        </extensions>
      </trkpt>
      <trkpt lat="31.1284767184" lon="121.396273328">
        <ele>6.4</ele>
        <time>2026-09-09T23:18:38+08:00</time>
        <extensions>
          <gpxtpx:TrackPointExtension>
            <gpxtpx:hr>134</gpxtpx:hr>
            <gpxtpx:cad>82</gpxtpx:cad>
          </gpxtpx:TrackPointExtension>
        </extensions>
      </trkpt>
      <trkpt lat="31.1284933146" lon="121.396254972">
        <ele>6.4</ele>
        <time>2026-09-09T23:18:39+08:00</time>
        <extensions>
          <gpxtpx:TrackPointExtension>
            <gpxtpx:hr>134</gpxtpx:hr>
            <gpxtpx:cad>82</gpxtpx:cad>
          </gpxtpx:TrackPointExtension>
        </extensions>
      </trkpt>
      <trkpt lat="31.128511671" lon="121.396238292">
        <ele>6.6</ele>
        <time>2026-09-09T23:18:40+08:00</time>
        <extensions>
          <gpxtpx:TrackPointExtension>
            <gpxtpx:hr>134</gpxtpx:hr>
            <gpxtpx:cad>82</gpxtpx:cad>
          </gpxtpx:TrackPointExtension>
        </extensions>
      </trkpt>
      <trkpt lat="31.1285282671" lon="121.396221695">
        <ele>6.6</ele>
        <time>2026-09-09T23:18:41+08:00</time>
        <extensions>
          <gpxtpx:TrackPointExtension>
            <gpxtpx:hr>135</gpxtpx:hr>
            <gpxtpx:cad>82</gpxtpx:cad>
          </gpxtpx:TrackPointExtension>
        </extensions>
      </trkpt>
      <trkpt lat="31.1285432708" lon="121.396203339">
        <ele>6.6</ele>
        <time>2026-09-09T23:18:42+08:00</time>
        <extensions>
          <gpxtpx:TrackPointExtension>
            <gpxtpx:hr>136</gpxtpx:hr>
            <gpxtpx:cad>82</gpxtpx:cad>
          </gpxtpx:TrackPointExtension>
        </extensions>
      </trkpt>
      <trkpt lat="31.1285566818" lon="121.396186659">
        <ele>6.4</ele>
        <time>2026-09-09T23:18:43+08:00</time>
        <extensions>
          <gpxtpx:TrackPointExtension>
            <gpxtpx:hr>136</gpxtpx:hr>
            <gpxtpx:cad>82</gpxtpx:cad>
          </gpxtpx:TrackPointExtension>
        </extensions>
      </trkpt>
      <trkpt lat="31.1285716854" lon="121.396169979">
        <ele>6.4</ele>
        <time>2026-09-09T23:18:44+08:00</time>
        <extensions>
          <gpxtpx:TrackPointExtension>
            <gpxtpx:hr>137</gpxtpx:hr>
            <gpxtpx:cad>82</gpxtpx:cad>
          </gpxtpx:TrackPointExtension>
        </extensions>
      </trkpt>
      <trkpt lat="31.128586689" lon="121.396153299">
        <ele>6.2</ele>
        <time>2026-09-09T23:18:45+08:00</time>
        <extensions>
          <gpxtpx:TrackPointExtension>
            <gpxtpx:hr>137</gpxtpx:hr>
            <gpxtpx:cad>82</gpxtpx:cad>
          </gpxtpx:TrackPointExtension>
        </extensions>
      </trkpt>
      <trkpt lat="31.1285983399" lon="121.396135027">
        <ele>6.2</ele>
        <time>2026-09-09T23:18:46+08:00</time>
        <extensions>
          <gpxtpx:TrackPointExtension>
            <gpxtpx:hr>139</gpxtpx:hr>
            <gpxtpx:cad>82</gpxtpx:cad>
          </gpxtpx:TrackPointExtension>
        </extensions>
      </trkpt>
      <trkpt lat="31.1286083143" lon="121.396118263">
        <ele>6.2</ele>
        <time>2026-09-09T23:18:47+08:00</time>
        <extensions>
          <gpxtpx:TrackPointExtension>
            <gpxtpx:hr>139</gpxtpx:hr>
            <gpxtpx:cad>82</gpxtpx:cad>
          </gpxtpx:TrackPointExtension>
        </extensions>
      </trkpt>
      <trkpt lat="31.1286150198" lon="121.396098314">
        <ele>6.2</ele>
        <time>2026-09-09T23:18:48+08:00</time>
        <extensions>
          <gpxtpx:TrackPointExtension>
            <gpxtpx:hr>140</gpxtpx:hr>
            <gpxtpx:cad>82</gpxtpx:cad>
          </gpxtpx:TrackPointExtension>
        </extensions>
      </trkpt>
      <trkpt lat="31.1286349688" lon="121.396054979">
        <ele>6.2</ele>
        <time>2026-09-09T23:18:50+08:00</time>
        <extensions>
          <gpxtpx:TrackPointExtension>
            <gpxtpx:hr>142</gpxtpx:hr>
            <gpxtpx:cad>82</gpxtpx:cad>
          </gpxtpx:TrackPointExtension>
        </extensions>
      </trkpt>
      <trkpt lat="31.1286416743" lon="121.39603503">
        <ele>6.2</ele>
        <time>2026-09-09T23:18:51+08:00</time>
        <extensions>
          <gpxtpx:TrackPointExtension>
            <gpxtpx:hr>142</gpxtpx:hr>
            <gpxtpx:cad>82</gpxtpx:cad>
          </gpxtpx:TrackPointExtension>
        </extensions>
      </trkpt>
      <trkpt lat="31.128648296" lon="121.396011729">
        <ele>6.2</ele>
        <time>2026-09-09T23:18:52+08:00</time>
        <extensions>
          <gpxtpx:TrackPointExtension>
            <gpxtpx:hr>142</gpxtpx:hr>
            <gpxtpx:cad>82</gpxtpx:cad>
          </gpxtpx:TrackPointExtension>
        </extensions>
      </trkpt>
      <trkpt lat="31.1286550015" lon="121.39599002">
        <ele>6.2</ele>
        <time>2026-09-09T23:18:53+08:00</time>
        <extensions>
          <gpxtpx:TrackPointExtension>
            <gpxtpx:hr>143</gpxtpx:hr>
            <gpxtpx:cad>82</gpxtpx:cad>
          </gpxtpx:TrackPointExtension>
        </extensions>
      </trkpt>
      <trkpt lat="31.1286732741" lon="121.395945009">
        <ele>6.4</ele>
        <time>2026-09-09T23:18:55+08:00</time>
        <extensions>
          <gpxtpx:TrackPointExtension>
            <gpxtpx:hr>143</gpxtpx:hr>
            <gpxtpx:cad>82</gpxtpx:cad>
          </gpxtpx:TrackPointExtension>
        </extensions>
      </trkpt>
      <trkpt lat="31.1286850087" lon="121.395921707">
        <ele>6.4</ele>
        <time>2026-09-09T23:18:56+08:00</time>
        <extensions>
          <gpxtpx:TrackPointExtension>
            <gpxtpx:hr>143</gpxtpx:hr>
            <gpxtpx:cad>82</gpxtpx:cad>
          </gpxtpx:TrackPointExtension>
        </extensions>
      </trkpt>
      <trkpt lat="31.1286949832" lon="121.395898322">
        <ele>6.2</ele>
        <time>2026-09-09T23:18:57+08:00</time>
        <extensions>
          <gpxtpx:TrackPointExtension>
            <gpxtpx:hr>143</gpxtpx:hr>
            <gpxtpx:cad>82</gpxtpx:cad>
          </gpxtpx:TrackPointExtension>
        </extensions>
      </trkpt>
      <trkpt lat="31.1287067179" lon="121.395876696">
        <ele>6.2</ele>
        <time>2026-09-09T23:18:58+08:00</time>
        <extensions>
          <gpxtpx:TrackPointExtension>
            <gpxtpx:hr>143</gpxtpx:hr>
            <gpxtpx:cad>82</gpxtpx:cad>
          </gpxtpx:TrackPointExtension>
        </extensions>
      </trkpt>
      <trkpt lat="31.1287266668" lon="121.395830009">
        <ele>6.2</ele>
        <time>2026-09-09T23:19:00+08:00</time>
        <extensions>
          <gpxtpx:TrackPointExtension>
            <gpxtpx:hr>142</gpxtpx:hr>
            <gpxtpx:cad>82</gpxtpx:cad>
          </gpxtpx:TrackPointExtension>
        </extensions>
      </trkpt>
      <trkpt lat="31.1287383176" lon="121.395806707">
        <ele>6.2</ele>
        <time>2026-09-09T23:19:01+08:00</time>
        <extensions>
          <gpxtpx:TrackPointExtension>
            <gpxtpx:hr>141</gpxtpx:hr>
            <gpxtpx:cad>82</gpxtpx:cad>
          </gpxtpx:TrackPointExtension>
        </extensions>
      </trkpt>
      <trkpt lat="31.1287482921" lon="121.395786675">
        <ele>6.2</ele>
        <time>2026-09-09T23:19:02+08:00</time>
        <extensions>
          <gpxtpx:TrackPointExtension>
            <gpxtpx:hr>140</gpxtpx:hr>
            <gpxtpx:cad>82</gpxtpx:cad>
          </gpxtpx:TrackPointExtension>
        </extensions>
      </trkpt>
      <trkpt lat="31.1287617031" lon="121.395764966">
        <ele>6.2</ele>
        <time>2026-09-09T23:19:03+08:00</time>
        <extensions>
          <gpxtpx:TrackPointExtension>
            <gpxtpx:hr>139</gpxtpx:hr>
            <gpxtpx:cad>82</gpxtpx:cad>
          </gpxtpx:TrackPointExtension>
        </extensions>
      </trkpt>
      <trkpt lat="31.1287732702" lon="121.395745017">
        <ele>6.2</ele>
        <time>2026-09-09T23:19:04+08:00</time>
        <extensions>
          <gpxtpx:TrackPointExtension>
            <gpxtpx:hr>139</gpxtpx:hr>
            <gpxtpx:cad>82</gpxtpx:cad>
          </gpxtpx:TrackPointExtension>
        </extensions>
      </trkpt>
      <trkpt lat="31.1287866812" lon="121.395724984">
        <ele>6.2</ele>
        <time>2026-09-09T23:19:05+08:00</time>
        <extensions>
          <gpxtpx:TrackPointExtension>
            <gpxtpx:hr>139</gpxtpx:hr>
            <gpxtpx:cad>82</gpxtpx:cad>
          </gpxtpx:TrackPointExtension>
        </extensions>
      </trkpt>
      <trkpt lat="31.1287983321" lon="121.395703275">
        <ele>6.2</ele>
        <time>2026-09-09T23:19:06+08:00</time>
        <extensions>
          <gpxtpx:TrackPointExtension>
            <gpxtpx:hr>139</gpxtpx:hr>
            <gpxtpx:cad>82</gpxtpx:cad>
          </gpxtpx:TrackPointExtension>
        </extensions>
      </trkpt>
      <trkpt lat="31.1288099829" lon="121.395683326">
        <ele>6.2</ele>
        <time>2026-09-09T23:19:07+08:00</time>
        <extensions>
          <gpxtpx:TrackPointExtension>
            <gpxtpx:hr>139</gpxtpx:hr>
            <gpxtpx:cad>82</gpxtpx:cad>
          </gpxtpx:TrackPointExtension>
        </extensions>
      </trkpt>
      <trkpt lat="31.128818281" lon="121.395664969">
        <ele>6.2</ele>
        <time>2026-09-09T23:19:08+08:00</time>
        <extensions>
          <gpxtpx:TrackPointExtension>
            <gpxtpx:hr>141</gpxtpx:hr>
            <gpxtpx:cad>82</gpxtpx:cad>
          </gpxtpx:TrackPointExtension>
        </extensions>
      </trkpt>
      <trkpt lat="31.128834961" lon="121.395646697">
        <ele>6.2</ele>
        <time>2026-09-09T23:19:09+08:00</time>
        <extensions>
          <gpxtpx:TrackPointExtension>
            <gpxtpx:hr>142</gpxtpx:hr>
            <gpxtpx:cad>82</gpxtpx:cad>
          </gpxtpx:TrackPointExtension>
        </extensions>
      </trkpt>
      <trkpt lat="31.1288466956" lon="121.395624988">
        <ele>6.2</ele>
        <time>2026-09-09T23:19:10+08:00</time>
        <extensions>
          <gpxtpx:TrackPointExtension>
            <gpxtpx:hr>142</gpxtpx:hr>
            <gpxtpx:cad>82</gpxtpx:cad>
          </gpxtpx:TrackPointExtension>
        </extensions>
      </trkpt>
      <trkpt lat="31.1288582627" lon="121.395603279">
        <ele>6.0</ele>
        <time>2026-09-09T23:19:11+08:00</time>
        <extensions>
          <gpxtpx:TrackPointExtension>
            <gpxtpx:hr>143</gpxtpx:hr>
            <gpxtpx:cad>82</gpxtpx:cad>
          </gpxtpx:TrackPointExtension>
        </extensions>
      </trkpt>
      <trkpt lat="31.1288699973" lon="121.395579977">
        <ele>6.0</ele>
        <time>2026-09-09T23:19:12+08:00</time>
        <extensions>
          <gpxtpx:TrackPointExtension>
            <gpxtpx:hr>143</gpxtpx:hr>
            <gpxtpx:cad>81</gpxtpx:cad>
          </gpxtpx:TrackPointExtension>
        </extensions>
      </trkpt>
      <trkpt lat="31.128881732" lon="121.395560028">
        <ele>6.0</ele>
        <time>2026-09-09T23:19:13+08:00</time>
        <extensions>
          <gpxtpx:TrackPointExtension>
            <gpxtpx:hr>144</gpxtpx:hr>
            <gpxtpx:cad>81</gpxtpx:cad>
          </gpxtpx:TrackPointExtension>
        </extensions>
      </trkpt>
      <trkpt lat="31.128893299" lon="121.395536726">
        <ele>6.0</ele>
        <time>2026-09-09T23:19:14+08:00</time>
        <extensions>
          <gpxtpx:TrackPointExtension>
            <gpxtpx:hr>144</gpxtpx:hr>
            <gpxtpx:cad>81</gpxtpx:cad>
          </gpxtpx:TrackPointExtension>
        </extensions>
      </trkpt>
      <trkpt lat="31.1289050337" lon="121.395516694">
        <ele>6.0</ele>
        <time>2026-09-09T23:19:15+08:00</time>
        <extensions>
          <gpxtpx:TrackPointExtension>
            <gpxtpx:hr>144</gpxtpx:hr>
            <gpxtpx:cad>81</gpxtpx:cad>
          </gpxtpx:TrackPointExtension>
        </extensions>
      </trkpt>
      <trkpt lat="31.1289117392" lon="121.395498337">
        <ele>6.0</ele>
        <time>2026-09-09T23:19:16+08:00</time>
        <extensions>
          <gpxtpx:TrackPointExtension>
            <gpxtpx:hr>0</gpxtpx:hr>
            <gpxtpx:cad>81</gpxtpx:cad>
          </gpxtpx:TrackPointExtension>
        </extensions>
      </trkpt>
      <trkpt lat="31.1289083026" lon="121.39548501">
        <ele>6.0</ele>
        <time>2026-09-09T23:19:17+08:00</time>
        <extensions>
          <gpxtpx:TrackPointExtension>
            <gpxtpx:hr>145</gpxtpx:hr>
            <gpxtpx:cad>81</gpxtpx:cad>
          </gpxtpx:TrackPointExtension>
        </extensions>
      </trkpt>
      <trkpt lat="31.1288850009" lon="121.395493308">
        <ele>6.0</ele>
        <time>2026-09-09T23:19:19+08:00</time>
        <extensions>
          <gpxtpx:TrackPointExtension>
            <gpxtpx:hr>145</gpxtpx:hr>
            <gpxtpx:cad>81</gpxtpx:cad>
          </gpxtpx:TrackPointExtension>
        </extensions>
      </trkpt>
      <trkpt lat="31.1288649682" lon="121.395528261">
        <ele>6.0</ele>
        <time>2026-09-09T23:19:21+08:00</time>
        <extensions>
          <gpxtpx:TrackPointExtension>
            <gpxtpx:hr>147</gpxtpx:hr>
            <gpxtpx:cad>81</gpxtpx:cad>
          </gpxtpx:TrackPointExtension>
        </extensions>
      </trkpt>
      <trkpt lat="31.1288517248" lon="121.395560028">
        <ele>6.0</ele>
        <time>2026-09-09T23:19:23+08:00</time>
        <extensions>
          <gpxtpx:TrackPointExtension>
            <gpxtpx:hr>146</gpxtpx:hr>
            <gpxtpx:cad>80</gpxtpx:cad>
          </gpxtpx:TrackPointExtension>
        </extensions>
      </trkpt>
      <trkpt lat="31.128831692" lon="121.395603279">
        <ele>6.2</ele>
        <time>2026-09-09T23:19:25+08:00</time>
        <extensions>
          <gpxtpx:TrackPointExtension>
            <gpxtpx:hr>146</gpxtpx:hr>
            <gpxtpx:cad>79</gpxtpx:cad>
          </gpxtpx:TrackPointExtension>
        </extensions>
      </trkpt>
      <trkpt lat="31.128818281" lon="121.395628341">
        <ele>6.2</ele>
        <time>2026-09-09T23:19:26+08:00</time>
        <extensions>
          <gpxtpx:TrackPointExtension>
            <gpxtpx:hr>146</gpxtpx:hr>
            <gpxtpx:cad>79</gpxtpx:cad>
          </gpxtpx:TrackPointExtension>
        </extensions>
      </trkpt>
      <trkpt lat="31.1287949793" lon="121.395671675">
        <ele>6.2</ele>
        <time>2026-09-09T23:19:28+08:00</time>
        <extensions>
          <gpxtpx:TrackPointExtension>
            <gpxtpx:hr>147</gpxtpx:hr>
            <gpxtpx:cad>79</gpxtpx:cad>
          </gpxtpx:TrackPointExtension>
        </extensions>
      </trkpt>
      <trkpt lat="31.1287750304" lon="121.395718278">
        <ele>6.0</ele>
        <time>2026-09-09T23:19:30+08:00</time>
        <extensions>
          <gpxtpx:TrackPointExtension>
            <gpxtpx:hr>147</gpxtpx:hr>
            <gpxtpx:cad>79</gpxtpx:cad>
          </gpxtpx:TrackPointExtension>
        </extensions>
      </trkpt>
      <trkpt lat="31.1287632957" lon="121.395731689">
        <ele>6.0</ele>
        <time>2026-09-09T23:19:31+08:00</time>
        <extensions>
          <gpxtpx:TrackPointExtension>
            <gpxtpx:hr>148</gpxtpx:hr>
            <gpxtpx:cad>79</gpxtpx:cad>
          </gpxtpx:TrackPointExtension>
        </extensions>
      </trkpt>
      <trkpt lat="31.1287517287" lon="121.395753315">
        <ele>6.0</ele>
        <time>2026-09-09T23:19:32+08:00</time>
        <extensions>
          <gpxtpx:TrackPointExtension>
            <gpxtpx:hr>148</gpxtpx:hr>
            <gpxtpx:cad>79</gpxtpx:cad>
          </gpxtpx:TrackPointExtension>
        </extensions>
      </trkpt>
      <trkpt lat="31.128743263" lon="121.395768318">
        <ele>6.0</ele>
        <time>2026-09-09T23:19:33+08:00</time>
        <extensions>
          <gpxtpx:TrackPointExtension>
            <gpxtpx:hr>148</gpxtpx:hr>
            <gpxtpx:cad>79</gpxtpx:cad>
          </gpxtpx:TrackPointExtension>
        </extensions>
      </trkpt>
      <trkpt lat="31.128723314" lon="121.395811737">
        <ele>6.4</ele>
        <time>2026-09-09T23:19:35+08:00</time>
        <extensions>
          <gpxtpx:TrackPointExtension>
            <gpxtpx:hr>149</gpxtpx:hr>
            <gpxtpx:cad>79</gpxtpx:cad>
          </gpxtpx:TrackPointExtension>
        </extensions>
      </trkpt>
      <trkpt lat="31.1287099868" lon="121.395835038">
        <ele>6.4</ele>
        <time>2026-09-09T23:19:36+08:00</time>
        <extensions>
          <gpxtpx:TrackPointExtension>
            <gpxtpx:hr>149</gpxtpx:hr>
            <gpxtpx:cad>79</gpxtpx:cad>
          </gpxtpx:TrackPointExtension>
        </extensions>
      </trkpt>
      <trkpt lat="31.128698336" lon="121.395860016">
        <ele>6.4</ele>
        <time>2026-09-09T23:19:37+08:00</time>
        <extensions>
          <gpxtpx:TrackPointExtension>
            <gpxtpx:hr>149</gpxtpx:hr>
            <gpxtpx:cad>79</gpxtpx:cad>
          </gpxtpx:TrackPointExtension>
        </extensions>
      </trkpt>
      <trkpt lat="31.1286900379" lon="121.395883318">
        <ele>6.4</ele>
        <time>2026-09-09T23:19:38+08:00</time>
        <extensions>
          <gpxtpx:TrackPointExtension>
            <gpxtpx:hr>149</gpxtpx:hr>
            <gpxtpx:cad>79</gpxtpx:cad>
          </gpxtpx:TrackPointExtension>
        </extensions>
      </trkpt>
      <trkpt lat="31.1286732741" lon="121.395931682">
        <ele>6.2</ele>
        <time>2026-09-09T23:19:40+08:00</time>
        <extensions>
          <gpxtpx:TrackPointExtension>
            <gpxtpx:hr>149</gpxtpx:hr>
            <gpxtpx:cad>79</gpxtpx:cad>
          </gpxtpx:TrackPointExtension>
        </extensions>
      </trkpt>
      <trkpt lat="31.1286716815" lon="121.395951714">
        <ele>6.2</ele>
        <time>2026-09-09T23:19:41+08:00</time>
        <extensions>
          <gpxtpx:TrackPointExtension>
            <gpxtpx:hr>150</gpxtpx:hr>
            <gpxtpx:cad>79</gpxtpx:cad>
          </gpxtpx:TrackPointExtension>
        </extensions>
      </trkpt>
      <trkpt lat="31.1286566779" lon="121.396005023">
        <ele>6.2</ele>
        <time>2026-09-09T23:19:43+08:00</time>
        <extensions>
          <gpxtpx:TrackPointExtension>
            <gpxtpx:hr>149</gpxtpx:hr>
            <gpxtpx:cad>79</gpxtpx:cad>
          </gpxtpx:TrackPointExtension>
        </extensions>
      </trkpt>
      <trkpt lat="31.128648296" lon="121.396030001">
        <ele>6.2</ele>
        <time>2026-09-09T23:19:44+08:00</time>
        <extensions>
          <gpxtpx:TrackPointExtension>
            <gpxtpx:hr>149</gpxtpx:hr>
            <gpxtpx:cad>79</gpxtpx:cad>
          </gpxtpx:TrackPointExtension>
        </extensions>
      </trkpt>
      <trkpt lat="31.1286432669" lon="121.396053303">
        <ele>6.2</ele>
        <time>2026-09-09T23:19:45+08:00</time>
        <extensions>
          <gpxtpx:TrackPointExtension>
            <gpxtpx:hr>150</gpxtpx:hr>
            <gpxtpx:cad>79</gpxtpx:cad>
          </gpxtpx:TrackPointExtension>
        </extensions>
      </trkpt>
      <trkpt lat="31.1286416743" lon="121.396071659">
        <ele>6.2</ele>
        <time>2026-09-09T23:19:46+08:00</time>
        <extensions>
          <gpxtpx:TrackPointExtension>
            <gpxtpx:hr>149</gpxtpx:hr>
            <gpxtpx:cad>79</gpxtpx:cad>
          </gpxtpx:TrackPointExtension>
        </extensions>
      </trkpt>
      <trkpt lat="31.1286383215" lon="121.396091692">
        <ele>6.2</ele>
        <time>2026-09-09T23:19:47+08:00</time>
        <extensions>
          <gpxtpx:TrackPointExtension>
            <gpxtpx:hr>149</gpxtpx:hr>
            <gpxtpx:cad>79</gpxtpx:cad>
          </gpxtpx:TrackPointExtension>
        </extensions>
      </trkpt>
      <trkpt lat="31.1286266707" lon="121.396133266">
        <ele>6.2</ele>
        <time>2026-09-09T23:19:49+08:00</time>
        <extensions>
          <gpxtpx:TrackPointExtension>
            <gpxtpx:hr>150</gpxtpx:hr>
            <gpxtpx:cad>79</gpxtpx:cad>
          </gpxtpx:TrackPointExtension>
        </extensions>
      </trkpt>
      <trkpt lat="31.1286166962" lon="121.396151707">
        <ele>6.2</ele>
        <time>2026-09-09T23:19:50+08:00</time>
        <extensions>
          <gpxtpx:TrackPointExtension>
            <gpxtpx:hr>149</gpxtpx:hr>
            <gpxtpx:cad>79</gpxtpx:cad>
          </gpxtpx:TrackPointExtension>
        </extensions>
      </trkpt>
      <trkpt lat="31.1286099907" lon="121.396168303">
        <ele>6.2</ele>
        <time>2026-09-09T23:19:51+08:00</time>
        <extensions>
          <gpxtpx:TrackPointExtension>
            <gpxtpx:hr>150</gpxtpx:hr>
            <gpxtpx:cad>80</gpxtpx:cad>
          </gpxtpx:TrackPointExtension>
        </extensions>
      </trkpt>
      <trkpt lat="31.1285850126" lon="121.396209961">
        <ele>6.0</ele>
        <time>2026-09-09T23:19:53+08:00</time>
        <extensions>
          <gpxtpx:TrackPointExtension>
            <gpxtpx:hr>150</gpxtpx:hr>
            <gpxtpx:cad>81</gpxtpx:cad>
          </gpxtpx:TrackPointExtension>
        </extensions>
      </trkpt>
      <trkpt lat="31.128570009" lon="121.396228317">
        <ele>6.0</ele>
        <time>2026-09-09T23:19:54+08:00</time>
        <extensions>
          <gpxtpx:TrackPointExtension>
            <gpxtpx:hr>151</gpxtpx:hr>
            <gpxtpx:cad>81</gpxtpx:cad>
          </gpxtpx:TrackPointExtension>
        </extensions>
      </trkpt>
      <trkpt lat="31.1285517365" lon="121.396250026">
        <ele>6.0</ele>
        <time>2026-09-09T23:19:55+08:00</time>
        <extensions>
          <gpxtpx:TrackPointExtension>
            <gpxtpx:hr>151</gpxtpx:hr>
            <gpxtpx:cad>81</gpxtpx:cad>
          </gpxtpx:TrackPointExtension>
        </extensions>
      </trkpt>
      <trkpt lat="31.1285349727" lon="121.396266706">
        <ele>6.0</ele>
        <time>2026-09-09T23:19:56+08:00</time>
        <extensions>
          <gpxtpx:TrackPointExtension>
            <gpxtpx:hr>151</gpxtpx:hr>
            <gpxtpx:cad>81</gpxtpx:cad>
          </gpxtpx:TrackPointExtension>
        </extensions>
      </trkpt>
      <trkpt lat="31.1285049655" lon="121.396295037">
        <ele>6.2</ele>
        <time>2026-09-09T23:19:58+08:00</time>
        <extensions>
          <gpxtpx:TrackPointExtension>
            <gpxtpx:hr>151</gpxtpx:hr>
            <gpxtpx:cad>81</gpxtpx:cad>
          </gpxtpx:TrackPointExtension>
        </extensions>
      </trkpt>
      <trkpt lat="31.1284882855" lon="121.396308281">
        <ele>6.2</ele>
        <time>2026-09-09T23:19:59+08:00</time>
        <extensions>
          <gpxtpx:TrackPointExtension>
            <gpxtpx:hr>151</gpxtpx:hr>
            <gpxtpx:cad>81</gpxtpx:cad>
          </gpxtpx:TrackPointExtension>
        </extensions>
      </trkpt>
      <trkpt lat="31.1284732819" lon="121.396321692">
        <ele>6.2</ele>
        <time>2026-09-09T23:20:00+08:00</time>
        <extensions>
          <gpxtpx:TrackPointExtension>
            <gpxtpx:hr>151</gpxtpx:hr>
            <gpxtpx:cad>81</gpxtpx:cad>
          </gpxtpx:TrackPointExtension>
        </extensions>
      </trkpt>
      <trkpt lat="31.1284617148" lon="121.39632999">
        <ele>6.2</ele>
        <time>2026-09-09T23:20:01+08:00</time>
        <extensions>
          <gpxtpx:TrackPointExtension>
            <gpxtpx:hr>150</gpxtpx:hr>
            <gpxtpx:cad>81</gpxtpx:cad>
          </gpxtpx:TrackPointExtension>
        </extensions>
      </trkpt>
      <trkpt lat="31.1284367368" lon="121.396359997">
        <ele>6.0</ele>
        <time>2026-09-09T23:20:03+08:00</time>
        <extensions>
          <gpxtpx:TrackPointExtension>
            <gpxtpx:hr>150</gpxtpx:hr>
            <gpxtpx:cad>81</gpxtpx:cad>
          </gpxtpx:TrackPointExtension>
        </extensions>
      </trkpt>
      <trkpt lat="31.1284116749" lon="121.396401739">
        <ele>6.0</ele>
        <time>2026-09-09T23:20:05+08:00</time>
        <extensions>
          <gpxtpx:TrackPointExtension>
            <gpxtpx:hr>150</gpxtpx:hr>
            <gpxtpx:cad>81</gpxtpx:cad>
          </gpxtpx:TrackPointExtension>
        </extensions>
      </trkpt>
      <trkpt lat="31.1284017004" lon="121.396421688">
        <ele>6.0</ele>
        <time>2026-09-09T23:20:06+08:00</time>
        <extensions>
          <gpxtpx:TrackPointExtension>
            <gpxtpx:hr>150</gpxtpx:hr>
            <gpxtpx:cad>81</gpxtpx:cad>
          </gpxtpx:TrackPointExtension>
        </extensions>
      </trkpt>
      <trkpt lat="31.1283783149" lon="121.396461669">
        <ele>6.0</ele>
        <time>2026-09-09T23:20:08+08:00</time>
        <extensions>
          <gpxtpx:TrackPointExtension>
            <gpxtpx:hr>149</gpxtpx:hr>
            <gpxtpx:cad>81</gpxtpx:cad>
          </gpxtpx:TrackPointExtension>
        </extensions>
      </trkpt>
      <trkpt lat="31.1283582821" lon="121.396505004">
        <ele>6.0</ele>
        <time>2026-09-09T23:20:10+08:00</time>
        <extensions>
          <gpxtpx:TrackPointExtension>
            <gpxtpx:hr>148</gpxtpx:hr>
            <gpxtpx:cad>81</gpxtpx:cad>
          </gpxtpx:TrackPointExtension>
        </extensions>
      </trkpt>
      <trkpt lat="31.1283499841" lon="121.396525037">
        <ele>6.0</ele>
        <time>2026-09-09T23:20:11+08:00</time>
        <extensions>
          <gpxtpx:TrackPointExtension>
            <gpxtpx:hr>148</gpxtpx:hr>
            <gpxtpx:cad>81</gpxtpx:cad>
          </gpxtpx:TrackPointExtension>
        </extensions>
      </trkpt>
      <trkpt lat="31.1283400096" lon="121.396548338">
        <ele>6.0</ele>
        <time>2026-09-09T23:20:12+08:00</time>
        <extensions>
          <gpxtpx:TrackPointExtension>
            <gpxtpx:hr>147</gpxtpx:hr>
            <gpxtpx:cad>81</gpxtpx:cad>
          </gpxtpx:TrackPointExtension>
        </extensions>
      </trkpt>
      <trkpt lat="31.1283282749" lon="121.396571724">
        <ele>6.0</ele>
        <time>2026-09-09T23:20:13+08:00</time>
        <extensions>
          <gpxtpx:TrackPointExtension>
            <gpxtpx:hr>147</gpxtpx:hr>
            <gpxtpx:cad>81</gpxtpx:cad>
          </gpxtpx:TrackPointExtension>
        </extensions>
      </trkpt>
      <trkpt lat="31.1283167079" lon="121.396596702">
        <ele>6.0</ele>
        <time>2026-09-09T23:20:14+08:00</time>
        <extensions>
          <gpxtpx:TrackPointExtension>
            <gpxtpx:hr>147</gpxtpx:hr>
            <gpxtpx:cad>81</gpxtpx:cad>
          </gpxtpx:TrackPointExtension>
        </extensions>
      </trkpt>
      <trkpt lat="31.128308326" lon="121.396620004">
        <ele>6.0</ele>
        <time>2026-09-09T23:20:15+08:00</time>
        <extensions>
          <gpxtpx:TrackPointExtension>
            <gpxtpx:hr>148</gpxtpx:hr>
            <gpxtpx:cad>80</gpxtpx:cad>
          </gpxtpx:TrackPointExtension>
        </extensions>
      </trkpt>
      <trkpt lat="31.1282850243" lon="121.396658309">
        <ele>6.0</ele>
        <time>2026-09-09T23:20:17+08:00</time>
        <extensions>
          <gpxtpx:TrackPointExtension>
            <gpxtpx:hr>147</gpxtpx:hr>
            <gpxtpx:cad>80</gpxtpx:cad>
          </gpxtpx:TrackPointExtension>
        </extensions>
      </trkpt>
      <trkpt lat="31.1282816716" lon="121.396680018">
        <ele>6.0</ele>
        <time>2026-09-09T23:20:18+08:00</time>
        <extensions>
          <gpxtpx:TrackPointExtension>
            <gpxtpx:hr>147</gpxtpx:hr>
            <gpxtpx:cad>80</gpxtpx:cad>
          </gpxtpx:TrackPointExtension>
        </extensions>
      </trkpt>
      <trkpt lat="31.1282783188" lon="121.396699967">
        <ele>6.0</ele>
        <time>2026-09-09T23:20:19+08:00</time>
        <extensions>
          <gpxtpx:TrackPointExtension>
            <gpxtpx:hr>147</gpxtpx:hr>
            <gpxtpx:cad>80</gpxtpx:cad>
          </gpxtpx:TrackPointExtension>
        </extensions>
      </trkpt>
      <trkpt lat="31.1282599624" lon="121.396743301">
        <ele>6.0</ele>
        <time>2026-09-09T23:20:21+08:00</time>
        <extensions>
          <gpxtpx:TrackPointExtension>
            <gpxtpx:hr>148</gpxtpx:hr>
            <gpxtpx:cad>80</gpxtpx:cad>
          </gpxtpx:TrackPointExtension>
        </extensions>
      </trkpt>
      <trkpt lat="31.128249988" lon="121.396763334">
        <ele>6.0</ele>
        <time>2026-09-09T23:20:22+08:00</time>
        <extensions>
          <gpxtpx:TrackPointExtension>
            <gpxtpx:hr>147</gpxtpx:hr>
            <gpxtpx:cad>80</gpxtpx:cad>
          </gpxtpx:TrackPointExtension>
        </extensions>
      </trkpt>
      <trkpt lat="31.1282366607" lon="121.39678169">
        <ele>6.0</ele>
        <time>2026-09-09T23:20:23+08:00</time>
        <extensions>
          <gpxtpx:TrackPointExtension>
            <gpxtpx:hr>148</gpxtpx:hr>
            <gpxtpx:cad>80</gpxtpx:cad>
          </gpxtpx:TrackPointExtension>
        </extensions>
      </trkpt>
      <trkpt lat="31.1282250099" lon="121.396798287">
        <ele>6.0</ele>
        <time>2026-09-09T23:20:24+08:00</time>
        <extensions>
          <gpxtpx:TrackPointExtension>
            <gpxtpx:hr>148</gpxtpx:hr>
            <gpxtpx:cad>80</gpxtpx:cad>
          </gpxtpx:TrackPointExtension>
        </extensions>
      </trkpt>
      <trkpt lat="31.1282000318" lon="121.396833323">
        <ele>6.0</ele>
        <time>2026-09-09T23:20:26+08:00</time>
        <extensions>
          <gpxtpx:TrackPointExtension>
            <gpxtpx:hr>149</gpxtpx:hr>
            <gpxtpx:cad>80</gpxtpx:cad>
          </gpxtpx:TrackPointExtension>
        </extensions>
      </trkpt>
      <trkpt lat="31.1281882972" lon="121.396851679">
        <ele>6.0</ele>
        <time>2026-09-09T23:20:27+08:00</time>
        <extensions>
          <gpxtpx:TrackPointExtension>
            <gpxtpx:hr>149</gpxtpx:hr>
            <gpxtpx:cad>80</gpxtpx:cad>
          </gpxtpx:TrackPointExtension>
        </extensions>
      </trkpt>
      <trkpt lat="31.1281767301" lon="121.396868275">
        <ele>6.0</ele>
        <time>2026-09-09T23:20:28+08:00</time>
        <extensions>
          <gpxtpx:TrackPointExtension>
            <gpxtpx:hr>149</gpxtpx:hr>
            <gpxtpx:cad>80</gpxtpx:cad>
          </gpxtpx:TrackPointExtension>
        </extensions>
      </trkpt>
      <trkpt lat="31.1281617265" lon="121.396888308">
        <ele>6.0</ele>
        <time>2026-09-09T23:20:29+08:00</time>
        <extensions>
          <gpxtpx:TrackPointExtension>
            <gpxtpx:hr>149</gpxtpx:hr>
            <gpxtpx:cad>80</gpxtpx:cad>
          </gpxtpx:TrackPointExtension>
        </extensions>
      </trkpt>
      <trkpt lat="31.1281499919" lon="121.396911694">
        <ele>6.0</ele>
        <time>2026-09-09T23:20:30+08:00</time>
        <extensions>
          <gpxtpx:TrackPointExtension>
            <gpxtpx:hr>150</gpxtpx:hr>
            <gpxtpx:cad>80</gpxtpx:cad>
          </gpxtpx:TrackPointExtension>
        </extensions>
      </trkpt>
      <trkpt lat="31.1281349882" lon="121.396933319">
        <ele>6.0</ele>
        <time>2026-09-09T23:20:31+08:00</time>
        <extensions>
          <gpxtpx:TrackPointExtension>
            <gpxtpx:hr>150</gpxtpx:hr>
            <gpxtpx:cad>80</gpxtpx:cad>
          </gpxtpx:TrackPointExtension>
        </extensions>
      </trkpt>
      <trkpt lat="31.1281250138" lon="121.396955028">
        <ele>6.0</ele>
        <time>2026-09-09T23:20:32+08:00</time>
        <extensions>
          <gpxtpx:TrackPointExtension>
            <gpxtpx:hr>151</gpxtpx:hr>
            <gpxtpx:cad>80</gpxtpx:cad>
          </gpxtpx:TrackPointExtension>
        </extensions>
      </trkpt>
      <trkpt lat="31.1281116866" lon="121.396976737">
        <ele>6.0</ele>
        <time>2026-09-09T23:20:33+08:00</time>
        <extensions>
          <gpxtpx:TrackPointExtension>
            <gpxtpx:hr>151</gpxtpx:hr>
            <gpxtpx:cad>80</gpxtpx:cad>
          </gpxtpx:TrackPointExtension>
        </extensions>
      </trkpt>
      <trkpt lat="31.1281033047" lon="121.396998279">
        <ele>6.0</ele>
        <time>2026-09-09T23:20:34+08:00</time>
        <extensions>
          <gpxtpx:TrackPointExtension>
            <gpxtpx:hr>152</gpxtpx:hr>
            <gpxtpx:cad>80</gpxtpx:cad>
          </gpxtpx:TrackPointExtension>
        </extensions>
      </trkpt>
      <trkpt lat="31.1280982755" lon="121.397023341">
        <ele>5.8</ele>
        <time>2026-09-09T23:20:35+08:00</time>
        <extensions>
          <gpxtpx:TrackPointExtension>
            <gpxtpx:hr>152</gpxtpx:hr>
            <gpxtpx:cad>80</gpxtpx:cad>
          </gpxtpx:TrackPointExtension>
        </extensions>
      </trkpt>
      <trkpt lat="31.1280917376" lon="121.397046726">
        <ele>5.8</ele>
        <time>2026-09-09T23:20:36+08:00</time>
        <extensions>
          <gpxtpx:TrackPointExtension>
            <gpxtpx:hr>153</gpxtpx:hr>
            <gpxtpx:cad>80</gpxtpx:cad>
          </gpxtpx:TrackPointExtension>
        </extensions>
      </trkpt>
      <trkpt lat="31.1280850321" lon="121.397070028">
        <ele>5.8</ele>
        <time>2026-09-09T23:20:37+08:00</time>
        <extensions>
          <gpxtpx:TrackPointExtension>
            <gpxtpx:hr>153</gpxtpx:hr>
            <gpxtpx:cad>80</gpxtpx:cad>
          </gpxtpx:TrackPointExtension>
        </extensions>
      </trkpt>
      <trkpt lat="31.1280816793" lon="121.397091737">
        <ele>5.8</ele>
        <time>2026-09-09T23:20:38+08:00</time>
        <extensions>
          <gpxtpx:TrackPointExtension>
            <gpxtpx:hr>152</gpxtpx:hr>
            <gpxtpx:cad>80</gpxtpx:cad>
          </gpxtpx:TrackPointExtension>
        </extensions>
      </trkpt>
      <trkpt lat="31.1280717049" lon="121.397111686">
        <ele>5.6</ele>
        <time>2026-09-09T23:20:39+08:00</time>
        <extensions>
          <gpxtpx:TrackPointExtension>
            <gpxtpx:hr>153</gpxtpx:hr>
            <gpxtpx:cad>80</gpxtpx:cad>
          </gpxtpx:TrackPointExtension>
        </extensions>
      </trkpt>
      <trkpt lat="31.128063323" lon="121.397134988">
        <ele>5.6</ele>
        <time>2026-09-09T23:20:40+08:00</time>
        <extensions>
          <gpxtpx:TrackPointExtension>
            <gpxtpx:hr>153</gpxtpx:hr>
            <gpxtpx:cad>80</gpxtpx:cad>
          </gpxtpx:TrackPointExtension>
        </extensions>
      </trkpt>
      <trkpt lat="31.1280550249" lon="121.397156697">
        <ele>5.6</ele>
        <time>2026-09-09T23:20:41+08:00</time>
        <extensions>
          <gpxtpx:TrackPointExtension>
            <gpxtpx:hr>153</gpxtpx:hr>
            <gpxtpx:cad>80</gpxtpx:cad>
          </gpxtpx:TrackPointExtension>
        </extensions>
      </trkpt>
      <trkpt lat="31.1280467268" lon="121.397178322">
        <ele>5.6</ele>
        <time>2026-09-09T23:20:42+08:00</time>
        <extensions>
          <gpxtpx:TrackPointExtension>
            <gpxtpx:hr>154</gpxtpx:hr>
            <gpxtpx:cad>80</gpxtpx:cad>
          </gpxtpx:TrackPointExtension>
        </extensions>
      </trkpt>
      <trkpt lat="31.1280382611" lon="121.397200031">
        <ele>5.6</ele>
        <time>2026-09-09T23:20:43+08:00</time>
        <extensions>
          <gpxtpx:TrackPointExtension>
            <gpxtpx:hr>154</gpxtpx:hr>
            <gpxtpx:cad>80</gpxtpx:cad>
          </gpxtpx:TrackPointExtension>
        </extensions>
      </trkpt>
      <trkpt lat="31.1280317232" lon="121.39722174">
        <ele>5.6</ele>
        <time>2026-09-09T23:20:44+08:00</time>
        <extensions>
          <gpxtpx:TrackPointExtension>
            <gpxtpx:hr>153</gpxtpx:hr>
            <gpxtpx:cad>80</gpxtpx:cad>
          </gpxtpx:TrackPointExtension>
        </extensions>
      </trkpt>
      <trkpt lat="31.1280216649" lon="121.397243282">
        <ele>5.6</ele>
        <time>2026-09-09T23:20:45+08:00</time>
        <extensions>
          <gpxtpx:TrackPointExtension>
            <gpxtpx:hr>153</gpxtpx:hr>
            <gpxtpx:cad>80</gpxtpx:cad>
          </gpxtpx:TrackPointExtension>
        </extensions>
      </trkpt>
      <trkpt lat="31.1280000396" lon="121.3972867">
        <ele>5.8</ele>
        <time>2026-09-09T23:20:47+08:00</time>
        <extensions>
          <gpxtpx:TrackPointExtension>
            <gpxtpx:hr>154</gpxtpx:hr>
            <gpxtpx:cad>80</gpxtpx:cad>
          </gpxtpx:TrackPointExtension>
        </extensions>
      </trkpt>
      <trkpt lat="31.1279917415" lon="121.397311678">
        <ele>5.8</ele>
        <time>2026-09-09T23:20:48+08:00</time>
        <extensions>
          <gpxtpx:TrackPointExtension>
            <gpxtpx:hr>153</gpxtpx:hr>
            <gpxtpx:cad>81</gpxtpx:cad>
          </gpxtpx:TrackPointExtension>
        </extensions>
      </trkpt>
      <trkpt lat="31.1279816832" lon="121.39733498">
        <ele>5.8</ele>
        <time>2026-09-09T23:20:49+08:00</time>
        <extensions>
          <gpxtpx:TrackPointExtension>
            <gpxtpx:hr>154</gpxtpx:hr>
            <gpxtpx:cad>81</gpxtpx:cad>
          </gpxtpx:TrackPointExtension>
        </extensions>
      </trkpt>
      <trkpt lat="31.1279749777" lon="121.397360042">
        <ele>5.8</ele>
        <time>2026-09-09T23:20:50+08:00</time>
        <extensions>
          <gpxtpx:TrackPointExtension>
            <gpxtpx:hr>154</gpxtpx:hr>
            <gpxtpx:cad>81</gpxtpx:cad>
          </gpxtpx:TrackPointExtension>
        </extensions>
      </trkpt>
      <trkpt lat="31.1279650033" lon="121.39738502">
        <ele>5.8</ele>
        <time>2026-09-09T23:20:51+08:00</time>
        <extensions>
          <gpxtpx:TrackPointExtension>
            <gpxtpx:hr>154</gpxtpx:hr>
            <gpxtpx:cad>81</gpxtpx:cad>
          </gpxtpx:TrackPointExtension>
        </extensions>
      </trkpt>
      <trkpt lat="31.1279550288" lon="121.397409998">
        <ele>5.8</ele>
        <time>2026-09-09T23:20:52+08:00</time>
        <extensions>
          <gpxtpx:TrackPointExtension>
            <gpxtpx:hr>154</gpxtpx:hr>
            <gpxtpx:cad>81</gpxtpx:cad>
          </gpxtpx:TrackPointExtension>
        </extensions>
      </trkpt>
      <trkpt lat="31.1279449705" lon="121.397436736">
        <ele>5.6</ele>
        <time>2026-09-09T23:20:53+08:00</time>
        <extensions>
          <gpxtpx:TrackPointExtension>
            <gpxtpx:hr>154</gpxtpx:hr>
            <gpxtpx:cad>81</gpxtpx:cad>
          </gpxtpx:TrackPointExtension>
        </extensions>
      </trkpt>
      <trkpt lat="31.1279366724" lon="121.397461714">
        <ele>5.4</ele>
        <time>2026-09-09T23:20:54+08:00</time>
        <extensions>
          <gpxtpx:TrackPointExtension>
            <gpxtpx:hr>154</gpxtpx:hr>
            <gpxtpx:cad>81</gpxtpx:cad>
          </gpxtpx:TrackPointExtension>
        </extensions>
      </trkpt>
      <trkpt lat="31.1279282905" lon="121.397486692">
        <ele>5.4</ele>
        <time>2026-09-09T23:20:55+08:00</time>
        <extensions>
          <gpxtpx:TrackPointExtension>
            <gpxtpx:hr>154</gpxtpx:hr>
            <gpxtpx:cad>81</gpxtpx:cad>
          </gpxtpx:TrackPointExtension>
        </extensions>
      </trkpt>
      <trkpt lat="31.1279183161" lon="121.39751167">
        <ele>5.4</ele>
        <time>2026-09-09T23:20:56+08:00</time>
        <extensions>
          <gpxtpx:TrackPointExtension>
            <gpxtpx:hr>154</gpxtpx:hr>
            <gpxtpx:cad>81</gpxtpx:cad>
          </gpxtpx:TrackPointExtension>
        </extensions>
      </trkpt>
      <trkpt lat="31.1279083416" lon="121.397534972">
        <ele>5.4</ele>
        <time>2026-09-09T23:20:57+08:00</time>
        <extensions>
          <gpxtpx:TrackPointExtension>
            <gpxtpx:hr>154</gpxtpx:hr>
            <gpxtpx:cad>81</gpxtpx:cad>
          </gpxtpx:TrackPointExtension>
        </extensions>
      </trkpt>
      <trkpt lat="31.1278966907" lon="121.397558274">
        <ele>5.4</ele>
        <time>2026-09-09T23:20:58+08:00</time>
        <extensions>
          <gpxtpx:TrackPointExtension>
            <gpxtpx:hr>154</gpxtpx:hr>
            <gpxtpx:cad>81</gpxtpx:cad>
          </gpxtpx:TrackPointExtension>
        </extensions>
      </trkpt>
      <trkpt lat="31.1278850399" lon="121.397583336">
        <ele>5.4</ele>
        <time>2026-09-09T23:20:59+08:00</time>
        <extensions>
          <gpxtpx:TrackPointExtension>
            <gpxtpx:hr>154</gpxtpx:hr>
            <gpxtpx:cad>81</gpxtpx:cad>
          </gpxtpx:TrackPointExtension>
        </extensions>
      </trkpt>
      <trkpt lat="31.1278767418" lon="121.397603285">
        <ele>5.4</ele>
        <time>2026-09-09T23:21:00+08:00</time>
        <extensions>
          <gpxtpx:TrackPointExtension>
            <gpxtpx:hr>154</gpxtpx:hr>
            <gpxtpx:cad>81</gpxtpx:cad>
          </gpxtpx:TrackPointExtension>
        </extensions>
      </trkpt>
      <trkpt lat="31.1278666835" lon="121.397624994">
        <ele>5.4</ele>
        <time>2026-09-09T23:21:01+08:00</time>
        <extensions>
          <gpxtpx:TrackPointExtension>
            <gpxtpx:hr>154</gpxtpx:hr>
            <gpxtpx:cad>81</gpxtpx:cad>
          </gpxtpx:TrackPointExtension>
        </extensions>
      </trkpt>
      <trkpt lat="31.127859978" lon="121.397648295">
        <ele>5.2</ele>
        <time>2026-09-09T23:21:02+08:00</time>
        <extensions>
          <gpxtpx:TrackPointExtension>
            <gpxtpx:hr>154</gpxtpx:hr>
            <gpxtpx:cad>81</gpxtpx:cad>
          </gpxtpx:TrackPointExtension>
        </extensions>
      </trkpt>
      <trkpt lat="31.1278516799" lon="121.397668328">
        <ele>5.2</ele>
        <time>2026-09-09T23:21:03+08:00</time>
        <extensions>
          <gpxtpx:TrackPointExtension>
            <gpxtpx:hr>154</gpxtpx:hr>
            <gpxtpx:cad>81</gpxtpx:cad>
          </gpxtpx:TrackPointExtension>
        </extensions>
      </trkpt>
      <trkpt lat="31.1278417055" lon="121.397686685">
        <ele>5.4</ele>
        <time>2026-09-09T23:21:04+08:00</time>
        <extensions>
          <gpxtpx:TrackPointExtension>
            <gpxtpx:hr>154</gpxtpx:hr>
            <gpxtpx:cad>81</gpxtpx:cad>
          </gpxtpx:TrackPointExtension>
        </extensions>
      </trkpt>
      <trkpt lat="31.1278333236" lon="121.397703281">
        <ele>5.4</ele>
        <time>2026-09-09T23:21:05+08:00</time>
        <extensions>
          <gpxtpx:TrackPointExtension>
            <gpxtpx:hr>154</gpxtpx:hr>
            <gpxtpx:cad>81</gpxtpx:cad>
          </gpxtpx:TrackPointExtension>
        </extensions>
      </trkpt>
      <trkpt lat="31.1278149672" lon="121.397749968">
        <ele>5.4</ele>
        <time>2026-09-09T23:21:07+08:00</time>
        <extensions>
          <gpxtpx:TrackPointExtension>
            <gpxtpx:hr>153</gpxtpx:hr>
            <gpxtpx:cad>81</gpxtpx:cad>
          </gpxtpx:TrackPointExtension>
        </extensions>
      </trkpt>
      <trkpt lat="31.1278100219" lon="121.397771677">
        <ele>5.4</ele>
        <time>2026-09-09T23:21:08+08:00</time>
        <extensions>
          <gpxtpx:TrackPointExtension>
            <gpxtpx:hr>153</gpxtpx:hr>
            <gpxtpx:cad>81</gpxtpx:cad>
          </gpxtpx:TrackPointExtension>
        </extensions>
      </trkpt>
      <trkpt lat="31.1278116982" lon="121.397796739">
        <ele>5.4</ele>
        <time>2026-09-09T23:21:09+08:00</time>
        <extensions>
          <gpxtpx:TrackPointExtension>
            <gpxtpx:hr>152</gpxtpx:hr>
            <gpxtpx:cad>81</gpxtpx:cad>
          </gpxtpx:TrackPointExtension>
        </extensions>
      </trkpt>
      <trkpt lat="31.1278100219" lon="121.397821717">
        <ele>5.4</ele>
        <time>2026-09-09T23:21:10+08:00</time>
        <extensions>
          <gpxtpx:TrackPointExtension>
            <gpxtpx:hr>152</gpxtpx:hr>
            <gpxtpx:cad>81</gpxtpx:cad>
          </gpxtpx:TrackPointExtension>
        </extensions>
      </trkpt>
      <trkpt lat="31.1277999636" lon="121.397871673">
        <ele>5.4</ele>
        <time>2026-09-09T23:21:12+08:00</time>
        <extensions>
          <gpxtpx:TrackPointExtension>
            <gpxtpx:hr>152</gpxtpx:hr>
            <gpxtpx:cad>81</gpxtpx:cad>
          </gpxtpx:TrackPointExtension>
        </extensions>
      </trkpt>
      <trkpt lat="31.1277933419" lon="121.397894975">
        <ele>5.4</ele>
        <time>2026-09-09T23:21:13+08:00</time>
        <extensions>
          <gpxtpx:TrackPointExtension>
            <gpxtpx:hr>151</gpxtpx:hr>
            <gpxtpx:cad>81</gpxtpx:cad>
          </gpxtpx:TrackPointExtension>
        </extensions>
      </trkpt>
      <trkpt lat="31.1277867202" lon="121.397918276">
        <ele>5.4</ele>
        <time>2026-09-09T23:21:14+08:00</time>
        <extensions>
          <gpxtpx:TrackPointExtension>
            <gpxtpx:hr>151</gpxtpx:hr>
            <gpxtpx:cad>81</gpxtpx:cad>
          </gpxtpx:TrackPointExtension>
        </extensions>
      </trkpt>
      <trkpt lat="31.1277832836" lon="121.397941662">
        <ele>5.4</ele>
        <time>2026-09-09T23:21:15+08:00</time>
        <extensions>
          <gpxtpx:TrackPointExtension>
            <gpxtpx:hr>151</gpxtpx:hr>
            <gpxtpx:cad>81</gpxtpx:cad>
          </gpxtpx:TrackPointExtension>
        </extensions>
      </trkpt>
      <trkpt lat="31.1277800146" lon="121.397961695">
        <ele>5.4</ele>
        <time>2026-09-09T23:21:16+08:00</time>
        <extensions>
          <gpxtpx:TrackPointExtension>
            <gpxtpx:hr>151</gpxtpx:hr>
            <gpxtpx:cad>81</gpxtpx:cad>
          </gpxtpx:TrackPointExtension>
        </extensions>
      </trkpt>
      <trkpt lat="31.1277766619" lon="121.397988265">
        <ele>5.4</ele>
        <time>2026-09-09T23:21:17+08:00</time>
        <extensions>
          <gpxtpx:TrackPointExtension>
            <gpxtpx:hr>151</gpxtpx:hr>
            <gpxtpx:cad>81</gpxtpx:cad>
          </gpxtpx:TrackPointExtension>
        </extensions>
      </trkpt>
      <trkpt lat="31.1277616583" lon="121.398038305">
        <ele>5.6</ele>
        <time>2026-09-09T23:21:19+08:00</time>
        <extensions>
          <gpxtpx:TrackPointExtension>
            <gpxtpx:hr>151</gpxtpx:hr>
            <gpxtpx:cad>81</gpxtpx:cad>
          </gpxtpx:TrackPointExtension>
        </extensions>
      </trkpt>
      <trkpt lat="31.1277550366" lon="121.39806496">
        <ele>5.6</ele>
        <time>2026-09-09T23:21:20+08:00</time>
        <extensions>
          <gpxtpx:TrackPointExtension>
            <gpxtpx:hr>152</gpxtpx:hr>
            <gpxtpx:cad>81</gpxtpx:cad>
          </gpxtpx:TrackPointExtension>
        </extensions>
      </trkpt>
      <trkpt lat="31.1277467385" lon="121.398093291">
        <ele>5.4</ele>
        <time>2026-09-09T23:21:21+08:00</time>
        <extensions>
          <gpxtpx:TrackPointExtension>
            <gpxtpx:hr>152</gpxtpx:hr>
            <gpxtpx:cad>81</gpxtpx:cad>
          </gpxtpx:TrackPointExtension>
        </extensions>
      </trkpt>
      <trkpt lat="31.1277382728" lon="121.398115">
        <ele>5.6</ele>
        <time>2026-09-09T23:21:22+08:00</time>
        <extensions>
          <gpxtpx:TrackPointExtension>
            <gpxtpx:hr>152</gpxtpx:hr>
            <gpxtpx:cad>81</gpxtpx:cad>
          </gpxtpx:TrackPointExtension>
        </extensions>
      </trkpt>
      <trkpt lat="31.1277333274" lon="121.398141738">
        <ele>5.6</ele>
        <time>2026-09-09T23:21:23+08:00</time>
        <extensions>
          <gpxtpx:TrackPointExtension>
            <gpxtpx:hr>152</gpxtpx:hr>
            <gpxtpx:cad>81</gpxtpx:cad>
          </gpxtpx:TrackPointExtension>
        </extensions>
      </trkpt>
      <trkpt lat="31.1277267057" lon="121.398168309">
        <ele>5.6</ele>
        <time>2026-09-09T23:21:24+08:00</time>
        <extensions>
          <gpxtpx:TrackPointExtension>
            <gpxtpx:hr>154</gpxtpx:hr>
            <gpxtpx:cad>81</gpxtpx:cad>
          </gpxtpx:TrackPointExtension>
        </extensions>
      </trkpt>
      <trkpt lat="31.1277183238" lon="121.398196723">
        <ele>5.4</ele>
        <time>2026-09-09T23:21:25+08:00</time>
        <extensions>
          <gpxtpx:TrackPointExtension>
            <gpxtpx:hr>153</gpxtpx:hr>
            <gpxtpx:cad>81</gpxtpx:cad>
          </gpxtpx:TrackPointExtension>
        </extensions>
      </trkpt>
      <trkpt lat="31.1277082656" lon="121.398223294">
        <ele>5.6</ele>
        <time>2026-09-09T23:21:26+08:00</time>
        <extensions>
          <gpxtpx:TrackPointExtension>
            <gpxtpx:hr>153</gpxtpx:hr>
            <gpxtpx:cad>81</gpxtpx:cad>
          </gpxtpx:TrackPointExtension>
        </extensions>
      </trkpt>
      <trkpt lat="31.1276999675" lon="121.398251709">
        <ele>5.6</ele>
        <time>2026-09-09T23:21:27+08:00</time>
        <extensions>
          <gpxtpx:TrackPointExtension>
            <gpxtpx:hr>154</gpxtpx:hr>
            <gpxtpx:cad>81</gpxtpx:cad>
          </gpxtpx:TrackPointExtension>
        </extensions>
      </trkpt>
      <trkpt lat="31.1276950222" lon="121.398280039">
        <ele>5.4</ele>
        <time>2026-09-09T23:21:28+08:00</time>
        <extensions>
          <gpxtpx:TrackPointExtension>
            <gpxtpx:hr>154</gpxtpx:hr>
            <gpxtpx:cad>81</gpxtpx:cad>
          </gpxtpx:TrackPointExtension>
        </extensions>
      </trkpt>
      <trkpt lat="31.1276883166" lon="121.398306694">
        <ele>5.4</ele>
        <time>2026-09-09T23:21:29+08:00</time>
        <extensions>
          <gpxtpx:TrackPointExtension>
            <gpxtpx:hr>154</gpxtpx:hr>
            <gpxtpx:cad>81</gpxtpx:cad>
          </gpxtpx:TrackPointExtension>
        </extensions>
      </trkpt>
      <trkpt lat="31.1276800185" lon="121.398329996">
        <ele>5.4</ele>
        <time>2026-09-09T23:21:30+08:00</time>
        <extensions>
          <gpxtpx:TrackPointExtension>
            <gpxtpx:hr>154</gpxtpx:hr>
            <gpxtpx:cad>81</gpxtpx:cad>
          </gpxtpx:TrackPointExtension>
        </extensions>
      </trkpt>
      <trkpt lat="31.1276782583" lon="121.398354974">
        <ele>5.4</ele>
        <time>2026-09-09T23:21:31+08:00</time>
        <extensions>
          <gpxtpx:TrackPointExtension>
            <gpxtpx:hr>155</gpxtpx:hr>
            <gpxtpx:cad>81</gpxtpx:cad>
          </gpxtpx:TrackPointExtension>
        </extensions>
      </trkpt>
      <trkpt lat="31.127673313" lon="121.398381712">
        <ele>5.4</ele>
        <time>2026-09-09T23:21:32+08:00</time>
        <extensions>
          <gpxtpx:TrackPointExtension>
            <gpxtpx:hr>155</gpxtpx:hr>
            <gpxtpx:cad>81</gpxtpx:cad>
          </gpxtpx:TrackPointExtension>
        </extensions>
      </trkpt>
      <trkpt lat="31.1276682839" lon="121.398403337">
        <ele>5.4</ele>
        <time>2026-09-09T23:21:33+08:00</time>
        <extensions>
          <gpxtpx:TrackPointExtension>
            <gpxtpx:hr>155</gpxtpx:hr>
            <gpxtpx:cad>81</gpxtpx:cad>
          </gpxtpx:TrackPointExtension>
        </extensions>
      </trkpt>
      <trkpt lat="31.1276633386" lon="121.398424963">
        <ele>5.4</ele>
        <time>2026-09-09T23:21:34+08:00</time>
        <extensions>
          <gpxtpx:TrackPointExtension>
            <gpxtpx:hr>155</gpxtpx:hr>
            <gpxtpx:cad>81</gpxtpx:cad>
          </gpxtpx:TrackPointExtension>
        </extensions>
      </trkpt>
      <trkpt lat="31.1276599858" lon="121.398450024">
        <ele>5.6</ele>
        <time>2026-09-09T23:21:35+08:00</time>
        <extensions>
          <gpxtpx:TrackPointExtension>
            <gpxtpx:hr>156</gpxtpx:hr>
            <gpxtpx:cad>81</gpxtpx:cad>
          </gpxtpx:TrackPointExtension>
        </extensions>
      </trkpt>
      <trkpt lat="31.127648335" lon="121.398473326">
        <ele>5.6</ele>
        <time>2026-09-09T23:21:36+08:00</time>
        <extensions>
          <gpxtpx:TrackPointExtension>
            <gpxtpx:hr>156</gpxtpx:hr>
            <gpxtpx:cad>81</gpxtpx:cad>
          </gpxtpx:TrackPointExtension>
        </extensions>
      </trkpt>
      <trkpt lat="31.1276400369" lon="121.398496712">
        <ele>5.6</ele>
        <time>2026-09-09T23:21:37+08:00</time>
        <extensions>
          <gpxtpx:TrackPointExtension>
            <gpxtpx:hr>156</gpxtpx:hr>
            <gpxtpx:cad>81</gpxtpx:cad>
          </gpxtpx:TrackPointExtension>
        </extensions>
      </trkpt>
      <trkpt lat="31.1276317388" lon="121.39852169">
        <ele>5.6</ele>
        <time>2026-09-09T23:21:38+08:00</time>
        <extensions>
          <gpxtpx:TrackPointExtension>
            <gpxtpx:hr>156</gpxtpx:hr>
            <gpxtpx:cad>81</gpxtpx:cad>
          </gpxtpx:TrackPointExtension>
        </extensions>
      </trkpt>
      <trkpt lat="31.1276267096" lon="121.398544991">
        <ele>5.6</ele>
        <time>2026-09-09T23:21:39+08:00</time>
        <extensions>
          <gpxtpx:TrackPointExtension>
            <gpxtpx:hr>156</gpxtpx:hr>
            <gpxtpx:cad>81</gpxtpx:cad>
          </gpxtpx:TrackPointExtension>
        </extensions>
      </trkpt>
      <trkpt lat="31.1276216805" lon="121.398569969">
        <ele>5.6</ele>
        <time>2026-09-09T23:21:40+08:00</time>
        <extensions>
          <gpxtpx:TrackPointExtension>
            <gpxtpx:hr>157</gpxtpx:hr>
            <gpxtpx:cad>81</gpxtpx:cad>
          </gpxtpx:TrackPointExtension>
        </extensions>
      </trkpt>
      <trkpt lat="31.1276167352" lon="121.398599977">
        <ele>5.6</ele>
        <time>2026-09-09T23:21:41+08:00</time>
        <extensions>
          <gpxtpx:TrackPointExtension>
            <gpxtpx:hr>157</gpxtpx:hr>
            <gpxtpx:cad>81</gpxtpx:cad>
          </gpxtpx:TrackPointExtension>
        </extensions>
      </trkpt>
      <trkpt lat="31.127611706" lon="121.398625039">
        <ele>5.6</ele>
        <time>2026-09-09T23:21:42+08:00</time>
        <extensions>
          <gpxtpx:TrackPointExtension>
            <gpxtpx:hr>157</gpxtpx:hr>
            <gpxtpx:cad>81</gpxtpx:cad>
          </gpxtpx:TrackPointExtension>
        </extensions>
      </trkpt>
      <trkpt lat="31.1276066769" lon="121.398650017">
        <ele>5.6</ele>
        <time>2026-09-09T23:21:43+08:00</time>
        <extensions>
          <gpxtpx:TrackPointExtension>
            <gpxtpx:hr>157</gpxtpx:hr>
            <gpxtpx:cad>81</gpxtpx:cad>
          </gpxtpx:TrackPointExtension>
        </extensions>
      </trkpt>
      <trkpt lat="31.127598295" lon="121.398703326">
        <ele>5.4</ele>
        <time>2026-09-09T23:21:45+08:00</time>
        <extensions>
          <gpxtpx:TrackPointExtension>
            <gpxtpx:hr>158</gpxtpx:hr>
            <gpxtpx:cad>81</gpxtpx:cad>
          </gpxtpx:TrackPointExtension>
        </extensions>
      </trkpt>
      <trkpt lat="31.1275932658" lon="121.39872998">
        <ele>5.4</ele>
        <time>2026-09-09T23:21:46+08:00</time>
        <extensions>
          <gpxtpx:TrackPointExtension>
            <gpxtpx:hr>158</gpxtpx:hr>
            <gpxtpx:cad>81</gpxtpx:cad>
          </gpxtpx:TrackPointExtension>
        </extensions>
      </trkpt>
      <trkpt lat="31.1275916733" lon="121.398758311">
        <ele>5.4</ele>
        <time>2026-09-09T23:21:47+08:00</time>
        <extensions>
          <gpxtpx:TrackPointExtension>
            <gpxtpx:hr>158</gpxtpx:hr>
            <gpxtpx:cad>81</gpxtpx:cad>
          </gpxtpx:TrackPointExtension>
        </extensions>
      </trkpt>
      <trkpt lat="31.1275883205" lon="121.398786725">
        <ele>5.4</ele>
        <time>2026-09-09T23:21:48+08:00</time>
        <extensions>
          <gpxtpx:TrackPointExtension>
            <gpxtpx:hr>158</gpxtpx:hr>
            <gpxtpx:cad>81</gpxtpx:cad>
          </gpxtpx:TrackPointExtension>
        </extensions>
      </trkpt>
      <trkpt lat="31.1275800224" lon="121.398814972">
        <ele>5.4</ele>
        <time>2026-09-09T23:21:49+08:00</time>
        <extensions>
          <gpxtpx:TrackPointExtension>
            <gpxtpx:hr>159</gpxtpx:hr>
            <gpxtpx:cad>81</gpxtpx:cad>
          </gpxtpx:TrackPointExtension>
        </extensions>
      </trkpt>
      <trkpt lat="31.1275749933" lon="121.398840034">
        <ele>5.6</ele>
        <time>2026-09-09T23:21:50+08:00</time>
        <extensions>
          <gpxtpx:TrackPointExtension>
            <gpxtpx:hr>158</gpxtpx:hr>
            <gpxtpx:cad>81</gpxtpx:cad>
          </gpxtpx:TrackPointExtension>
        </extensions>
      </trkpt>
      <trkpt lat="31.1275666952" lon="121.398870042">
        <ele>5.6</ele>
        <time>2026-09-09T23:21:51+08:00</time>
        <extensions>
          <gpxtpx:TrackPointExtension>
            <gpxtpx:hr>158</gpxtpx:hr>
            <gpxtpx:cad>81</gpxtpx:cad>
          </gpxtpx:TrackPointExtension>
        </extensions>
      </trkpt>
      <trkpt lat="31.1275583133" lon="121.398898289">
        <ele>5.6</ele>
        <time>2026-09-09T23:21:52+08:00</time>
        <extensions>
          <gpxtpx:TrackPointExtension>
            <gpxtpx:hr>158</gpxtpx:hr>
            <gpxtpx:cad>81</gpxtpx:cad>
          </gpxtpx:TrackPointExtension>
        </extensions>
      </trkpt>
      <trkpt lat="31.1275500152" lon="121.398926703">
        <ele>5.4</ele>
        <time>2026-09-09T23:21:53+08:00</time>
        <extensions>
          <gpxtpx:TrackPointExtension>
            <gpxtpx:hr>158</gpxtpx:hr>
            <gpxtpx:cad>81</gpxtpx:cad>
          </gpxtpx:TrackPointExtension>
        </extensions>
      </trkpt>
      <trkpt lat="31.1275449861" lon="121.398955034">
        <ele>5.4</ele>
        <time>2026-09-09T23:21:54+08:00</time>
        <extensions>
          <gpxtpx:TrackPointExtension>
            <gpxtpx:hr>158</gpxtpx:hr>
            <gpxtpx:cad>81</gpxtpx:cad>
          </gpxtpx:TrackPointExtension>
        </extensions>
      </trkpt>
      <trkpt lat="31.1275400408" lon="121.398985041">
        <ele>5.4</ele>
        <time>2026-09-09T23:21:55+08:00</time>
        <extensions>
          <gpxtpx:TrackPointExtension>
            <gpxtpx:hr>158</gpxtpx:hr>
            <gpxtpx:cad>81</gpxtpx:cad>
          </gpxtpx:TrackPointExtension>
        </extensions>
      </trkpt>
      <trkpt lat="31.1275400408" lon="121.399013288">
        <ele>5.4</ele>
        <time>2026-09-09T23:21:56+08:00</time>
        <extensions>
          <gpxtpx:TrackPointExtension>
            <gpxtpx:hr>158</gpxtpx:hr>
            <gpxtpx:cad>81</gpxtpx:cad>
          </gpxtpx:TrackPointExtension>
        </extensions>
      </trkpt>
      <trkpt lat="31.1275350116" lon="121.399044972">
        <ele>5.4</ele>
        <time>2026-09-09T23:21:57+08:00</time>
        <extensions>
          <gpxtpx:TrackPointExtension>
            <gpxtpx:hr>158</gpxtpx:hr>
            <gpxtpx:cad>81</gpxtpx:cad>
          </gpxtpx:TrackPointExtension>
        </extensions>
      </trkpt>
      <trkpt lat="31.1275333352" lon="121.399078332">
        <ele>5.4</ele>
        <time>2026-09-09T23:21:58+08:00</time>
        <extensions>
          <gpxtpx:TrackPointExtension>
            <gpxtpx:hr>158</gpxtpx:hr>
            <gpxtpx:cad>81</gpxtpx:cad>
          </gpxtpx:TrackPointExtension>
        </extensions>
      </trkpt>
      <trkpt lat="31.1275333352" lon="121.399113284">
        <ele>5.2</ele>
        <time>2026-09-09T23:21:59+08:00</time>
        <extensions>
          <gpxtpx:TrackPointExtension>
            <gpxtpx:hr>160</gpxtpx:hr>
            <gpxtpx:cad>81</gpxtpx:cad>
          </gpxtpx:TrackPointExtension>
        </extensions>
      </trkpt>
      <trkpt lat="31.1275283061" lon="121.399146728">
        <ele>5.2</ele>
        <time>2026-09-09T23:22:00+08:00</time>
        <extensions>
          <gpxtpx:TrackPointExtension>
            <gpxtpx:hr>159</gpxtpx:hr>
            <gpxtpx:cad>81</gpxtpx:cad>
          </gpxtpx:TrackPointExtension>
        </extensions>
      </trkpt>
      <trkpt lat="31.1275250372" lon="121.399174975">
        <ele>5.2</ele>
        <time>2026-09-09T23:22:01+08:00</time>
        <extensions>
          <gpxtpx:TrackPointExtension>
            <gpxtpx:hr>158</gpxtpx:hr>
            <gpxtpx:cad>81</gpxtpx:cad>
          </gpxtpx:TrackPointExtension>
        </extensions>
      </trkpt>
      <trkpt lat="31.127520008" lon="121.399204982">
        <ele>5.2</ele>
        <time>2026-09-09T23:22:02+08:00</time>
        <extensions>
          <gpxtpx:TrackPointExtension>
            <gpxtpx:hr>158</gpxtpx:hr>
            <gpxtpx:cad>81</gpxtpx:cad>
          </gpxtpx:TrackPointExtension>
        </extensions>
      </trkpt>
      <trkpt lat="31.1275183316" lon="121.399236666">
        <ele>5.2</ele>
        <time>2026-09-09T23:22:03+08:00</time>
        <extensions>
          <gpxtpx:TrackPointExtension>
            <gpxtpx:hr>158</gpxtpx:hr>
            <gpxtpx:cad>81</gpxtpx:cad>
          </gpxtpx:TrackPointExtension>
        </extensions>
      </trkpt>
      <trkpt lat="31.1275167391" lon="121.399266673">
        <ele>5.2</ele>
        <time>2026-09-09T23:22:04+08:00</time>
        <extensions>
          <gpxtpx:TrackPointExtension>
            <gpxtpx:hr>158</gpxtpx:hr>
            <gpxtpx:cad>81</gpxtpx:cad>
          </gpxtpx:TrackPointExtension>
        </extensions>
      </trkpt>
      <trkpt lat="31.1275167391" lon="121.39929668">
        <ele>5.2</ele>
        <time>2026-09-09T23:22:05+08:00</time>
        <extensions>
          <gpxtpx:TrackPointExtension>
            <gpxtpx:hr>158</gpxtpx:hr>
            <gpxtpx:cad>81</gpxtpx:cad>
          </gpxtpx:TrackPointExtension>
        </extensions>
      </trkpt>
      <trkpt lat="31.1275133025" lon="121.399326688">
        <ele>5.2</ele>
        <time>2026-09-09T23:22:06+08:00</time>
        <extensions>
          <gpxtpx:TrackPointExtension>
            <gpxtpx:hr>160</gpxtpx:hr>
            <gpxtpx:cad>81</gpxtpx:cad>
          </gpxtpx:TrackPointExtension>
        </extensions>
      </trkpt>
      <trkpt lat="31.1275117099" lon="121.399358287">
        <ele>5.2</ele>
        <time>2026-09-09T23:22:07+08:00</time>
        <extensions>
          <gpxtpx:TrackPointExtension>
            <gpxtpx:hr>159</gpxtpx:hr>
            <gpxtpx:cad>82</gpxtpx:cad>
          </gpxtpx:TrackPointExtension>
        </extensions>
      </trkpt>
      <trkpt lat="31.1275066808" lon="121.399388295">
        <ele>5.2</ele>
        <time>2026-09-09T23:22:08+08:00</time>
        <extensions>
          <gpxtpx:TrackPointExtension>
            <gpxtpx:hr>159</gpxtpx:hr>
            <gpxtpx:cad>82</gpxtpx:cad>
          </gpxtpx:TrackPointExtension>
        </extensions>
      </trkpt>
      <trkpt lat="31.1275050044" lon="121.399418302">
        <ele>5.2</ele>
        <time>2026-09-09T23:22:09+08:00</time>
        <extensions>
          <gpxtpx:TrackPointExtension>
            <gpxtpx:hr>159</gpxtpx:hr>
            <gpxtpx:cad>82</gpxtpx:cad>
          </gpxtpx:TrackPointExtension>
        </extensions>
      </trkpt>
      <trkpt lat="31.1275017355" lon="121.399446717">
        <ele>5.4</ele>
        <time>2026-09-09T23:22:10+08:00</time>
        <extensions>
          <gpxtpx:TrackPointExtension>
            <gpxtpx:hr>160</gpxtpx:hr>
            <gpxtpx:cad>82</gpxtpx:cad>
          </gpxtpx:TrackPointExtension>
        </extensions>
      </trkpt>
      <trkpt lat="31.1274900008" lon="121.399500025">
        <ele>5.4</ele>
        <time>2026-09-09T23:22:12+08:00</time>
        <extensions>
          <gpxtpx:TrackPointExtension>
            <gpxtpx:hr>160</gpxtpx:hr>
            <gpxtpx:cad>82</gpxtpx:cad>
          </gpxtpx:TrackPointExtension>
        </extensions>
      </trkpt>
      <trkpt lat="31.1274900008" lon="121.39952668">
        <ele>5.4</ele>
        <time>2026-09-09T23:22:13+08:00</time>
        <extensions>
          <gpxtpx:TrackPointExtension>
            <gpxtpx:hr>160</gpxtpx:hr>
            <gpxtpx:cad>82</gpxtpx:cad>
          </gpxtpx:TrackPointExtension>
        </extensions>
      </trkpt>
      <trkpt lat="31.1274900008" lon="121.399551742">
        <ele>5.4</ele>
        <time>2026-09-09T23:22:14+08:00</time>
        <extensions>
          <gpxtpx:TrackPointExtension>
            <gpxtpx:hr>161</gpxtpx:hr>
            <gpxtpx:cad>82</gpxtpx:cad>
          </gpxtpx:TrackPointExtension>
        </extensions>
      </trkpt>
      <trkpt lat="31.1274900008" lon="121.399578312">
        <ele>5.4</ele>
        <time>2026-09-09T23:22:15+08:00</time>
        <extensions>
          <gpxtpx:TrackPointExtension>
            <gpxtpx:hr>161</gpxtpx:hr>
            <gpxtpx:cad>82</gpxtpx:cad>
          </gpxtpx:TrackPointExtension>
        </extensions>
      </trkpt>
      <trkpt lat="31.1274849717" lon="121.39960329">
        <ele>5.4</ele>
        <time>2026-09-09T23:22:16+08:00</time>
        <extensions>
          <gpxtpx:TrackPointExtension>
            <gpxtpx:hr>161</gpxtpx:hr>
            <gpxtpx:cad>82</gpxtpx:cad>
          </gpxtpx:TrackPointExtension>
        </extensions>
      </trkpt>
      <trkpt lat="31.1274817027" lon="121.399626676">
        <ele>5.2</ele>
        <time>2026-09-09T23:22:17+08:00</time>
        <extensions>
          <gpxtpx:TrackPointExtension>
            <gpxtpx:hr>161</gpxtpx:hr>
            <gpxtpx:cad>82</gpxtpx:cad>
          </gpxtpx:TrackPointExtension>
        </extensions>
      </trkpt>
      <trkpt lat="31.1274817027" lon="121.39965333">
        <ele>5.2</ele>
        <time>2026-09-09T23:22:18+08:00</time>
        <extensions>
          <gpxtpx:TrackPointExtension>
            <gpxtpx:hr>161</gpxtpx:hr>
            <gpxtpx:cad>81</gpxtpx:cad>
          </gpxtpx:TrackPointExtension>
        </extensions>
      </trkpt>
      <trkpt lat="31.1274817027" lon="121.399681661">
        <ele>5.2</ele>
        <time>2026-09-09T23:22:19+08:00</time>
        <extensions>
          <gpxtpx:TrackPointExtension>
            <gpxtpx:hr>161</gpxtpx:hr>
            <gpxtpx:cad>81</gpxtpx:cad>
          </gpxtpx:TrackPointExtension>
        </extensions>
      </trkpt>
      <trkpt lat="31.1274817027" lon="121.399706723">
        <ele>5.2</ele>
        <time>2026-09-09T23:22:20+08:00</time>
        <extensions>
          <gpxtpx:TrackPointExtension>
            <gpxtpx:hr>162</gpxtpx:hr>
            <gpxtpx:cad>81</gpxtpx:cad>
          </gpxtpx:TrackPointExtension>
        </extensions>
      </trkpt>
      <trkpt lat="31.1274800263" lon="121.399733294">
        <ele>5.2</ele>
        <time>2026-09-09T23:22:21+08:00</time>
        <extensions>
          <gpxtpx:TrackPointExtension>
            <gpxtpx:hr>162</gpxtpx:hr>
            <gpxtpx:cad>81</gpxtpx:cad>
          </gpxtpx:TrackPointExtension>
        </extensions>
      </trkpt>
      <trkpt lat="31.1274800263" lon="121.399761708">
        <ele>5.2</ele>
        <time>2026-09-09T23:22:22+08:00</time>
        <extensions>
          <gpxtpx:TrackPointExtension>
            <gpxtpx:hr>162</gpxtpx:hr>
            <gpxtpx:cad>81</gpxtpx:cad>
          </gpxtpx:TrackPointExtension>
        </extensions>
      </trkpt>
      <trkpt lat="31.1274782661" lon="121.399788279">
        <ele>5.2</ele>
        <time>2026-09-09T23:22:23+08:00</time>
        <extensions>
          <gpxtpx:TrackPointExtension>
            <gpxtpx:hr>162</gpxtpx:hr>
            <gpxtpx:cad>81</gpxtpx:cad>
          </gpxtpx:TrackPointExtension>
        </extensions>
      </trkpt>
      <trkpt lat="31.1274782661" lon="121.399816694">
        <ele>5.2</ele>
        <time>2026-09-09T23:22:24+08:00</time>
        <extensions>
          <gpxtpx:TrackPointExtension>
            <gpxtpx:hr>162</gpxtpx:hr>
            <gpxtpx:cad>81</gpxtpx:cad>
          </gpxtpx:TrackPointExtension>
        </extensions>
      </trkpt>
      <trkpt lat="31.1274733208" lon="121.399843264">
        <ele>5.2</ele>
        <time>2026-09-09T23:22:25+08:00</time>
        <extensions>
          <gpxtpx:TrackPointExtension>
            <gpxtpx:hr>161</gpxtpx:hr>
            <gpxtpx:cad>81</gpxtpx:cad>
          </gpxtpx:TrackPointExtension>
        </extensions>
      </trkpt>
      <trkpt lat="31.1274717283" lon="121.399871679">
        <ele>5.2</ele>
        <time>2026-09-09T23:22:26+08:00</time>
        <extensions>
          <gpxtpx:TrackPointExtension>
            <gpxtpx:hr>162</gpxtpx:hr>
            <gpxtpx:cad>81</gpxtpx:cad>
          </gpxtpx:TrackPointExtension>
        </extensions>
      </trkpt>
      <trkpt lat="31.1274699681" lon="121.39990001">
        <ele>5.2</ele>
        <time>2026-09-09T23:22:27+08:00</time>
        <extensions>
          <gpxtpx:TrackPointExtension>
            <gpxtpx:hr>162</gpxtpx:hr>
            <gpxtpx:cad>81</gpxtpx:cad>
          </gpxtpx:TrackPointExtension>
        </extensions>
      </trkpt>
      <trkpt lat="31.1274733208" lon="121.399926664">
        <ele>5.2</ele>
        <time>2026-09-09T23:22:28+08:00</time>
        <extensions>
          <gpxtpx:TrackPointExtension>
            <gpxtpx:hr>162</gpxtpx:hr>
            <gpxtpx:cad>81</gpxtpx:cad>
          </gpxtpx:TrackPointExtension>
        </extensions>
      </trkpt>
      <trkpt lat="31.1274766736" lon="121.399951726">
        <ele>5.0</ele>
        <time>2026-09-09T23:22:29+08:00</time>
        <extensions>
          <gpxtpx:TrackPointExtension>
            <gpxtpx:hr>162</gpxtpx:hr>
            <gpxtpx:cad>81</gpxtpx:cad>
          </gpxtpx:TrackPointExtension>
        </extensions>
      </trkpt>
      <trkpt lat="31.1274733208" lon="121.399978297">
        <ele>5.2</ele>
        <time>2026-09-09T23:22:30+08:00</time>
        <extensions>
          <gpxtpx:TrackPointExtension>
            <gpxtpx:hr>162</gpxtpx:hr>
            <gpxtpx:cad>81</gpxtpx:cad>
          </gpxtpx:TrackPointExtension>
        </extensions>
      </trkpt>
      <trkpt lat="31.1274682917" lon="121.400006711">
        <ele>5.2</ele>
        <time>2026-09-09T23:22:31+08:00</time>
        <extensions>
          <gpxtpx:TrackPointExtension>
            <gpxtpx:hr>163</gpxtpx:hr>
            <gpxtpx:cad>81</gpxtpx:cad>
          </gpxtpx:TrackPointExtension>
        </extensions>
      </trkpt>
      <trkpt lat="31.1274632625" lon="121.400033282">
        <ele>5.2</ele>
        <time>2026-09-09T23:22:32+08:00</time>
        <extensions>
          <gpxtpx:TrackPointExtension>
            <gpxtpx:hr>163</gpxtpx:hr>
            <gpxtpx:cad>81</gpxtpx:cad>
          </gpxtpx:TrackPointExtension>
        </extensions>
      </trkpt>
      <trkpt lat="31.1274583172" lon="121.400056668">
        <ele>5.2</ele>
        <time>2026-09-09T23:22:33+08:00</time>
        <extensions>
          <gpxtpx:TrackPointExtension>
            <gpxtpx:hr>163</gpxtpx:hr>
            <gpxtpx:cad>81</gpxtpx:cad>
          </gpxtpx:TrackPointExtension>
        </extensions>
      </trkpt>
      <trkpt lat="31.1274532881" lon="121.400083322">
        <ele>5.2</ele>
        <time>2026-09-09T23:22:34+08:00</time>
        <extensions>
          <gpxtpx:TrackPointExtension>
            <gpxtpx:hr>163</gpxtpx:hr>
            <gpxtpx:cad>81</gpxtpx:cad>
          </gpxtpx:TrackPointExtension>
        </extensions>
      </trkpt>
      <trkpt lat="31.1274532881" lon="121.400109977">
        <ele>5.2</ele>
        <time>2026-09-09T23:22:35+08:00</time>
        <extensions>
          <gpxtpx:TrackPointExtension>
            <gpxtpx:hr>163</gpxtpx:hr>
            <gpxtpx:cad>81</gpxtpx:cad>
          </gpxtpx:TrackPointExtension>
        </extensions>
      </trkpt>
      <trkpt lat="31.1274532881" lon="121.400135038">
        <ele>5.2</ele>
        <time>2026-09-09T23:22:36+08:00</time>
        <extensions>
          <gpxtpx:TrackPointExtension>
            <gpxtpx:hr>164</gpxtpx:hr>
            <gpxtpx:cad>81</gpxtpx:cad>
          </gpxtpx:TrackPointExtension>
        </extensions>
      </trkpt>
      <trkpt lat="31.1274567246" lon="121.400160016">
        <ele>5.2</ele>
        <time>2026-09-09T23:22:37+08:00</time>
        <extensions>
          <gpxtpx:TrackPointExtension>
            <gpxtpx:hr>164</gpxtpx:hr>
            <gpxtpx:cad>81</gpxtpx:cad>
          </gpxtpx:TrackPointExtension>
        </extensions>
      </trkpt>
      <trkpt lat="31.1274632625" lon="121.400186671">
        <ele>5.2</ele>
        <time>2026-09-09T23:22:38+08:00</time>
        <extensions>
          <gpxtpx:TrackPointExtension>
            <gpxtpx:hr>164</gpxtpx:hr>
            <gpxtpx:cad>81</gpxtpx:cad>
          </gpxtpx:TrackPointExtension>
        </extensions>
      </trkpt>
      <trkpt lat="31.1274650227" lon="121.400213325">
        <ele>5.2</ele>
        <time>2026-09-09T23:22:39+08:00</time>
        <extensions>
          <gpxtpx:TrackPointExtension>
            <gpxtpx:hr>164</gpxtpx:hr>
            <gpxtpx:cad>81</gpxtpx:cad>
          </gpxtpx:TrackPointExtension>
        </extensions>
      </trkpt>
      <trkpt lat="31.1274650227" lon="121.400238303">
        <ele>5.2</ele>
        <time>2026-09-09T23:22:40+08:00</time>
        <extensions>
          <gpxtpx:TrackPointExtension>
            <gpxtpx:hr>163</gpxtpx:hr>
            <gpxtpx:cad>81</gpxtpx:cad>
          </gpxtpx:TrackPointExtension>
        </extensions>
      </trkpt>
      <trkpt lat="31.1274666991" lon="121.400263282">
        <ele>5.0</ele>
        <time>2026-09-09T23:22:41+08:00</time>
        <extensions>
          <gpxtpx:TrackPointExtension>
            <gpxtpx:hr>163</gpxtpx:hr>
            <gpxtpx:cad>81</gpxtpx:cad>
          </gpxtpx:TrackPointExtension>
        </extensions>
      </trkpt>
      <trkpt lat="31.1274666991" lon="121.400284991">
        <ele>5.2</ele>
        <time>2026-09-09T23:22:42+08:00</time>
        <extensions>
          <gpxtpx:TrackPointExtension>
            <gpxtpx:hr>163</gpxtpx:hr>
            <gpxtpx:cad>81</gpxtpx:cad>
          </gpxtpx:TrackPointExtension>
        </extensions>
      </trkpt>
      <trkpt lat="31.1274699681" lon="121.400309969">
        <ele>5.2</ele>
        <time>2026-09-09T23:22:43+08:00</time>
        <extensions>
          <gpxtpx:TrackPointExtension>
            <gpxtpx:hr>163</gpxtpx:hr>
            <gpxtpx:cad>81</gpxtpx:cad>
          </gpxtpx:TrackPointExtension>
        </extensions>
      </trkpt>
      <trkpt lat="31.1274666991" lon="121.400331678">
        <ele>5.2</ele>
        <time>2026-09-09T23:22:44+08:00</time>
        <extensions>
          <gpxtpx:TrackPointExtension>
            <gpxtpx:hr>164</gpxtpx:hr>
            <gpxtpx:cad>81</gpxtpx:cad>
          </gpxtpx:TrackPointExtension>
        </extensions>
      </trkpt>
      <trkpt lat="31.1274650227" lon="121.40035674">
        <ele>5.2</ele>
        <time>2026-09-09T23:22:45+08:00</time>
        <extensions>
          <gpxtpx:TrackPointExtension>
            <gpxtpx:hr>164</gpxtpx:hr>
            <gpxtpx:cad>81</gpxtpx:cad>
          </gpxtpx:TrackPointExtension>
        </extensions>
      </trkpt>
      <trkpt lat="31.12746167" lon="121.40038331">
        <ele>5.2</ele>
        <time>2026-09-09T23:22:46+08:00</time>
        <extensions>
          <gpxtpx:TrackPointExtension>
            <gpxtpx:hr>165</gpxtpx:hr>
            <gpxtpx:cad>81</gpxtpx:cad>
          </gpxtpx:TrackPointExtension>
        </extensions>
      </trkpt>
      <trkpt lat="31.12746167" lon="121.400409965">
        <ele>5.4</ele>
        <time>2026-09-09T23:22:47+08:00</time>
        <extensions>
          <gpxtpx:TrackPointExtension>
            <gpxtpx:hr>166</gpxtpx:hr>
            <gpxtpx:cad>81</gpxtpx:cad>
          </gpxtpx:TrackPointExtension>
        </extensions>
      </trkpt>
      <trkpt lat="31.1274632625" lon="121.400433267">
        <ele>5.4</ele>
        <time>2026-09-09T23:22:48+08:00</time>
        <extensions>
          <gpxtpx:TrackPointExtension>
            <gpxtpx:hr>166</gpxtpx:hr>
            <gpxtpx:cad>81</gpxtpx:cad>
          </gpxtpx:TrackPointExtension>
        </extensions>
      </trkpt>
      <trkpt lat="31.1274650227" lon="121.400456736">
        <ele>5.2</ele>
        <time>2026-09-09T23:22:49+08:00</time>
        <extensions>
          <gpxtpx:TrackPointExtension>
            <gpxtpx:hr>166</gpxtpx:hr>
            <gpxtpx:cad>81</gpxtpx:cad>
          </gpxtpx:TrackPointExtension>
        </extensions>
      </trkpt>
      <trkpt lat="31.12746167" lon="121.400480038">
        <ele>5.2</ele>
        <time>2026-09-09T23:22:50+08:00</time>
        <extensions>
          <gpxtpx:TrackPointExtension>
            <gpxtpx:hr>0</gpxtpx:hr>
            <gpxtpx:cad>81</gpxtpx:cad>
          </gpxtpx:TrackPointExtension>
        </extensions>
      </trkpt>
      <trkpt lat="31.1274599936" lon="121.400503339">
        <ele>5.2</ele>
        <time>2026-09-09T23:22:51+08:00</time>
        <extensions>
          <gpxtpx:TrackPointExtension>
            <gpxtpx:hr>165</gpxtpx:hr>
            <gpxtpx:cad>81</gpxtpx:cad>
          </gpxtpx:TrackPointExtension>
        </extensions>
      </trkpt>
      <trkpt lat="31.1274583172" lon="121.400544997">
        <ele>5.2</ele>
        <time>2026-09-09T23:22:53+08:00</time>
        <extensions>
          <gpxtpx:TrackPointExtension>
            <gpxtpx:hr>165</gpxtpx:hr>
            <gpxtpx:cad>81</gpxtpx:cad>
          </gpxtpx:TrackPointExtension>
        </extensions>
      </trkpt>
      <trkpt lat="31.1274567246" lon="121.400566706">
        <ele>5.2</ele>
        <time>2026-09-09T23:22:54+08:00</time>
        <extensions>
          <gpxtpx:TrackPointExtension>
            <gpxtpx:hr>0</gpxtpx:hr>
            <gpxtpx:cad>81</gpxtpx:cad>
          </gpxtpx:TrackPointExtension>
        </extensions>
      </trkpt>
      <trkpt lat="31.1274599936" lon="121.40061331">
        <ele>5.0</ele>
        <time>2026-09-09T23:22:56+08:00</time>
        <extensions>
          <gpxtpx:TrackPointExtension>
            <gpxtpx:hr>0</gpxtpx:hr>
            <gpxtpx:cad>81</gpxtpx:cad>
          </gpxtpx:TrackPointExtension>
        </extensions>
      </trkpt>
      <trkpt lat="31.12746167" lon="121.400638288">
        <ele>5.0</ele>
        <time>2026-09-09T23:22:57+08:00</time>
        <extensions>
          <gpxtpx:TrackPointExtension>
            <gpxtpx:hr>165</gpxtpx:hr>
            <gpxtpx:cad>81</gpxtpx:cad>
          </gpxtpx:TrackPointExtension>
        </extensions>
      </trkpt>
      <trkpt lat="31.12746167" lon="121.400659997">
        <ele>5.0</ele>
        <time>2026-09-09T23:22:58+08:00</time>
        <extensions>
          <gpxtpx:TrackPointExtension>
            <gpxtpx:hr>0</gpxtpx:hr>
            <gpxtpx:cad>81</gpxtpx:cad>
          </gpxtpx:TrackPointExtension>
        </extensions>
      </trkpt>
      <trkpt lat="31.12746167" lon="121.400681706">
        <ele>5.0</ele>
        <time>2026-09-09T23:22:59+08:00</time>
        <extensions>
          <gpxtpx:TrackPointExtension>
            <gpxtpx:hr>164</gpxtpx:hr>
            <gpxtpx:cad>81</gpxtpx:cad>
          </gpxtpx:TrackPointExtension>
        </extensions>
      </trkpt>
      <trkpt lat="31.1274632625" lon="121.400725041">
        <ele>5.0</ele>
        <time>2026-09-09T23:23:01+08:00</time>
        <extensions>
          <gpxtpx:TrackPointExtension>
            <gpxtpx:hr>164</gpxtpx:hr>
            <gpxtpx:cad>81</gpxtpx:cad>
          </gpxtpx:TrackPointExtension>
        </extensions>
      </trkpt>
      <trkpt lat="31.1274632625" lon="121.400741721">
        <ele>4.8</ele>
        <time>2026-09-09T23:23:02+08:00</time>
        <extensions>
          <gpxtpx:TrackPointExtension>
            <gpxtpx:hr>0</gpxtpx:hr>
            <gpxtpx:cad>81</gpxtpx:cad>
          </gpxtpx:TrackPointExtension>
        </extensions>
      </trkpt>
      <trkpt lat="31.1274682917" lon="121.400791677">
        <ele>4.8</ele>
        <time>2026-09-09T23:23:04+08:00</time>
        <extensions>
          <gpxtpx:TrackPointExtension>
            <gpxtpx:hr>0</gpxtpx:hr>
            <gpxtpx:cad>81</gpxtpx:cad>
          </gpxtpx:TrackPointExtension>
        </extensions>
      </trkpt>
      <trkpt lat="31.1274699681" lon="121.400814978">
        <ele>4.8</ele>
        <time>2026-09-09T23:23:05+08:00</time>
        <extensions>
          <gpxtpx:TrackPointExtension>
            <gpxtpx:hr>160</gpxtpx:hr>
            <gpxtpx:cad>81</gpxtpx:cad>
          </gpxtpx:TrackPointExtension>
        </extensions>
      </trkpt>
      <trkpt lat="31.1274733208" lon="121.40083828">
        <ele>4.8</ele>
        <time>2026-09-09T23:23:06+08:00</time>
        <extensions>
          <gpxtpx:TrackPointExtension>
            <gpxtpx:hr>0</gpxtpx:hr>
            <gpxtpx:cad>81</gpxtpx:cad>
          </gpxtpx:TrackPointExtension>
        </extensions>
      </trkpt>
      <trkpt lat="31.1274766736" lon="121.400859989">
        <ele>4.8</ele>
        <time>2026-09-09T23:23:07+08:00</time>
        <extensions>
          <gpxtpx:TrackPointExtension>
            <gpxtpx:hr>158</gpxtpx:hr>
            <gpxtpx:cad>81</gpxtpx:cad>
          </gpxtpx:TrackPointExtension>
        </extensions>
      </trkpt>
      <trkpt lat="31.1274800263" lon="121.400903324">
        <ele>4.6</ele>
        <time>2026-09-09T23:23:09+08:00</time>
        <extensions>
          <gpxtpx:TrackPointExtension>
            <gpxtpx:hr>156</gpxtpx:hr>
            <gpxtpx:cad>81</gpxtpx:cad>
          </gpxtpx:TrackPointExtension>
        </extensions>
      </trkpt>
      <trkpt lat="31.1274800263" lon="121.400926709">
        <ele>4.6</ele>
        <time>2026-09-09T23:23:10+08:00</time>
        <extensions>
          <gpxtpx:TrackPointExtension>
            <gpxtpx:hr>0</gpxtpx:hr>
            <gpxtpx:cad>81</gpxtpx:cad>
          </gpxtpx:TrackPointExtension>
        </extensions>
      </trkpt>
      <trkpt lat="31.1274800263" lon="121.40095328">
        <ele>4.6</ele>
        <time>2026-09-09T23:23:11+08:00</time>
        <extensions>
          <gpxtpx:TrackPointExtension>
            <gpxtpx:hr>155</gpxtpx:hr>
            <gpxtpx:cad>81</gpxtpx:cad>
          </gpxtpx:TrackPointExtension>
        </extensions>
      </trkpt>
      <trkpt lat="31.1274766736" lon="121.400980018">
        <ele>4.8</ele>
        <time>2026-09-09T23:23:12+08:00</time>
        <extensions>
          <gpxtpx:TrackPointExtension>
            <gpxtpx:hr>0</gpxtpx:hr>
            <gpxtpx:cad>81</gpxtpx:cad>
          </gpxtpx:TrackPointExtension>
        </extensions>
      </trkpt>
      <trkpt lat="31.1274766736" lon="121.401004996">
        <ele>4.8</ele>
        <time>2026-09-09T23:23:13+08:00</time>
        <extensions>
          <gpxtpx:TrackPointExtension>
            <gpxtpx:hr>155</gpxtpx:hr>
            <gpxtpx:cad>81</gpxtpx:cad>
          </gpxtpx:TrackPointExtension>
        </extensions>
      </trkpt>
      <trkpt lat="31.1274800263" lon="121.401028298">
        <ele>4.8</ele>
        <time>2026-09-09T23:23:14+08:00</time>
        <extensions>
          <gpxtpx:TrackPointExtension>
            <gpxtpx:hr>0</gpxtpx:hr>
            <gpxtpx:cad>81</gpxtpx:cad>
          </gpxtpx:TrackPointExtension>
        </extensions>
      </trkpt>
      <trkpt lat="31.1274817027" lon="121.401053276">
        <ele>4.6</ele>
        <time>2026-09-09T23:23:15+08:00</time>
        <extensions>
          <gpxtpx:TrackPointExtension>
            <gpxtpx:hr>155</gpxtpx:hr>
            <gpxtpx:cad>81</gpxtpx:cad>
          </gpxtpx:TrackPointExtension>
        </extensions>
      </trkpt>
      <trkpt lat="31.1274867319" lon="121.401078338">
        <ele>4.8</ele>
        <time>2026-09-09T23:23:16+08:00</time>
        <extensions>
          <gpxtpx:TrackPointExtension>
            <gpxtpx:hr>0</gpxtpx:hr>
            <gpxtpx:cad>81</gpxtpx:cad>
          </gpxtpx:TrackPointExtension>
        </extensions>
      </trkpt>
      <trkpt lat="31.1274967063" lon="121.401126701">
        <ele>4.8</ele>
        <time>2026-09-09T23:23:18+08:00</time>
        <extensions>
          <gpxtpx:TrackPointExtension>
            <gpxtpx:hr>0</gpxtpx:hr>
            <gpxtpx:cad>81</gpxtpx:cad>
          </gpxtpx:TrackPointExtension>
        </extensions>
      </trkpt>
      <trkpt lat="31.1274999753" lon="121.401151679">
        <ele>4.8</ele>
        <time>2026-09-09T23:23:19+08:00</time>
        <extensions>
          <gpxtpx:TrackPointExtension>
            <gpxtpx:hr>155</gpxtpx:hr>
            <gpxtpx:cad>81</gpxtpx:cad>
          </gpxtpx:TrackPointExtension>
        </extensions>
      </trkpt>
      <trkpt lat="31.1274999753" lon="121.401178334">
        <ele>4.8</ele>
        <time>2026-09-09T23:23:20+08:00</time>
        <extensions>
          <gpxtpx:TrackPointExtension>
            <gpxtpx:hr>0</gpxtpx:hr>
            <gpxtpx:cad>81</gpxtpx:cad>
          </gpxtpx:TrackPointExtension>
        </extensions>
      </trkpt>
      <trkpt lat="31.1275017355" lon="121.401199959">
        <ele>4.8</ele>
        <time>2026-09-09T23:23:21+08:00</time>
        <extensions>
          <gpxtpx:TrackPointExtension>
            <gpxtpx:hr>156</gpxtpx:hr>
            <gpxtpx:cad>81</gpxtpx:cad>
          </gpxtpx:TrackPointExtension>
        </extensions>
      </trkpt>
      <trkpt lat="31.127503328" lon="121.401221668">
        <ele>5.0</ele>
        <time>2026-09-09T23:23:22+08:00</time>
        <extensions>
          <gpxtpx:TrackPointExtension>
            <gpxtpx:hr>0</gpxtpx:hr>
            <gpxtpx:cad>81</gpxtpx:cad>
          </gpxtpx:TrackPointExtension>
        </extensions>
      </trkpt>
      <trkpt lat="31.127503328" lon="121.401243294">
        <ele>5.0</ele>
        <time>2026-09-09T23:23:23+08:00</time>
        <extensions>
          <gpxtpx:TrackPointExtension>
            <gpxtpx:hr>156</gpxtpx:hr>
            <gpxtpx:cad>81</gpxtpx:cad>
          </gpxtpx:TrackPointExtension>
        </extensions>
      </trkpt>
      <trkpt lat="31.1275017355" lon="121.401265003">
        <ele>5.2</ele>
        <time>2026-09-09T23:23:24+08:00</time>
        <extensions>
          <gpxtpx:TrackPointExtension>
            <gpxtpx:hr>0</gpxtpx:hr>
            <gpxtpx:cad>81</gpxtpx:cad>
          </gpxtpx:TrackPointExtension>
        </extensions>
      </trkpt>
      <trkpt lat="31.1274982989" lon="121.401285036">
        <ele>5.2</ele>
        <time>2026-09-09T23:23:25+08:00</time>
        <extensions>
          <gpxtpx:TrackPointExtension>
            <gpxtpx:hr>158</gpxtpx:hr>
            <gpxtpx:cad>81</gpxtpx:cad>
          </gpxtpx:TrackPointExtension>
        </extensions>
      </trkpt>
      <trkpt lat="31.1274982989" lon="121.401308337">
        <ele>5.2</ele>
        <time>2026-09-09T23:23:26+08:00</time>
        <extensions>
          <gpxtpx:TrackPointExtension>
            <gpxtpx:hr>0</gpxtpx:hr>
            <gpxtpx:cad>81</gpxtpx:cad>
          </gpxtpx:TrackPointExtension>
        </extensions>
      </trkpt>
      <trkpt lat="31.1274982989" lon="121.401331723">
        <ele>5.0</ele>
        <time>2026-09-09T23:23:27+08:00</time>
        <extensions>
          <gpxtpx:TrackPointExtension>
            <gpxtpx:hr>159</gpxtpx:hr>
            <gpxtpx:cad>81</gpxtpx:cad>
          </gpxtpx:TrackPointExtension>
        </extensions>
      </trkpt>
      <trkpt lat="31.1274967063" lon="121.401353264">
        <ele>5.0</ele>
        <time>2026-09-09T23:23:28+08:00</time>
        <extensions>
          <gpxtpx:TrackPointExtension>
            <gpxtpx:hr>0</gpxtpx:hr>
            <gpxtpx:cad>81</gpxtpx:cad>
          </gpxtpx:TrackPointExtension>
        </extensions>
      </trkpt>
      <trkpt lat="31.1275017355" lon="121.401376734">
        <ele>5.0</ele>
        <time>2026-09-09T23:23:29+08:00</time>
        <extensions>
          <gpxtpx:TrackPointExtension>
            <gpxtpx:hr>159</gpxtpx:hr>
            <gpxtpx:cad>81</gpxtpx:cad>
          </gpxtpx:TrackPointExtension>
        </extensions>
      </trkpt>
      <trkpt lat="31.1275100335" lon="121.401401712">
        <ele>5.0</ele>
        <time>2026-09-09T23:23:30+08:00</time>
        <extensions>
          <gpxtpx:TrackPointExtension>
            <gpxtpx:hr>0</gpxtpx:hr>
            <gpxtpx:cad>81</gpxtpx:cad>
          </gpxtpx:TrackPointExtension>
        </extensions>
      </trkpt>
      <trkpt lat="31.1275183316" lon="121.401423337">
        <ele>5.2</ele>
        <time>2026-09-09T23:23:31+08:00</time>
        <extensions>
          <gpxtpx:TrackPointExtension>
            <gpxtpx:hr>159</gpxtpx:hr>
            <gpxtpx:cad>81</gpxtpx:cad>
          </gpxtpx:TrackPointExtension>
        </extensions>
      </trkpt>
      <trkpt lat="31.1275333352" lon="121.401441693">
        <ele>5.2</ele>
        <time>2026-09-09T23:23:32+08:00</time>
        <extensions>
          <gpxtpx:TrackPointExtension>
            <gpxtpx:hr>0</gpxtpx:hr>
            <gpxtpx:cad>81</gpxtpx:cad>
          </gpxtpx:TrackPointExtension>
        </extensions>
      </trkpt>
      <trkpt lat="31.1275466625" lon="121.401458289">
        <ele>5.2</ele>
        <time>2026-09-09T23:23:33+08:00</time>
        <extensions>
          <gpxtpx:TrackPointExtension>
            <gpxtpx:hr>158</gpxtpx:hr>
            <gpxtpx:cad>81</gpxtpx:cad>
          </gpxtpx:TrackPointExtension>
        </extensions>
      </trkpt>
      <trkpt lat="31.1275650188" lon="121.401474969">
        <ele>5.2</ele>
        <time>2026-09-09T23:23:34+08:00</time>
        <extensions>
          <gpxtpx:TrackPointExtension>
            <gpxtpx:hr>0</gpxtpx:hr>
            <gpxtpx:cad>81</gpxtpx:cad>
          </gpxtpx:TrackPointExtension>
        </extensions>
      </trkpt>
      <trkpt lat="31.1275816988" lon="121.401486704">
        <ele>5.2</ele>
        <time>2026-09-09T23:23:35+08:00</time>
        <extensions>
          <gpxtpx:TrackPointExtension>
            <gpxtpx:hr>159</gpxtpx:hr>
            <gpxtpx:cad>81</gpxtpx:cad>
          </gpxtpx:TrackPointExtension>
        </extensions>
      </trkpt>
      <trkpt lat="31.1276017316" lon="121.401493326">
        <ele>5.2</ele>
        <time>2026-09-09T23:23:36+08:00</time>
        <extensions>
          <gpxtpx:TrackPointExtension>
            <gpxtpx:hr>0</gpxtpx:hr>
            <gpxtpx:cad>81</gpxtpx:cad>
          </gpxtpx:TrackPointExtension>
        </extensions>
      </trkpt>
      <trkpt lat="31.1276200041" lon="121.401500031">
        <ele>5.2</ele>
        <time>2026-09-09T23:23:37+08:00</time>
        <extensions>
          <gpxtpx:TrackPointExtension>
            <gpxtpx:hr>159</gpxtpx:hr>
            <gpxtpx:cad>81</gpxtpx:cad>
          </gpxtpx:TrackPointExtension>
        </extensions>
      </trkpt>
      <trkpt lat="31.1276400369" lon="121.4015033">
        <ele>5.2</ele>
        <time>2026-09-09T23:23:38+08:00</time>
        <extensions>
          <gpxtpx:TrackPointExtension>
            <gpxtpx:hr>0</gpxtpx:hr>
            <gpxtpx:cad>81</gpxtpx:cad>
          </gpxtpx:TrackPointExtension>
        </extensions>
      </trkpt>
      <trkpt lat="31.1276816949" lon="121.401508329">
        <ele>5.2</ele>
        <time>2026-09-09T23:23:40+08:00</time>
        <extensions>
          <gpxtpx:TrackPointExtension>
            <gpxtpx:hr>0</gpxtpx:hr>
            <gpxtpx:cad>81</gpxtpx:cad>
          </gpxtpx:TrackPointExtension>
        </extensions>
      </trkpt>
      <trkpt lat="31.1277049966" lon="121.401515035">
        <ele>5.0</ele>
        <time>2026-09-09T23:23:41+08:00</time>
        <extensions>
          <gpxtpx:TrackPointExtension>
            <gpxtpx:hr>158</gpxtpx:hr>
            <gpxtpx:cad>81</gpxtpx:cad>
          </gpxtpx:TrackPointExtension>
        </extensions>
      </trkpt>
      <trkpt lat="31.1277267057" lon="121.401523333">
        <ele>5.0</ele>
        <time>2026-09-09T23:23:42+08:00</time>
        <extensions>
          <gpxtpx:TrackPointExtension>
            <gpxtpx:hr>0</gpxtpx:hr>
            <gpxtpx:cad>81</gpxtpx:cad>
          </gpxtpx:TrackPointExtension>
        </extensions>
      </trkpt>
      <trkpt lat="31.1277467385" lon="121.401526686">
        <ele>5.0</ele>
        <time>2026-09-09T23:23:43+08:00</time>
        <extensions>
          <gpxtpx:TrackPointExtension>
            <gpxtpx:hr>157</gpxtpx:hr>
            <gpxtpx:cad>81</gpxtpx:cad>
          </gpxtpx:TrackPointExtension>
        </extensions>
      </trkpt>
      <trkpt lat="31.1277633347" lon="121.401528278">
        <ele>5.0</ele>
        <time>2026-09-09T23:23:44+08:00</time>
        <extensions>
          <gpxtpx:TrackPointExtension>
            <gpxtpx:hr>0</gpxtpx:hr>
            <gpxtpx:cad>81</gpxtpx:cad>
          </gpxtpx:TrackPointExtension>
        </extensions>
      </trkpt>
      <trkpt lat="31.1277800146" lon="121.401530039">
        <ele>5.0</ele>
        <time>2026-09-09T23:23:45+08:00</time>
        <extensions>
          <gpxtpx:TrackPointExtension>
            <gpxtpx:hr>158</gpxtpx:hr>
            <gpxtpx:cad>81</gpxtpx:cad>
          </gpxtpx:TrackPointExtension>
        </extensions>
      </trkpt>
      <trkpt lat="31.1278167274" lon="121.401533308">
        <ele>5.0</ele>
        <time>2026-09-09T23:23:47+08:00</time>
        <extensions>
          <gpxtpx:TrackPointExtension>
            <gpxtpx:hr>157</gpxtpx:hr>
            <gpxtpx:cad>81</gpxtpx:cad>
          </gpxtpx:TrackPointExtension>
        </extensions>
      </trkpt>
      <trkpt lat="31.127831731" lon="121.40153666">
        <ele>5.0</ele>
        <time>2026-09-09T23:23:48+08:00</time>
        <extensions>
          <gpxtpx:TrackPointExtension>
            <gpxtpx:hr>0</gpxtpx:hr>
            <gpxtpx:cad>81</gpxtpx:cad>
          </gpxtpx:TrackPointExtension>
        </extensions>
      </trkpt>
      <trkpt lat="31.1278650071" lon="121.401530039">
        <ele>5.0</ele>
        <time>2026-09-09T23:23:50+08:00</time>
        <extensions>
          <gpxtpx:TrackPointExtension>
            <gpxtpx:hr>0</gpxtpx:hr>
            <gpxtpx:cad>81</gpxtpx:cad>
          </gpxtpx:TrackPointExtension>
        </extensions>
      </trkpt>
      <trkpt lat="31.1278950144" lon="121.401523333">
        <ele>5.0</ele>
        <time>2026-09-09T23:23:52+08:00</time>
        <extensions>
          <gpxtpx:TrackPointExtension>
            <gpxtpx:hr>0</gpxtpx:hr>
            <gpxtpx:cad>81</gpxtpx:cad>
          </gpxtpx:TrackPointExtension>
        </extensions>
      </trkpt>
      <trkpt lat="31.1279232614" lon="121.401516711">
        <ele>5.0</ele>
        <time>2026-09-09T23:23:54+08:00</time>
        <extensions>
          <gpxtpx:TrackPointExtension>
            <gpxtpx:hr>0</gpxtpx:hr>
            <gpxtpx:cad>81</gpxtpx:cad>
          </gpxtpx:TrackPointExtension>
        </extensions>
      </trkpt>
      <trkpt lat="31.1279617343" lon="121.4015033">
        <ele>5.0</ele>
        <time>2026-09-09T23:23:56+08:00</time>
        <extensions>
          <gpxtpx:TrackPointExtension>
            <gpxtpx:hr>0</gpxtpx:hr>
            <gpxtpx:cad>81</gpxtpx:cad>
          </gpxtpx:TrackPointExtension>
        </extensions>
      </trkpt>
      <trkpt lat="31.1279800069" lon="121.401496679">
        <ele>5.0</ele>
        <time>2026-09-09T23:23:57+08:00</time>
        <extensions>
          <gpxtpx:TrackPointExtension>
            <gpxtpx:hr>158</gpxtpx:hr>
            <gpxtpx:cad>81</gpxtpx:cad>
          </gpxtpx:TrackPointExtension>
        </extensions>
      </trkpt>
      <trkpt lat="31.1280216649" lon="121.401486704">
        <ele>5.0</ele>
        <time>2026-09-09T23:23:59+08:00</time>
        <extensions>
          <gpxtpx:TrackPointExtension>
            <gpxtpx:hr>158</gpxtpx:hr>
            <gpxtpx:cad>82</gpxtpx:cad>
          </gpxtpx:TrackPointExtension>
        </extensions>
      </trkpt>
      <trkpt lat="31.1280700285" lon="121.401483268">
        <ele>4.8</ele>
        <time>2026-09-09T23:24:01+08:00</time>
        <extensions>
          <gpxtpx:TrackPointExtension>
            <gpxtpx:hr>158</gpxtpx:hr>
            <gpxtpx:cad>82</gpxtpx:cad>
          </gpxtpx:TrackPointExtension>
        </extensions>
      </trkpt>
      <trkpt lat="31.1280917376" lon="121.401483268">
        <ele>4.8</ele>
        <time>2026-09-09T23:24:02+08:00</time>
        <extensions>
          <gpxtpx:TrackPointExtension>
            <gpxtpx:hr>0</gpxtpx:hr>
            <gpxtpx:cad>82</gpxtpx:cad>
          </gpxtpx:TrackPointExtension>
        </extensions>
      </trkpt>
      <trkpt lat="31.1281132791" lon="121.401483268">
        <ele>4.8</ele>
        <time>2026-09-09T23:24:03+08:00</time>
        <extensions>
          <gpxtpx:TrackPointExtension>
            <gpxtpx:hr>158</gpxtpx:hr>
            <gpxtpx:cad>82</gpxtpx:cad>
          </gpxtpx:TrackPointExtension>
        </extensions>
      </trkpt>
      <trkpt lat="31.1281349882" lon="121.401481675">
        <ele>4.8</ele>
        <time>2026-09-09T23:24:04+08:00</time>
        <extensions>
          <gpxtpx:TrackPointExtension>
            <gpxtpx:hr>159</gpxtpx:hr>
            <gpxtpx:cad>82</gpxtpx:cad>
          </gpxtpx:TrackPointExtension>
        </extensions>
      </trkpt>
      <trkpt lat="31.1281566974" lon="121.401479999">
        <ele>4.8</ele>
        <time>2026-09-09T23:24:05+08:00</time>
        <extensions>
          <gpxtpx:TrackPointExtension>
            <gpxtpx:hr>159</gpxtpx:hr>
            <gpxtpx:cad>82</gpxtpx:cad>
          </gpxtpx:TrackPointExtension>
        </extensions>
      </trkpt>
      <trkpt lat="31.1281767301" lon="121.401474969">
        <ele>4.8</ele>
        <time>2026-09-09T23:24:06+08:00</time>
        <extensions>
          <gpxtpx:TrackPointExtension>
            <gpxtpx:hr>159</gpxtpx:hr>
            <gpxtpx:cad>82</gpxtpx:cad>
          </gpxtpx:TrackPointExtension>
        </extensions>
      </trkpt>
      <trkpt lat="31.1281966791" lon="121.401471701">
        <ele>4.8</ele>
        <time>2026-09-09T23:24:07+08:00</time>
        <extensions>
          <gpxtpx:TrackPointExtension>
            <gpxtpx:hr>159</gpxtpx:hr>
            <gpxtpx:cad>83</gpxtpx:cad>
          </gpxtpx:TrackPointExtension>
        </extensions>
      </trkpt>
      <trkpt lat="31.1282132752" lon="121.401464995">
        <ele>4.8</ele>
        <time>2026-09-09T23:24:08+08:00</time>
        <extensions>
          <gpxtpx:TrackPointExtension>
            <gpxtpx:hr>160</gpxtpx:hr>
            <gpxtpx:cad>83</gpxtpx:cad>
          </gpxtpx:TrackPointExtension>
        </extensions>
      </trkpt>
      <trkpt lat="31.128233308" lon="121.401470024">
        <ele>4.8</ele>
        <time>2026-09-09T23:24:09+08:00</time>
        <extensions>
          <gpxtpx:TrackPointExtension>
            <gpxtpx:hr>160</gpxtpx:hr>
            <gpxtpx:cad>83</gpxtpx:cad>
          </gpxtpx:TrackPointExtension>
        </extensions>
      </trkpt>
      <trkpt lat="31.1282732897" lon="121.401468264">
        <ele>4.8</ele>
        <time>2026-09-09T23:24:11+08:00</time>
        <extensions>
          <gpxtpx:TrackPointExtension>
            <gpxtpx:hr>160</gpxtpx:hr>
            <gpxtpx:cad>83</gpxtpx:cad>
          </gpxtpx:TrackPointExtension>
        </extensions>
      </trkpt>
      <trkpt lat="31.1282917298" lon="121.401466671">
        <ele>5.0</ele>
        <time>2026-09-09T23:24:12+08:00</time>
        <extensions>
          <gpxtpx:TrackPointExtension>
            <gpxtpx:hr>160</gpxtpx:hr>
            <gpxtpx:cad>83</gpxtpx:cad>
          </gpxtpx:TrackPointExtension>
        </extensions>
      </trkpt>
      <trkpt lat="31.1283132713" lon="121.401471701">
        <ele>5.0</ele>
        <time>2026-09-09T23:24:13+08:00</time>
        <extensions>
          <gpxtpx:TrackPointExtension>
            <gpxtpx:hr>160</gpxtpx:hr>
            <gpxtpx:cad>83</gpxtpx:cad>
          </gpxtpx:TrackPointExtension>
        </extensions>
      </trkpt>
      <trkpt lat="31.1283349805" lon="121.401471701">
        <ele>5.0</ele>
        <time>2026-09-09T23:24:14+08:00</time>
        <extensions>
          <gpxtpx:TrackPointExtension>
            <gpxtpx:hr>160</gpxtpx:hr>
            <gpxtpx:cad>83</gpxtpx:cad>
          </gpxtpx:TrackPointExtension>
        </extensions>
      </trkpt>
      <trkpt lat="31.1283566896" lon="121.401471701">
        <ele>5.0</ele>
        <time>2026-09-09T23:24:15+08:00</time>
        <extensions>
          <gpxtpx:TrackPointExtension>
            <gpxtpx:hr>160</gpxtpx:hr>
            <gpxtpx:cad>83</gpxtpx:cad>
          </gpxtpx:TrackPointExtension>
        </extensions>
      </trkpt>
      <trkpt lat="31.1283767223" lon="121.401471701">
        <ele>4.8</ele>
        <time>2026-09-09T23:24:16+08:00</time>
        <extensions>
          <gpxtpx:TrackPointExtension>
            <gpxtpx:hr>160</gpxtpx:hr>
            <gpxtpx:cad>83</gpxtpx:cad>
          </gpxtpx:TrackPointExtension>
        </extensions>
      </trkpt>
      <trkpt lat="31.1283949949" lon="121.401463319">
        <ele>4.8</ele>
        <time>2026-09-09T23:24:17+08:00</time>
        <extensions>
          <gpxtpx:TrackPointExtension>
            <gpxtpx:hr>161</gpxtpx:hr>
            <gpxtpx:cad>83</gpxtpx:cad>
          </gpxtpx:TrackPointExtension>
        </extensions>
      </trkpt>
      <trkpt lat="31.128416704" lon="121.401455021">
        <ele>5.0</ele>
        <time>2026-09-09T23:24:18+08:00</time>
        <extensions>
          <gpxtpx:TrackPointExtension>
            <gpxtpx:hr>161</gpxtpx:hr>
            <gpxtpx:cad>83</gpxtpx:cad>
          </gpxtpx:TrackPointExtension>
        </extensions>
      </trkpt>
      <trkpt lat="31.1284349766" lon="121.401455021">
        <ele>5.0</ele>
        <time>2026-09-09T23:24:19+08:00</time>
        <extensions>
          <gpxtpx:TrackPointExtension>
            <gpxtpx:hr>161</gpxtpx:hr>
            <gpxtpx:cad>83</gpxtpx:cad>
          </gpxtpx:TrackPointExtension>
        </extensions>
      </trkpt>
      <trkpt lat="31.1284566857" lon="121.40145326">
        <ele>5.2</ele>
        <time>2026-09-09T23:24:20+08:00</time>
        <extensions>
          <gpxtpx:TrackPointExtension>
            <gpxtpx:hr>161</gpxtpx:hr>
            <gpxtpx:cad>83</gpxtpx:cad>
          </gpxtpx:TrackPointExtension>
        </extensions>
      </trkpt>
      <trkpt lat="31.1284767184" lon="121.401451668">
        <ele>5.2</ele>
        <time>2026-09-09T23:24:21+08:00</time>
        <extensions>
          <gpxtpx:TrackPointExtension>
            <gpxtpx:hr>160</gpxtpx:hr>
            <gpxtpx:cad>83</gpxtpx:cad>
          </gpxtpx:TrackPointExtension>
        </extensions>
      </trkpt>
      <trkpt lat="31.1284966674" lon="121.40145326">
        <ele>5.2</ele>
        <time>2026-09-09T23:24:22+08:00</time>
        <extensions>
          <gpxtpx:TrackPointExtension>
            <gpxtpx:hr>161</gpxtpx:hr>
            <gpxtpx:cad>83</gpxtpx:cad>
          </gpxtpx:TrackPointExtension>
        </extensions>
      </trkpt>
      <trkpt lat="31.1285150237" lon="121.40145326">
        <ele>5.2</ele>
        <time>2026-09-09T23:24:23+08:00</time>
        <extensions>
          <gpxtpx:TrackPointExtension>
            <gpxtpx:hr>160</gpxtpx:hr>
            <gpxtpx:cad>83</gpxtpx:cad>
          </gpxtpx:TrackPointExtension>
        </extensions>
      </trkpt>
      <trkpt lat="31.1285332963" lon="121.401455021">
        <ele>5.2</ele>
        <time>2026-09-09T23:24:24+08:00</time>
        <extensions>
          <gpxtpx:TrackPointExtension>
            <gpxtpx:hr>160</gpxtpx:hr>
            <gpxtpx:cad>83</gpxtpx:cad>
          </gpxtpx:TrackPointExtension>
        </extensions>
      </trkpt>
      <trkpt lat="31.1285550054" lon="121.401458289">
        <ele>5.0</ele>
        <time>2026-09-09T23:24:25+08:00</time>
        <extensions>
          <gpxtpx:TrackPointExtension>
            <gpxtpx:hr>160</gpxtpx:hr>
            <gpxtpx:cad>83</gpxtpx:cad>
          </gpxtpx:TrackPointExtension>
        </extensions>
      </trkpt>
      <trkpt lat="31.128573278" lon="121.401464995">
        <ele>5.0</ele>
        <time>2026-09-09T23:24:26+08:00</time>
        <extensions>
          <gpxtpx:TrackPointExtension>
            <gpxtpx:hr>160</gpxtpx:hr>
            <gpxtpx:cad>83</gpxtpx:cad>
          </gpxtpx:TrackPointExtension>
        </extensions>
      </trkpt>
      <trkpt lat="31.1285917182" lon="121.401471701">
        <ele>5.0</ele>
        <time>2026-09-09T23:24:27+08:00</time>
        <extensions>
          <gpxtpx:TrackPointExtension>
            <gpxtpx:hr>160</gpxtpx:hr>
            <gpxtpx:cad>83</gpxtpx:cad>
          </gpxtpx:TrackPointExtension>
        </extensions>
      </trkpt>
      <trkpt lat="31.1286132596" lon="121.401474969">
        <ele>5.0</ele>
        <time>2026-09-09T23:24:28+08:00</time>
        <extensions>
          <gpxtpx:TrackPointExtension>
            <gpxtpx:hr>160</gpxtpx:hr>
            <gpxtpx:cad>83</gpxtpx:cad>
          </gpxtpx:TrackPointExtension>
        </extensions>
      </trkpt>
      <trkpt lat="31.1286332924" lon="121.401474969">
        <ele>5.0</ele>
        <time>2026-09-09T23:24:29+08:00</time>
        <extensions>
          <gpxtpx:TrackPointExtension>
            <gpxtpx:hr>160</gpxtpx:hr>
            <gpxtpx:cad>83</gpxtpx:cad>
          </gpxtpx:TrackPointExtension>
        </extensions>
      </trkpt>
      <trkpt lat="31.1286533251" lon="121.401471701">
        <ele>5.0</ele>
        <time>2026-09-09T23:24:30+08:00</time>
        <extensions>
          <gpxtpx:TrackPointExtension>
            <gpxtpx:hr>160</gpxtpx:hr>
            <gpxtpx:cad>83</gpxtpx:cad>
          </gpxtpx:TrackPointExtension>
        </extensions>
      </trkpt>
      <trkpt lat="31.1286716815" lon="121.401470024">
        <ele>5.0</ele>
        <time>2026-09-09T23:24:31+08:00</time>
        <extensions>
          <gpxtpx:TrackPointExtension>
            <gpxtpx:hr>160</gpxtpx:hr>
            <gpxtpx:cad>83</gpxtpx:cad>
          </gpxtpx:TrackPointExtension>
        </extensions>
      </trkpt>
      <trkpt lat="31.1286900379" lon="121.401468264">
        <ele>5.0</ele>
        <time>2026-09-09T23:24:32+08:00</time>
        <extensions>
          <gpxtpx:TrackPointExtension>
            <gpxtpx:hr>160</gpxtpx:hr>
            <gpxtpx:cad>83</gpxtpx:cad>
          </gpxtpx:TrackPointExtension>
        </extensions>
      </trkpt>
      <trkpt lat="31.1287099868" lon="121.401464995">
        <ele>4.8</ele>
        <time>2026-09-09T23:24:33+08:00</time>
        <extensions>
          <gpxtpx:TrackPointExtension>
            <gpxtpx:hr>161</gpxtpx:hr>
            <gpxtpx:cad>83</gpxtpx:cad>
          </gpxtpx:TrackPointExtension>
        </extensions>
      </trkpt>
      <trkpt lat="31.1287249904" lon="121.401464995">
        <ele>4.8</ele>
        <time>2026-09-09T23:24:34+08:00</time>
        <extensions>
          <gpxtpx:TrackPointExtension>
            <gpxtpx:hr>161</gpxtpx:hr>
            <gpxtpx:cad>83</gpxtpx:cad>
          </gpxtpx:TrackPointExtension>
        </extensions>
      </trkpt>
      <trkpt lat="31.1287617031" lon="121.401463319">
        <ele>4.8</ele>
        <time>2026-09-09T23:24:36+08:00</time>
        <extensions>
          <gpxtpx:TrackPointExtension>
            <gpxtpx:hr>159</gpxtpx:hr>
            <gpxtpx:cad>83</gpxtpx:cad>
          </gpxtpx:TrackPointExtension>
        </extensions>
      </trkpt>
      <trkpt lat="31.1287782993" lon="121.401448315">
        <ele>4.8</ele>
        <time>2026-09-09T23:24:38+08:00</time>
        <extensions>
          <gpxtpx:TrackPointExtension>
            <gpxtpx:hr>158</gpxtpx:hr>
            <gpxtpx:cad>83</gpxtpx:cad>
          </gpxtpx:TrackPointExtension>
        </extensions>
      </trkpt>
      <trkpt lat="31.1287517287" lon="121.401441693">
        <ele>4.8</ele>
        <time>2026-09-09T23:24:40+08:00</time>
        <extensions>
          <gpxtpx:TrackPointExtension>
            <gpxtpx:hr>157</gpxtpx:hr>
            <gpxtpx:cad>83</gpxtpx:cad>
          </gpxtpx:TrackPointExtension>
        </extensions>
      </trkpt>
      <trkpt lat="31.1287166923" lon="121.401438341">
        <ele>4.8</ele>
        <time>2026-09-09T23:24:42+08:00</time>
        <extensions>
          <gpxtpx:TrackPointExtension>
            <gpxtpx:hr>155</gpxtpx:hr>
            <gpxtpx:cad>83</gpxtpx:cad>
          </gpxtpx:TrackPointExtension>
        </extensions>
      </trkpt>
      <trkpt lat="31.1287000123" lon="121.401438341">
        <ele>4.8</ele>
        <time>2026-09-09T23:24:43+08:00</time>
        <extensions>
          <gpxtpx:TrackPointExtension>
            <gpxtpx:hr>155</gpxtpx:hr>
            <gpxtpx:cad>82</gpxtpx:cad>
          </gpxtpx:TrackPointExtension>
        </extensions>
      </trkpt>
      <trkpt lat="31.128664976" lon="121.401441693">
        <ele>4.8</ele>
        <time>2026-09-09T23:24:45+08:00</time>
        <extensions>
          <gpxtpx:TrackPointExtension>
            <gpxtpx:hr>156</gpxtpx:hr>
            <gpxtpx:cad>81</gpxtpx:cad>
          </gpxtpx:TrackPointExtension>
        </extensions>
      </trkpt>
      <trkpt lat="31.1286316998" lon="121.401441693">
        <ele>4.8</ele>
        <time>2026-09-09T23:24:47+08:00</time>
        <extensions>
          <gpxtpx:TrackPointExtension>
            <gpxtpx:hr>155</gpxtpx:hr>
            <gpxtpx:cad>81</gpxtpx:cad>
          </gpxtpx:TrackPointExtension>
        </extensions>
      </trkpt>
      <trkpt lat="31.1285917182" lon="121.401444962">
        <ele>4.8</ele>
        <time>2026-09-09T23:24:49+08:00</time>
        <extensions>
          <gpxtpx:TrackPointExtension>
            <gpxtpx:hr>153</gpxtpx:hr>
            <gpxtpx:cad>81</gpxtpx:cad>
          </gpxtpx:TrackPointExtension>
        </extensions>
      </trkpt>
      <trkpt lat="31.128573278" lon="121.401443286">
        <ele>4.8</ele>
        <time>2026-09-09T23:24:50+08:00</time>
        <extensions>
          <gpxtpx:TrackPointExtension>
            <gpxtpx:hr>153</gpxtpx:hr>
            <gpxtpx:cad>81</gpxtpx:cad>
          </gpxtpx:TrackPointExtension>
        </extensions>
      </trkpt>
      <trkpt lat="31.1285199691" lon="121.401443286">
        <ele>4.8</ele>
        <time>2026-09-09T23:24:53+08:00</time>
        <extensions>
          <gpxtpx:TrackPointExtension>
            <gpxtpx:hr>153</gpxtpx:hr>
            <gpxtpx:cad>82</gpxtpx:cad>
          </gpxtpx:TrackPointExtension>
        </extensions>
      </trkpt>
      <trkpt lat="31.1284850165" lon="121.401449991">
        <ele>4.8</ele>
        <time>2026-09-09T23:24:55+08:00</time>
        <extensions>
          <gpxtpx:TrackPointExtension>
            <gpxtpx:hr>154</gpxtpx:hr>
            <gpxtpx:cad>82</gpxtpx:cad>
          </gpxtpx:TrackPointExtension>
        </extensions>
      </trkpt>
      <trkpt lat="31.1284467112" lon="121.40145326">
        <ele>4.8</ele>
        <time>2026-09-09T23:24:57+08:00</time>
        <extensions>
          <gpxtpx:TrackPointExtension>
            <gpxtpx:hr>154</gpxtpx:hr>
            <gpxtpx:cad>82</gpxtpx:cad>
          </gpxtpx:TrackPointExtension>
        </extensions>
      </trkpt>
      <trkpt lat="31.1284266785" lon="121.401455021">
        <ele>4.8</ele>
        <time>2026-09-09T23:24:58+08:00</time>
        <extensions>
          <gpxtpx:TrackPointExtension>
            <gpxtpx:hr>154</gpxtpx:hr>
            <gpxtpx:cad>82</gpxtpx:cad>
          </gpxtpx:TrackPointExtension>
        </extensions>
      </trkpt>
      <trkpt lat="31.1283917259" lon="121.401459966">
        <ele>4.6</ele>
        <time>2026-09-09T23:25:00+08:00</time>
        <extensions>
          <gpxtpx:TrackPointExtension>
            <gpxtpx:hr>154</gpxtpx:hr>
            <gpxtpx:cad>82</gpxtpx:cad>
          </gpxtpx:TrackPointExtension>
        </extensions>
      </trkpt>
      <trkpt lat="31.128341686" lon="121.401456697">
        <ele>4.6</ele>
        <time>2026-09-09T23:25:03+08:00</time>
        <extensions>
          <gpxtpx:TrackPointExtension>
            <gpxtpx:hr>155</gpxtpx:hr>
            <gpxtpx:cad>83</gpxtpx:cad>
          </gpxtpx:TrackPointExtension>
        </extensions>
      </trkpt>
      <trkpt lat="31.1283049732" lon="121.401451668">
        <ele>4.6</ele>
        <time>2026-09-09T23:25:05+08:00</time>
        <extensions>
          <gpxtpx:TrackPointExtension>
            <gpxtpx:hr>155</gpxtpx:hr>
            <gpxtpx:cad>83</gpxtpx:cad>
          </gpxtpx:TrackPointExtension>
        </extensions>
      </trkpt>
      <trkpt lat="31.1282882933" lon="121.40145326">
        <ele>4.6</ele>
        <time>2026-09-09T23:25:06+08:00</time>
        <extensions>
          <gpxtpx:TrackPointExtension>
            <gpxtpx:hr>155</gpxtpx:hr>
            <gpxtpx:cad>83</gpxtpx:cad>
          </gpxtpx:TrackPointExtension>
        </extensions>
      </trkpt>
      <trkpt lat="31.1282516643" lon="121.401458289">
        <ele>4.8</ele>
        <time>2026-09-09T23:25:08+08:00</time>
        <extensions>
          <gpxtpx:TrackPointExtension>
            <gpxtpx:hr>155</gpxtpx:hr>
            <gpxtpx:cad>83</gpxtpx:cad>
          </gpxtpx:TrackPointExtension>
        </extensions>
      </trkpt>
      <trkpt lat="31.1282150354" lon="121.401461726">
        <ele>4.8</ele>
        <time>2026-09-09T23:25:10+08:00</time>
        <extensions>
          <gpxtpx:TrackPointExtension>
            <gpxtpx:hr>156</gpxtpx:hr>
            <gpxtpx:cad>83</gpxtpx:cad>
          </gpxtpx:TrackPointExtension>
        </extensions>
      </trkpt>
      <trkpt lat="31.1281783227" lon="121.401461726">
        <ele>4.8</ele>
        <time>2026-09-09T23:25:12+08:00</time>
        <extensions>
          <gpxtpx:TrackPointExtension>
            <gpxtpx:hr>156</gpxtpx:hr>
            <gpxtpx:cad>83</gpxtpx:cad>
          </gpxtpx:TrackPointExtension>
        </extensions>
      </trkpt>
      <trkpt lat="31.1281449627" lon="121.401464995">
        <ele>4.8</ele>
        <time>2026-09-09T23:25:14+08:00</time>
        <extensions>
          <gpxtpx:TrackPointExtension>
            <gpxtpx:hr>156</gpxtpx:hr>
            <gpxtpx:cad>83</gpxtpx:cad>
          </gpxtpx:TrackPointExtension>
        </extensions>
      </trkpt>
      <trkpt lat="31.1281100102" lon="121.401468264">
        <ele>4.8</ele>
        <time>2026-09-09T23:25:16+08:00</time>
        <extensions>
          <gpxtpx:TrackPointExtension>
            <gpxtpx:hr>157</gpxtpx:hr>
            <gpxtpx:cad>83</gpxtpx:cad>
          </gpxtpx:TrackPointExtension>
        </extensions>
      </trkpt>
      <trkpt lat="31.1280816793" lon="121.401468264">
        <ele>5.0</ele>
        <time>2026-09-09T23:25:18+08:00</time>
        <extensions>
          <gpxtpx:TrackPointExtension>
            <gpxtpx:hr>156</gpxtpx:hr>
            <gpxtpx:cad>83</gpxtpx:cad>
          </gpxtpx:TrackPointExtension>
        </extensions>
      </trkpt>
      <trkpt lat="31.1280467268" lon="121.401473293">
        <ele>4.8</ele>
        <time>2026-09-09T23:25:20+08:00</time>
        <extensions>
          <gpxtpx:TrackPointExtension>
            <gpxtpx:hr>156</gpxtpx:hr>
            <gpxtpx:cad>83</gpxtpx:cad>
          </gpxtpx:TrackPointExtension>
        </extensions>
      </trkpt>
      <trkpt lat="31.1280116905" lon="121.401474969">
        <ele>5.0</ele>
        <time>2026-09-09T23:25:22+08:00</time>
        <extensions>
          <gpxtpx:TrackPointExtension>
            <gpxtpx:hr>156</gpxtpx:hr>
            <gpxtpx:cad>83</gpxtpx:cad>
          </gpxtpx:TrackPointExtension>
        </extensions>
      </trkpt>
      <trkpt lat="31.1279767379" lon="121.401479999">
        <ele>5.0</ele>
        <time>2026-09-09T23:25:24+08:00</time>
        <extensions>
          <gpxtpx:TrackPointExtension>
            <gpxtpx:hr>155</gpxtpx:hr>
            <gpxtpx:cad>83</gpxtpx:cad>
          </gpxtpx:TrackPointExtension>
        </extensions>
      </trkpt>
      <trkpt lat="31.127938265" lon="121.401478322">
        <ele>5.0</ele>
        <time>2026-09-09T23:25:26+08:00</time>
        <extensions>
          <gpxtpx:TrackPointExtension>
            <gpxtpx:hr>154</gpxtpx:hr>
            <gpxtpx:cad>83</gpxtpx:cad>
          </gpxtpx:TrackPointExtension>
        </extensions>
      </trkpt>
      <trkpt lat="31.1279199924" lon="121.40147673">
        <ele>4.8</ele>
        <time>2026-09-09T23:25:27+08:00</time>
        <extensions>
          <gpxtpx:TrackPointExtension>
            <gpxtpx:hr>154</gpxtpx:hr>
            <gpxtpx:cad>83</gpxtpx:cad>
          </gpxtpx:TrackPointExtension>
        </extensions>
      </trkpt>
      <trkpt lat="31.1278867163" lon="121.401474969">
        <ele>4.8</ele>
        <time>2026-09-09T23:25:29+08:00</time>
        <extensions>
          <gpxtpx:TrackPointExtension>
            <gpxtpx:hr>153</gpxtpx:hr>
            <gpxtpx:cad>82</gpxtpx:cad>
          </gpxtpx:TrackPointExtension>
        </extensions>
      </trkpt>
      <trkpt lat="31.1278483272" lon="121.401491733">
        <ele>5.0</ele>
        <time>2026-09-09T23:25:31+08:00</time>
        <extensions>
          <gpxtpx:TrackPointExtension>
            <gpxtpx:hr>153</gpxtpx:hr>
            <gpxtpx:cad>82</gpxtpx:cad>
          </gpxtpx:TrackPointExtension>
        </extensions>
      </trkpt>
      <trkpt lat="31.1278333236" lon="121.401500031">
        <ele>5.0</ele>
        <time>2026-09-09T23:25:32+08:00</time>
        <extensions>
          <gpxtpx:TrackPointExtension>
            <gpxtpx:hr>153</gpxtpx:hr>
            <gpxtpx:cad>82</gpxtpx:cad>
          </gpxtpx:TrackPointExtension>
        </extensions>
      </trkpt>
      <trkpt lat="31.1278167274" lon="121.401506737">
        <ele>5.0</ele>
        <time>2026-09-09T23:25:33+08:00</time>
        <extensions>
          <gpxtpx:TrackPointExtension>
            <gpxtpx:hr>154</gpxtpx:hr>
            <gpxtpx:cad>82</gpxtpx:cad>
          </gpxtpx:TrackPointExtension>
        </extensions>
      </trkpt>
      <trkpt lat="31.1278049927" lon="121.4015033">
        <ele>5.0</ele>
        <time>2026-09-09T23:25:34+08:00</time>
        <extensions>
          <gpxtpx:TrackPointExtension>
            <gpxtpx:hr>153</gpxtpx:hr>
            <gpxtpx:cad>82</gpxtpx:cad>
          </gpxtpx:TrackPointExtension>
        </extensions>
      </trkpt>
      <trkpt lat="31.1277800146" lon="121.401501708">
        <ele>4.8</ele>
        <time>2026-09-09T23:25:36+08:00</time>
        <extensions>
          <gpxtpx:TrackPointExtension>
            <gpxtpx:hr>154</gpxtpx:hr>
            <gpxtpx:cad>82</gpxtpx:cad>
          </gpxtpx:TrackPointExtension>
        </extensions>
      </trkpt>
      <trkpt lat="31.1277417094" lon="121.401500031">
        <ele>4.8</ele>
        <time>2026-09-09T23:25:38+08:00</time>
        <extensions>
          <gpxtpx:TrackPointExtension>
            <gpxtpx:hr>152</gpxtpx:hr>
            <gpxtpx:cad>82</gpxtpx:cad>
          </gpxtpx:TrackPointExtension>
        </extensions>
      </trkpt>
      <trkpt lat="31.1277250294" lon="121.401504977">
        <ele>4.8</ele>
        <time>2026-09-09T23:25:39+08:00</time>
        <extensions>
          <gpxtpx:TrackPointExtension>
            <gpxtpx:hr>152</gpxtpx:hr>
            <gpxtpx:cad>82</gpxtpx:cad>
          </gpxtpx:TrackPointExtension>
        </extensions>
      </trkpt>
      <trkpt lat="31.1276766658" lon="121.401501708">
        <ele>4.8</ele>
        <time>2026-09-09T23:25:42+08:00</time>
        <extensions>
          <gpxtpx:TrackPointExtension>
            <gpxtpx:hr>151</gpxtpx:hr>
            <gpxtpx:cad>82</gpxtpx:cad>
          </gpxtpx:TrackPointExtension>
        </extensions>
      </trkpt>
      <trkpt lat="31.1276382767" lon="121.401496679">
        <ele>4.8</ele>
        <time>2026-09-09T23:25:44+08:00</time>
        <extensions>
          <gpxtpx:TrackPointExtension>
            <gpxtpx:hr>150</gpxtpx:hr>
            <gpxtpx:cad>82</gpxtpx:cad>
          </gpxtpx:TrackPointExtension>
        </extensions>
      </trkpt>
      <trkpt lat="31.127598295" lon="121.401486704">
        <ele>4.8</ele>
        <time>2026-09-09T23:25:46+08:00</time>
        <extensions>
          <gpxtpx:TrackPointExtension>
            <gpxtpx:hr>150</gpxtpx:hr>
            <gpxtpx:cad>82</gpxtpx:cad>
          </gpxtpx:TrackPointExtension>
        </extensions>
      </trkpt>
      <trkpt lat="31.1275816988" lon="121.401478322">
        <ele>4.8</ele>
        <time>2026-09-09T23:25:47+08:00</time>
        <extensions>
          <gpxtpx:TrackPointExtension>
            <gpxtpx:hr>151</gpxtpx:hr>
            <gpxtpx:cad>82</gpxtpx:cad>
          </gpxtpx:TrackPointExtension>
        </extensions>
      </trkpt>
      <trkpt lat="31.1275400408" lon="121.401461726">
        <ele>4.4</ele>
        <time>2026-09-09T23:25:49+08:00</time>
        <extensions>
          <gpxtpx:TrackPointExtension>
            <gpxtpx:hr>150</gpxtpx:hr>
            <gpxtpx:cad>82</gpxtpx:cad>
          </gpxtpx:TrackPointExtension>
        </extensions>
      </trkpt>
      <trkpt lat="31.1275082733" lon="121.401444962">
        <ele>4.4</ele>
        <time>2026-09-09T23:25:51+08:00</time>
        <extensions>
          <gpxtpx:TrackPointExtension>
            <gpxtpx:hr>151</gpxtpx:hr>
            <gpxtpx:cad>82</gpxtpx:cad>
          </gpxtpx:TrackPointExtension>
        </extensions>
      </trkpt>
      <trkpt lat="31.1274916772" lon="121.401431719">
        <ele>4.4</ele>
        <time>2026-09-09T23:25:52+08:00</time>
        <extensions>
          <gpxtpx:TrackPointExtension>
            <gpxtpx:hr>151</gpxtpx:hr>
            <gpxtpx:cad>82</gpxtpx:cad>
          </gpxtpx:TrackPointExtension>
        </extensions>
      </trkpt>
      <trkpt lat="31.1274666991" lon="121.401391737">
        <ele>4.2</ele>
        <time>2026-09-09T23:25:54+08:00</time>
        <extensions>
          <gpxtpx:TrackPointExtension>
            <gpxtpx:hr>150</gpxtpx:hr>
            <gpxtpx:cad>82</gpxtpx:cad>
          </gpxtpx:TrackPointExtension>
        </extensions>
      </trkpt>
      <trkpt lat="31.1274567246" lon="121.401373297">
        <ele>4.2</ele>
        <time>2026-09-09T23:25:55+08:00</time>
        <extensions>
          <gpxtpx:TrackPointExtension>
            <gpxtpx:hr>150</gpxtpx:hr>
            <gpxtpx:cad>82</gpxtpx:cad>
          </gpxtpx:TrackPointExtension>
        </extensions>
      </trkpt>
      <trkpt lat="31.1274500191" lon="121.401353264">
        <ele>4.2</ele>
        <time>2026-09-09T23:25:56+08:00</time>
        <extensions>
          <gpxtpx:TrackPointExtension>
            <gpxtpx:hr>150</gpxtpx:hr>
            <gpxtpx:cad>82</gpxtpx:cad>
          </gpxtpx:TrackPointExtension>
        </extensions>
      </trkpt>
      <trkpt lat="31.12744499" lon="121.401331723">
        <ele>4.2</ele>
        <time>2026-09-09T23:25:57+08:00</time>
        <extensions>
          <gpxtpx:TrackPointExtension>
            <gpxtpx:hr>149</gpxtpx:hr>
            <gpxtpx:cad>82</gpxtpx:cad>
          </gpxtpx:TrackPointExtension>
        </extensions>
      </trkpt>
      <trkpt lat="31.1274433136" lon="121.401286712">
        <ele>4.2</ele>
        <time>2026-09-09T23:25:59+08:00</time>
        <extensions>
          <gpxtpx:TrackPointExtension>
            <gpxtpx:hr>149</gpxtpx:hr>
            <gpxtpx:cad>82</gpxtpx:cad>
          </gpxtpx:TrackPointExtension>
        </extensions>
      </trkpt>
      <trkpt lat="31.12744499" lon="121.401265003">
        <ele>4.2</ele>
        <time>2026-09-09T23:26:00+08:00</time>
        <extensions>
          <gpxtpx:TrackPointExtension>
            <gpxtpx:hr>149</gpxtpx:hr>
            <gpxtpx:cad>82</gpxtpx:cad>
          </gpxtpx:TrackPointExtension>
        </extensions>
      </trkpt>
      <trkpt lat="31.1274466664" lon="121.401243294">
        <ele>4.2</ele>
        <time>2026-09-09T23:26:01+08:00</time>
        <extensions>
          <gpxtpx:TrackPointExtension>
            <gpxtpx:hr>149</gpxtpx:hr>
            <gpxtpx:cad>82</gpxtpx:cad>
          </gpxtpx:TrackPointExtension>
        </extensions>
      </trkpt>
      <trkpt lat="31.1274500191" lon="121.401221668">
        <ele>4.2</ele>
        <time>2026-09-09T23:26:02+08:00</time>
        <extensions>
          <gpxtpx:TrackPointExtension>
            <gpxtpx:hr>149</gpxtpx:hr>
            <gpxtpx:cad>82</gpxtpx:cad>
          </gpxtpx:TrackPointExtension>
        </extensions>
      </trkpt>
      <trkpt lat="31.1274532881" lon="121.401199959">
        <ele>4.2</ele>
        <time>2026-09-09T23:26:03+08:00</time>
        <extensions>
          <gpxtpx:TrackPointExtension>
            <gpxtpx:hr>149</gpxtpx:hr>
            <gpxtpx:cad>82</gpxtpx:cad>
          </gpxtpx:TrackPointExtension>
        </extensions>
      </trkpt>
      <trkpt lat="31.1274532881" lon="121.401178334">
        <ele>4.4</ele>
        <time>2026-09-09T23:26:04+08:00</time>
        <extensions>
          <gpxtpx:TrackPointExtension>
            <gpxtpx:hr>150</gpxtpx:hr>
            <gpxtpx:cad>83</gpxtpx:cad>
          </gpxtpx:TrackPointExtension>
        </extensions>
      </trkpt>
      <trkpt lat="31.1274532881" lon="121.401158301">
        <ele>4.4</ele>
        <time>2026-09-09T23:26:05+08:00</time>
        <extensions>
          <gpxtpx:TrackPointExtension>
            <gpxtpx:hr>150</gpxtpx:hr>
            <gpxtpx:cad>83</gpxtpx:cad>
          </gpxtpx:TrackPointExtension>
        </extensions>
      </trkpt>
      <trkpt lat="31.1274482589" lon="121.401136676">
        <ele>4.6</ele>
        <time>2026-09-09T23:26:06+08:00</time>
        <extensions>
          <gpxtpx:TrackPointExtension>
            <gpxtpx:hr>150</gpxtpx:hr>
            <gpxtpx:cad>83</gpxtpx:cad>
          </gpxtpx:TrackPointExtension>
        </extensions>
      </trkpt>
      <trkpt lat="31.12744499" lon="121.401116727">
        <ele>4.6</ele>
        <time>2026-09-09T23:26:07+08:00</time>
        <extensions>
          <gpxtpx:TrackPointExtension>
            <gpxtpx:hr>151</gpxtpx:hr>
            <gpxtpx:cad>83</gpxtpx:cad>
          </gpxtpx:TrackPointExtension>
        </extensions>
      </trkpt>
      <trkpt lat="31.1274433136" lon="121.401098287">
        <ele>4.8</ele>
        <time>2026-09-09T23:26:08+08:00</time>
        <extensions>
          <gpxtpx:TrackPointExtension>
            <gpxtpx:hr>151</gpxtpx:hr>
            <gpxtpx:cad>83</gpxtpx:cad>
          </gpxtpx:TrackPointExtension>
        </extensions>
      </trkpt>
      <trkpt lat="31.127441721" lon="121.401056712">
        <ele>4.8</ele>
        <time>2026-09-09T23:26:10+08:00</time>
        <extensions>
          <gpxtpx:TrackPointExtension>
            <gpxtpx:hr>152</gpxtpx:hr>
            <gpxtpx:cad>83</gpxtpx:cad>
          </gpxtpx:TrackPointExtension>
        </extensions>
      </trkpt>
      <trkpt lat="31.1274399608" lon="121.401018323">
        <ele>4.8</ele>
        <time>2026-09-09T23:26:12+08:00</time>
        <extensions>
          <gpxtpx:TrackPointExtension>
            <gpxtpx:hr>153</gpxtpx:hr>
            <gpxtpx:cad>83</gpxtpx:cad>
          </gpxtpx:TrackPointExtension>
        </extensions>
      </trkpt>
      <trkpt lat="31.1274366919" lon="121.400974989">
        <ele>4.8</ele>
        <time>2026-09-09T23:26:14+08:00</time>
        <extensions>
          <gpxtpx:TrackPointExtension>
            <gpxtpx:hr>153</gpxtpx:hr>
            <gpxtpx:cad>83</gpxtpx:cad>
          </gpxtpx:TrackPointExtension>
        </extensions>
      </trkpt>
      <trkpt lat="31.1274316628" lon="121.400931738">
        <ele>4.6</ele>
        <time>2026-09-09T23:26:16+08:00</time>
        <extensions>
          <gpxtpx:TrackPointExtension>
            <gpxtpx:hr>154</gpxtpx:hr>
            <gpxtpx:cad>83</gpxtpx:cad>
          </gpxtpx:TrackPointExtension>
        </extensions>
      </trkpt>
      <trkpt lat="31.1274299864" lon="121.400910029">
        <ele>4.6</ele>
        <time>2026-09-09T23:26:17+08:00</time>
        <extensions>
          <gpxtpx:TrackPointExtension>
            <gpxtpx:hr>154</gpxtpx:hr>
            <gpxtpx:cad>83</gpxtpx:cad>
          </gpxtpx:TrackPointExtension>
        </extensions>
      </trkpt>
      <trkpt lat="31.12742831" lon="121.400863258">
        <ele>4.2</ele>
        <time>2026-09-09T23:26:19+08:00</time>
        <extensions>
          <gpxtpx:TrackPointExtension>
            <gpxtpx:hr>154</gpxtpx:hr>
            <gpxtpx:cad>83</gpxtpx:cad>
          </gpxtpx:TrackPointExtension>
        </extensions>
      </trkpt>
      <trkpt lat="31.1274267174" lon="121.400816739">
        <ele>3.8</ele>
        <time>2026-09-09T23:26:21+08:00</time>
        <extensions>
          <gpxtpx:TrackPointExtension>
            <gpxtpx:hr>154</gpxtpx:hr>
            <gpxtpx:cad>83</gpxtpx:cad>
          </gpxtpx:TrackPointExtension>
        </extensions>
      </trkpt>
      <trkpt lat="31.1274232809" lon="121.400795029">
        <ele>3.6</ele>
        <time>2026-09-09T23:26:22+08:00</time>
        <extensions>
          <gpxtpx:TrackPointExtension>
            <gpxtpx:hr>153</gpxtpx:hr>
            <gpxtpx:cad>83</gpxtpx:cad>
          </gpxtpx:TrackPointExtension>
        </extensions>
      </trkpt>
      <trkpt lat="31.1274216883" lon="121.400771728">
        <ele>3.6</ele>
        <time>2026-09-09T23:26:23+08:00</time>
        <extensions>
          <gpxtpx:TrackPointExtension>
            <gpxtpx:hr>153</gpxtpx:hr>
            <gpxtpx:cad>83</gpxtpx:cad>
          </gpxtpx:TrackPointExtension>
        </extensions>
      </trkpt>
      <trkpt lat="31.1274200119" lon="121.400748258">
        <ele>3.6</ele>
        <time>2026-09-09T23:26:24+08:00</time>
        <extensions>
          <gpxtpx:TrackPointExtension>
            <gpxtpx:hr>153</gpxtpx:hr>
            <gpxtpx:cad>83</gpxtpx:cad>
          </gpxtpx:TrackPointExtension>
        </extensions>
      </trkpt>
      <trkpt lat="31.1274216883" lon="121.400726717">
        <ele>3.6</ele>
        <time>2026-09-09T23:26:25+08:00</time>
        <extensions>
          <gpxtpx:TrackPointExtension>
            <gpxtpx:hr>154</gpxtpx:hr>
            <gpxtpx:cad>83</gpxtpx:cad>
          </gpxtpx:TrackPointExtension>
        </extensions>
      </trkpt>
      <trkpt lat="31.1274200119" lon="121.400706684">
        <ele>3.8</ele>
        <time>2026-09-09T23:26:26+08:00</time>
        <extensions>
          <gpxtpx:TrackPointExtension>
            <gpxtpx:hr>154</gpxtpx:hr>
            <gpxtpx:cad>83</gpxtpx:cad>
          </gpxtpx:TrackPointExtension>
        </extensions>
      </trkpt>
      <trkpt lat="31.1274200119" lon="121.400683299">
        <ele>3.6</ele>
        <time>2026-09-09T23:26:27+08:00</time>
        <extensions>
          <gpxtpx:TrackPointExtension>
            <gpxtpx:hr>154</gpxtpx:hr>
            <gpxtpx:cad>83</gpxtpx:cad>
          </gpxtpx:TrackPointExtension>
        </extensions>
      </trkpt>
      <trkpt lat="31.1274183355" lon="121.400663266">
        <ele>3.8</ele>
        <time>2026-09-09T23:26:28+08:00</time>
        <extensions>
          <gpxtpx:TrackPointExtension>
            <gpxtpx:hr>154</gpxtpx:hr>
            <gpxtpx:cad>83</gpxtpx:cad>
          </gpxtpx:TrackPointExtension>
        </extensions>
      </trkpt>
      <trkpt lat="31.1274166591" lon="121.400641724">
        <ele>3.8</ele>
        <time>2026-09-09T23:26:29+08:00</time>
        <extensions>
          <gpxtpx:TrackPointExtension>
            <gpxtpx:hr>155</gpxtpx:hr>
            <gpxtpx:cad>83</gpxtpx:cad>
          </gpxtpx:TrackPointExtension>
        </extensions>
      </trkpt>
      <trkpt lat="31.1274183355" lon="121.400620015">
        <ele>4.0</ele>
        <time>2026-09-09T23:26:30+08:00</time>
        <extensions>
          <gpxtpx:TrackPointExtension>
            <gpxtpx:hr>155</gpxtpx:hr>
            <gpxtpx:cad>83</gpxtpx:cad>
          </gpxtpx:TrackPointExtension>
        </extensions>
      </trkpt>
      <trkpt lat="31.1274183355" lon="121.400578273">
        <ele>4.2</ele>
        <time>2026-09-09T23:26:32+08:00</time>
        <extensions>
          <gpxtpx:TrackPointExtension>
            <gpxtpx:hr>155</gpxtpx:hr>
            <gpxtpx:cad>83</gpxtpx:cad>
          </gpxtpx:TrackPointExtension>
        </extensions>
      </trkpt>
      <trkpt lat="31.1274166591" lon="121.400556732">
        <ele>4.2</ele>
        <time>2026-09-09T23:26:33+08:00</time>
        <extensions>
          <gpxtpx:TrackPointExtension>
            <gpxtpx:hr>155</gpxtpx:hr>
            <gpxtpx:cad>83</gpxtpx:cad>
          </gpxtpx:TrackPointExtension>
        </extensions>
      </trkpt>
      <trkpt lat="31.1274166591" lon="121.400509961">
        <ele>4.2</ele>
        <time>2026-09-09T23:26:35+08:00</time>
        <extensions>
          <gpxtpx:TrackPointExtension>
            <gpxtpx:hr>155</gpxtpx:hr>
            <gpxtpx:cad>83</gpxtpx:cad>
          </gpxtpx:TrackPointExtension>
        </extensions>
      </trkpt>
      <trkpt lat="31.1274149828" lon="121.40046671">
        <ele>4.0</ele>
        <time>2026-09-09T23:26:37+08:00</time>
        <extensions>
          <gpxtpx:TrackPointExtension>
            <gpxtpx:hr>155</gpxtpx:hr>
            <gpxtpx:cad>83</gpxtpx:cad>
          </gpxtpx:TrackPointExtension>
        </extensions>
      </trkpt>
      <trkpt lat="31.1274100374" lon="121.400445001">
        <ele>4.0</ele>
        <time>2026-09-09T23:26:38+08:00</time>
        <extensions>
          <gpxtpx:TrackPointExtension>
            <gpxtpx:hr>154</gpxtpx:hr>
            <gpxtpx:cad>83</gpxtpx:cad>
          </gpxtpx:TrackPointExtension>
        </extensions>
      </trkpt>
      <trkpt lat="31.1274066847" lon="121.400401667">
        <ele>3.8</ele>
        <time>2026-09-09T23:26:40+08:00</time>
        <extensions>
          <gpxtpx:TrackPointExtension>
            <gpxtpx:hr>153</gpxtpx:hr>
            <gpxtpx:cad>83</gpxtpx:cad>
          </gpxtpx:TrackPointExtension>
        </extensions>
      </trkpt>
      <trkpt lat="31.1274082772" lon="121.400376689">
        <ele>3.8</ele>
        <time>2026-09-09T23:26:41+08:00</time>
        <extensions>
          <gpxtpx:TrackPointExtension>
            <gpxtpx:hr>153</gpxtpx:hr>
            <gpxtpx:cad>83</gpxtpx:cad>
          </gpxtpx:TrackPointExtension>
        </extensions>
      </trkpt>
      <trkpt lat="31.1274066847" lon="121.40035498">
        <ele>3.8</ele>
        <time>2026-09-09T23:26:42+08:00</time>
        <extensions>
          <gpxtpx:TrackPointExtension>
            <gpxtpx:hr>152</gpxtpx:hr>
            <gpxtpx:cad>83</gpxtpx:cad>
          </gpxtpx:TrackPointExtension>
        </extensions>
      </trkpt>
      <trkpt lat="31.1274082772" lon="121.400330001">
        <ele>3.8</ele>
        <time>2026-09-09T23:26:43+08:00</time>
        <extensions>
          <gpxtpx:TrackPointExtension>
            <gpxtpx:hr>152</gpxtpx:hr>
            <gpxtpx:cad>83</gpxtpx:cad>
          </gpxtpx:TrackPointExtension>
        </extensions>
      </trkpt>
      <trkpt lat="31.1274100374" lon="121.400308292">
        <ele>3.8</ele>
        <time>2026-09-09T23:26:44+08:00</time>
        <extensions>
          <gpxtpx:TrackPointExtension>
            <gpxtpx:hr>152</gpxtpx:hr>
            <gpxtpx:cad>83</gpxtpx:cad>
          </gpxtpx:TrackPointExtension>
        </extensions>
      </trkpt>
      <trkpt lat="31.1274117138" lon="121.400286667">
        <ele>3.8</ele>
        <time>2026-09-09T23:26:45+08:00</time>
        <extensions>
          <gpxtpx:TrackPointExtension>
            <gpxtpx:hr>152</gpxtpx:hr>
            <gpxtpx:cad>83</gpxtpx:cad>
          </gpxtpx:TrackPointExtension>
        </extensions>
      </trkpt>
      <trkpt lat="31.1274133064" lon="121.400263282">
        <ele>3.8</ele>
        <time>2026-09-09T23:26:46+08:00</time>
        <extensions>
          <gpxtpx:TrackPointExtension>
            <gpxtpx:hr>151</gpxtpx:hr>
            <gpxtpx:cad>83</gpxtpx:cad>
          </gpxtpx:TrackPointExtension>
        </extensions>
      </trkpt>
      <trkpt lat="31.1274117138" lon="121.40023998">
        <ele>3.6</ele>
        <time>2026-09-09T23:26:47+08:00</time>
        <extensions>
          <gpxtpx:TrackPointExtension>
            <gpxtpx:hr>151</gpxtpx:hr>
            <gpxtpx:cad>83</gpxtpx:cad>
          </gpxtpx:TrackPointExtension>
        </extensions>
      </trkpt>
      <trkpt lat="31.1274117138" lon="121.400218271">
        <ele>3.6</ele>
        <time>2026-09-09T23:26:48+08:00</time>
        <extensions>
          <gpxtpx:TrackPointExtension>
            <gpxtpx:hr>151</gpxtpx:hr>
            <gpxtpx:cad>83</gpxtpx:cad>
          </gpxtpx:TrackPointExtension>
        </extensions>
      </trkpt>
      <trkpt lat="31.1274117138" lon="121.400198322">
        <ele>3.6</ele>
        <time>2026-09-09T23:26:49+08:00</time>
        <extensions>
          <gpxtpx:TrackPointExtension>
            <gpxtpx:hr>152</gpxtpx:hr>
            <gpxtpx:cad>83</gpxtpx:cad>
          </gpxtpx:TrackPointExtension>
        </extensions>
      </trkpt>
      <trkpt lat="31.1274117138" lon="121.400178289">
        <ele>3.6</ele>
        <time>2026-09-09T23:26:50+08:00</time>
        <extensions>
          <gpxtpx:TrackPointExtension>
            <gpxtpx:hr>152</gpxtpx:hr>
            <gpxtpx:cad>82</gpxtpx:cad>
          </gpxtpx:TrackPointExtension>
        </extensions>
      </trkpt>
      <trkpt lat="31.1274117138" lon="121.400135038">
        <ele>3.8</ele>
        <time>2026-09-09T23:26:52+08:00</time>
        <extensions>
          <gpxtpx:TrackPointExtension>
            <gpxtpx:hr>153</gpxtpx:hr>
            <gpxtpx:cad>82</gpxtpx:cad>
          </gpxtpx:TrackPointExtension>
        </extensions>
      </trkpt>
      <trkpt lat="31.1274149828" lon="121.400113329">
        <ele>4.0</ele>
        <time>2026-09-09T23:26:53+08:00</time>
        <extensions>
          <gpxtpx:TrackPointExtension>
            <gpxtpx:hr>153</gpxtpx:hr>
            <gpxtpx:cad>82</gpxtpx:cad>
          </gpxtpx:TrackPointExtension>
        </extensions>
      </trkpt>
      <trkpt lat="31.1274133064" lon="121.400096733">
        <ele>4.2</ele>
        <time>2026-09-09T23:26:54+08:00</time>
        <extensions>
          <gpxtpx:TrackPointExtension>
            <gpxtpx:hr>154</gpxtpx:hr>
            <gpxtpx:cad>82</gpxtpx:cad>
          </gpxtpx:TrackPointExtension>
        </extensions>
      </trkpt>
      <trkpt lat="31.1274082772" lon="121.400051722">
        <ele>4.2</ele>
        <time>2026-09-09T23:26:56+08:00</time>
        <extensions>
          <gpxtpx:TrackPointExtension>
            <gpxtpx:hr>154</gpxtpx:hr>
            <gpxtpx:cad>82</gpxtpx:cad>
          </gpxtpx:TrackPointExtension>
        </extensions>
      </trkpt>
      <trkpt lat="31.1274066847" lon="121.400005035">
        <ele>4.2</ele>
        <time>2026-09-09T23:26:58+08:00</time>
        <extensions>
          <gpxtpx:TrackPointExtension>
            <gpxtpx:hr>154</gpxtpx:hr>
            <gpxtpx:cad>82</gpxtpx:cad>
          </gpxtpx:TrackPointExtension>
        </extensions>
      </trkpt>
      <trkpt lat="31.1274050083" lon="121.399983326">
        <ele>4.2</ele>
        <time>2026-09-09T23:26:59+08:00</time>
        <extensions>
          <gpxtpx:TrackPointExtension>
            <gpxtpx:hr>154</gpxtpx:hr>
            <gpxtpx:cad>82</gpxtpx:cad>
          </gpxtpx:TrackPointExtension>
        </extensions>
      </trkpt>
      <trkpt lat="31.1274017394" lon="121.399938315">
        <ele>4.2</ele>
        <time>2026-09-09T23:27:01+08:00</time>
        <extensions>
          <gpxtpx:TrackPointExtension>
            <gpxtpx:hr>153</gpxtpx:hr>
            <gpxtpx:cad>82</gpxtpx:cad>
          </gpxtpx:TrackPointExtension>
        </extensions>
      </trkpt>
      <trkpt lat="31.1274033319" lon="121.399890035">
        <ele>4.4</ele>
        <time>2026-09-09T23:27:03+08:00</time>
        <extensions>
          <gpxtpx:TrackPointExtension>
            <gpxtpx:hr>153</gpxtpx:hr>
            <gpxtpx:cad>82</gpxtpx:cad>
          </gpxtpx:TrackPointExtension>
        </extensions>
      </trkpt>
      <trkpt lat="31.1274066847" lon="121.399866734">
        <ele>4.4</ele>
        <time>2026-09-09T23:27:04+08:00</time>
        <extensions>
          <gpxtpx:TrackPointExtension>
            <gpxtpx:hr>152</gpxtpx:hr>
            <gpxtpx:cad>82</gpxtpx:cad>
          </gpxtpx:TrackPointExtension>
        </extensions>
      </trkpt>
      <trkpt lat="31.1274082772" lon="121.399843264">
        <ele>4.2</ele>
        <time>2026-09-09T23:27:05+08:00</time>
        <extensions>
          <gpxtpx:TrackPointExtension>
            <gpxtpx:hr>152</gpxtpx:hr>
            <gpxtpx:cad>82</gpxtpx:cad>
          </gpxtpx:TrackPointExtension>
        </extensions>
      </trkpt>
      <trkpt lat="31.1274100374" lon="121.399819963">
        <ele>4.2</ele>
        <time>2026-09-09T23:27:06+08:00</time>
        <extensions>
          <gpxtpx:TrackPointExtension>
            <gpxtpx:hr>151</gpxtpx:hr>
            <gpxtpx:cad>82</gpxtpx:cad>
          </gpxtpx:TrackPointExtension>
        </extensions>
      </trkpt>
      <trkpt lat="31.1274100374" lon="121.399798337">
        <ele>4.0</ele>
        <time>2026-09-09T23:27:07+08:00</time>
        <extensions>
          <gpxtpx:TrackPointExtension>
            <gpxtpx:hr>150</gpxtpx:hr>
            <gpxtpx:cad>82</gpxtpx:cad>
          </gpxtpx:TrackPointExtension>
        </extensions>
      </trkpt>
      <trkpt lat="31.1274100374" lon="121.399773275">
        <ele>4.0</ele>
        <time>2026-09-09T23:27:08+08:00</time>
        <extensions>
          <gpxtpx:TrackPointExtension>
            <gpxtpx:hr>150</gpxtpx:hr>
            <gpxtpx:cad>82</gpxtpx:cad>
          </gpxtpx:TrackPointExtension>
        </extensions>
      </trkpt>
      <trkpt lat="31.1274117138" lon="121.399751734">
        <ele>4.0</ele>
        <time>2026-09-09T23:27:09+08:00</time>
        <extensions>
          <gpxtpx:TrackPointExtension>
            <gpxtpx:hr>149</gpxtpx:hr>
            <gpxtpx:cad>82</gpxtpx:cad>
          </gpxtpx:TrackPointExtension>
        </extensions>
      </trkpt>
      <trkpt lat="31.1274117138" lon="121.399726672">
        <ele>4.2</ele>
        <time>2026-09-09T23:27:10+08:00</time>
        <extensions>
          <gpxtpx:TrackPointExtension>
            <gpxtpx:hr>149</gpxtpx:hr>
            <gpxtpx:cad>82</gpxtpx:cad>
          </gpxtpx:TrackPointExtension>
        </extensions>
      </trkpt>
      <trkpt lat="31.1274117138" lon="121.399703287">
        <ele>4.2</ele>
        <time>2026-09-09T23:27:11+08:00</time>
        <extensions>
          <gpxtpx:TrackPointExtension>
            <gpxtpx:hr>148</gpxtpx:hr>
            <gpxtpx:cad>82</gpxtpx:cad>
          </gpxtpx:TrackPointExtension>
        </extensions>
      </trkpt>
      <trkpt lat="31.1274133064" lon="121.399679985">
        <ele>4.2</ele>
        <time>2026-09-09T23:27:12+08:00</time>
        <extensions>
          <gpxtpx:TrackPointExtension>
            <gpxtpx:hr>148</gpxtpx:hr>
            <gpxtpx:cad>82</gpxtpx:cad>
          </gpxtpx:TrackPointExtension>
        </extensions>
      </trkpt>
      <trkpt lat="31.1274166591" lon="121.399656683">
        <ele>4.2</ele>
        <time>2026-09-09T23:27:13+08:00</time>
        <extensions>
          <gpxtpx:TrackPointExtension>
            <gpxtpx:hr>149</gpxtpx:hr>
            <gpxtpx:cad>82</gpxtpx:cad>
          </gpxtpx:TrackPointExtension>
        </extensions>
      </trkpt>
      <trkpt lat="31.1274216883" lon="121.399631705">
        <ele>4.2</ele>
        <time>2026-09-09T23:27:14+08:00</time>
        <extensions>
          <gpxtpx:TrackPointExtension>
            <gpxtpx:hr>149</gpxtpx:hr>
            <gpxtpx:cad>82</gpxtpx:cad>
          </gpxtpx:TrackPointExtension>
        </extensions>
      </trkpt>
      <trkpt lat="31.1274267174" lon="121.399604967">
        <ele>4.2</ele>
        <time>2026-09-09T23:27:15+08:00</time>
        <extensions>
          <gpxtpx:TrackPointExtension>
            <gpxtpx:hr>149</gpxtpx:hr>
            <gpxtpx:cad>82</gpxtpx:cad>
          </gpxtpx:TrackPointExtension>
        </extensions>
      </trkpt>
      <trkpt lat="31.1274316628" lon="121.399579989">
        <ele>4.2</ele>
        <time>2026-09-09T23:27:16+08:00</time>
        <extensions>
          <gpxtpx:TrackPointExtension>
            <gpxtpx:hr>148</gpxtpx:hr>
            <gpxtpx:cad>82</gpxtpx:cad>
          </gpxtpx:TrackPointExtension>
        </extensions>
      </trkpt>
      <trkpt lat="31.1274366919" lon="121.399556687">
        <ele>4.2</ele>
        <time>2026-09-09T23:27:17+08:00</time>
        <extensions>
          <gpxtpx:TrackPointExtension>
            <gpxtpx:hr>148</gpxtpx:hr>
            <gpxtpx:cad>82</gpxtpx:cad>
          </gpxtpx:TrackPointExtension>
        </extensions>
      </trkpt>
      <trkpt lat="31.1274366919" lon="121.399533302">
        <ele>4.2</ele>
        <time>2026-09-09T23:27:18+08:00</time>
        <extensions>
          <gpxtpx:TrackPointExtension>
            <gpxtpx:hr>149</gpxtpx:hr>
            <gpxtpx:cad>82</gpxtpx:cad>
          </gpxtpx:TrackPointExtension>
        </extensions>
      </trkpt>
      <trkpt lat="31.1274333391" lon="121.399508324">
        <ele>4.2</ele>
        <time>2026-09-09T23:27:19+08:00</time>
        <extensions>
          <gpxtpx:TrackPointExtension>
            <gpxtpx:hr>148</gpxtpx:hr>
            <gpxtpx:cad>82</gpxtpx:cad>
          </gpxtpx:TrackPointExtension>
        </extensions>
      </trkpt>
      <trkpt lat="31.1274316628" lon="121.399485022">
        <ele>4.2</ele>
        <time>2026-09-09T23:27:20+08:00</time>
        <extensions>
          <gpxtpx:TrackPointExtension>
            <gpxtpx:hr>149</gpxtpx:hr>
            <gpxtpx:cad>82</gpxtpx:cad>
          </gpxtpx:TrackPointExtension>
        </extensions>
      </trkpt>
      <trkpt lat="31.1274316628" lon="121.39946172">
        <ele>4.4</ele>
        <time>2026-09-09T23:27:21+08:00</time>
        <extensions>
          <gpxtpx:TrackPointExtension>
            <gpxtpx:hr>148</gpxtpx:hr>
            <gpxtpx:cad>82</gpxtpx:cad>
          </gpxtpx:TrackPointExtension>
        </extensions>
      </trkpt>
      <trkpt lat="31.1274333391" lon="121.399436658">
        <ele>4.4</ele>
        <time>2026-09-09T23:27:22+08:00</time>
        <extensions>
          <gpxtpx:TrackPointExtension>
            <gpxtpx:hr>148</gpxtpx:hr>
            <gpxtpx:cad>82</gpxtpx:cad>
          </gpxtpx:TrackPointExtension>
        </extensions>
      </trkpt>
      <trkpt lat="31.1274366919" lon="121.399413273">
        <ele>4.4</ele>
        <time>2026-09-09T23:27:23+08:00</time>
        <extensions>
          <gpxtpx:TrackPointExtension>
            <gpxtpx:hr>149</gpxtpx:hr>
            <gpxtpx:cad>82</gpxtpx:cad>
          </gpxtpx:TrackPointExtension>
        </extensions>
      </trkpt>
      <trkpt lat="31.1274399608" lon="121.399389971">
        <ele>4.4</ele>
        <time>2026-09-09T23:27:24+08:00</time>
        <extensions>
          <gpxtpx:TrackPointExtension>
            <gpxtpx:hr>149</gpxtpx:hr>
            <gpxtpx:cad>82</gpxtpx:cad>
          </gpxtpx:TrackPointExtension>
        </extensions>
      </trkpt>
      <trkpt lat="31.1274433136" lon="121.399364993">
        <ele>4.4</ele>
        <time>2026-09-09T23:27:25+08:00</time>
        <extensions>
          <gpxtpx:TrackPointExtension>
            <gpxtpx:hr>149</gpxtpx:hr>
            <gpxtpx:cad>82</gpxtpx:cad>
          </gpxtpx:TrackPointExtension>
        </extensions>
      </trkpt>
      <trkpt lat="31.1274482589" lon="121.399340015">
        <ele>4.4</ele>
        <time>2026-09-09T23:27:26+08:00</time>
        <extensions>
          <gpxtpx:TrackPointExtension>
            <gpxtpx:hr>150</gpxtpx:hr>
            <gpxtpx:cad>82</gpxtpx:cad>
          </gpxtpx:TrackPointExtension>
        </extensions>
      </trkpt>
      <trkpt lat="31.1274516955" lon="121.399316713">
        <ele>4.4</ele>
        <time>2026-09-09T23:27:27+08:00</time>
        <extensions>
          <gpxtpx:TrackPointExtension>
            <gpxtpx:hr>150</gpxtpx:hr>
            <gpxtpx:cad>82</gpxtpx:cad>
          </gpxtpx:TrackPointExtension>
        </extensions>
      </trkpt>
      <trkpt lat="31.1274549644" lon="121.399293328">
        <ele>4.4</ele>
        <time>2026-09-09T23:27:28+08:00</time>
        <extensions>
          <gpxtpx:TrackPointExtension>
            <gpxtpx:hr>150</gpxtpx:hr>
            <gpxtpx:cad>82</gpxtpx:cad>
          </gpxtpx:TrackPointExtension>
        </extensions>
      </trkpt>
      <trkpt lat="31.1274583172" lon="121.399266673">
        <ele>4.4</ele>
        <time>2026-09-09T23:27:29+08:00</time>
        <extensions>
          <gpxtpx:TrackPointExtension>
            <gpxtpx:hr>149</gpxtpx:hr>
            <gpxtpx:cad>82</gpxtpx:cad>
          </gpxtpx:TrackPointExtension>
        </extensions>
      </trkpt>
      <trkpt lat="31.12746167" lon="121.399241695">
        <ele>4.4</ele>
        <time>2026-09-09T23:27:30+08:00</time>
        <extensions>
          <gpxtpx:TrackPointExtension>
            <gpxtpx:hr>149</gpxtpx:hr>
            <gpxtpx:cad>82</gpxtpx:cad>
          </gpxtpx:TrackPointExtension>
        </extensions>
      </trkpt>
      <trkpt lat="31.12746167" lon="121.399216717">
        <ele>4.4</ele>
        <time>2026-09-09T23:27:31+08:00</time>
        <extensions>
          <gpxtpx:TrackPointExtension>
            <gpxtpx:hr>149</gpxtpx:hr>
            <gpxtpx:cad>82</gpxtpx:cad>
          </gpxtpx:TrackPointExtension>
        </extensions>
      </trkpt>
      <trkpt lat="31.1274632625" lon="121.399189979">
        <ele>4.4</ele>
        <time>2026-09-09T23:27:32+08:00</time>
        <extensions>
          <gpxtpx:TrackPointExtension>
            <gpxtpx:hr>149</gpxtpx:hr>
            <gpxtpx:cad>82</gpxtpx:cad>
          </gpxtpx:TrackPointExtension>
        </extensions>
      </trkpt>
      <trkpt lat="31.1274682917" lon="121.399163324">
        <ele>4.4</ele>
        <time>2026-09-09T23:27:33+08:00</time>
        <extensions>
          <gpxtpx:TrackPointExtension>
            <gpxtpx:hr>149</gpxtpx:hr>
            <gpxtpx:cad>82</gpxtpx:cad>
          </gpxtpx:TrackPointExtension>
        </extensions>
      </trkpt>
      <trkpt lat="31.1274682917" lon="121.399140023">
        <ele>4.4</ele>
        <time>2026-09-09T23:27:34+08:00</time>
        <extensions>
          <gpxtpx:TrackPointExtension>
            <gpxtpx:hr>149</gpxtpx:hr>
            <gpxtpx:cad>82</gpxtpx:cad>
          </gpxtpx:TrackPointExtension>
        </extensions>
      </trkpt>
      <trkpt lat="31.1274733208" lon="121.399113284">
        <ele>4.2</ele>
        <time>2026-09-09T23:27:35+08:00</time>
        <extensions>
          <gpxtpx:TrackPointExtension>
            <gpxtpx:hr>148</gpxtpx:hr>
            <gpxtpx:cad>82</gpxtpx:cad>
          </gpxtpx:TrackPointExtension>
        </extensions>
      </trkpt>
      <trkpt lat="31.1274749972" lon="121.399088306">
        <ele>4.2</ele>
        <time>2026-09-09T23:27:36+08:00</time>
        <extensions>
          <gpxtpx:TrackPointExtension>
            <gpxtpx:hr>148</gpxtpx:hr>
            <gpxtpx:cad>82</gpxtpx:cad>
          </gpxtpx:TrackPointExtension>
        </extensions>
      </trkpt>
      <trkpt lat="31.1274766736" lon="121.399063328">
        <ele>4.2</ele>
        <time>2026-09-09T23:27:37+08:00</time>
        <extensions>
          <gpxtpx:TrackPointExtension>
            <gpxtpx:hr>149</gpxtpx:hr>
            <gpxtpx:cad>82</gpxtpx:cad>
          </gpxtpx:TrackPointExtension>
        </extensions>
      </trkpt>
      <trkpt lat="31.1274800263" lon="121.399038266">
        <ele>4.2</ele>
        <time>2026-09-09T23:27:38+08:00</time>
        <extensions>
          <gpxtpx:TrackPointExtension>
            <gpxtpx:hr>149</gpxtpx:hr>
            <gpxtpx:cad>82</gpxtpx:cad>
          </gpxtpx:TrackPointExtension>
        </extensions>
      </trkpt>
      <trkpt lat="31.1274832953" lon="121.399013288">
        <ele>4.2</ele>
        <time>2026-09-09T23:27:39+08:00</time>
        <extensions>
          <gpxtpx:TrackPointExtension>
            <gpxtpx:hr>149</gpxtpx:hr>
            <gpxtpx:cad>82</gpxtpx:cad>
          </gpxtpx:TrackPointExtension>
        </extensions>
      </trkpt>
      <trkpt lat="31.1274867319" lon="121.398986718">
        <ele>4.2</ele>
        <time>2026-09-09T23:27:40+08:00</time>
        <extensions>
          <gpxtpx:TrackPointExtension>
            <gpxtpx:hr>149</gpxtpx:hr>
            <gpxtpx:cad>82</gpxtpx:cad>
          </gpxtpx:TrackPointExtension>
        </extensions>
      </trkpt>
      <trkpt lat="31.1274900008" lon="121.39896174">
        <ele>4.2</ele>
        <time>2026-09-09T23:27:41+08:00</time>
        <extensions>
          <gpxtpx:TrackPointExtension>
            <gpxtpx:hr>149</gpxtpx:hr>
            <gpxtpx:cad>82</gpxtpx:cad>
          </gpxtpx:TrackPointExtension>
        </extensions>
      </trkpt>
      <trkpt lat="31.1274932697" lon="121.39893827">
        <ele>4.2</ele>
        <time>2026-09-09T23:27:42+08:00</time>
        <extensions>
          <gpxtpx:TrackPointExtension>
            <gpxtpx:hr>150</gpxtpx:hr>
            <gpxtpx:cad>82</gpxtpx:cad>
          </gpxtpx:TrackPointExtension>
        </extensions>
      </trkpt>
      <trkpt lat="31.1274999753" lon="121.398916729">
        <ele>4.2</ele>
        <time>2026-09-09T23:27:43+08:00</time>
        <extensions>
          <gpxtpx:TrackPointExtension>
            <gpxtpx:hr>150</gpxtpx:hr>
            <gpxtpx:cad>82</gpxtpx:cad>
          </gpxtpx:TrackPointExtension>
        </extensions>
      </trkpt>
      <trkpt lat="31.127503328" lon="121.398896696">
        <ele>4.4</ele>
        <time>2026-09-09T23:27:44+08:00</time>
        <extensions>
          <gpxtpx:TrackPointExtension>
            <gpxtpx:hr>150</gpxtpx:hr>
            <gpxtpx:cad>82</gpxtpx:cad>
          </gpxtpx:TrackPointExtension>
        </extensions>
      </trkpt>
      <trkpt lat="31.1275066808" lon="121.398873311">
        <ele>4.4</ele>
        <time>2026-09-09T23:27:45+08:00</time>
        <extensions>
          <gpxtpx:TrackPointExtension>
            <gpxtpx:hr>150</gpxtpx:hr>
            <gpxtpx:cad>82</gpxtpx:cad>
          </gpxtpx:TrackPointExtension>
        </extensions>
      </trkpt>
      <trkpt lat="31.1275149789" lon="121.398853278">
        <ele>4.4</ele>
        <time>2026-09-09T23:27:46+08:00</time>
        <extensions>
          <gpxtpx:TrackPointExtension>
            <gpxtpx:hr>151</gpxtpx:hr>
            <gpxtpx:cad>82</gpxtpx:cad>
          </gpxtpx:TrackPointExtension>
        </extensions>
      </trkpt>
      <trkpt lat="31.1275267135" lon="121.398808267">
        <ele>4.6</ele>
        <time>2026-09-09T23:27:48+08:00</time>
        <extensions>
          <gpxtpx:TrackPointExtension>
            <gpxtpx:hr>153</gpxtpx:hr>
            <gpxtpx:cad>82</gpxtpx:cad>
          </gpxtpx:TrackPointExtension>
        </extensions>
      </trkpt>
      <trkpt lat="31.1275316589" lon="121.398786725">
        <ele>4.6</ele>
        <time>2026-09-09T23:27:49+08:00</time>
        <extensions>
          <gpxtpx:TrackPointExtension>
            <gpxtpx:hr>153</gpxtpx:hr>
            <gpxtpx:cad>82</gpxtpx:cad>
          </gpxtpx:TrackPointExtension>
        </extensions>
      </trkpt>
      <trkpt lat="31.127536688" lon="121.39876334">
        <ele>4.6</ele>
        <time>2026-09-09T23:27:50+08:00</time>
        <extensions>
          <gpxtpx:TrackPointExtension>
            <gpxtpx:hr>153</gpxtpx:hr>
            <gpxtpx:cad>82</gpxtpx:cad>
          </gpxtpx:TrackPointExtension>
        </extensions>
      </trkpt>
      <trkpt lat="31.1275417171" lon="121.398738278">
        <ele>4.6</ele>
        <time>2026-09-09T23:27:51+08:00</time>
        <extensions>
          <gpxtpx:TrackPointExtension>
            <gpxtpx:hr>154</gpxtpx:hr>
            <gpxtpx:cad>82</gpxtpx:cad>
          </gpxtpx:TrackPointExtension>
        </extensions>
      </trkpt>
      <trkpt lat="31.1275466625" lon="121.398716737">
        <ele>4.6</ele>
        <time>2026-09-09T23:27:52+08:00</time>
        <extensions>
          <gpxtpx:TrackPointExtension>
            <gpxtpx:hr>154</gpxtpx:hr>
            <gpxtpx:cad>82</gpxtpx:cad>
          </gpxtpx:TrackPointExtension>
        </extensions>
      </trkpt>
      <trkpt lat="31.1275500152" lon="121.398693267">
        <ele>4.6</ele>
        <time>2026-09-09T23:27:53+08:00</time>
        <extensions>
          <gpxtpx:TrackPointExtension>
            <gpxtpx:hr>153</gpxtpx:hr>
            <gpxtpx:cad>82</gpxtpx:cad>
          </gpxtpx:TrackPointExtension>
        </extensions>
      </trkpt>
      <trkpt lat="31.1275549605" lon="121.398669966">
        <ele>4.4</ele>
        <time>2026-09-09T23:27:54+08:00</time>
        <extensions>
          <gpxtpx:TrackPointExtension>
            <gpxtpx:hr>153</gpxtpx:hr>
            <gpxtpx:cad>82</gpxtpx:cad>
          </gpxtpx:TrackPointExtension>
        </extensions>
      </trkpt>
      <trkpt lat="31.1275599897" lon="121.398644987">
        <ele>4.4</ele>
        <time>2026-09-09T23:27:55+08:00</time>
        <extensions>
          <gpxtpx:TrackPointExtension>
            <gpxtpx:hr>155</gpxtpx:hr>
            <gpxtpx:cad>82</gpxtpx:cad>
          </gpxtpx:TrackPointExtension>
        </extensions>
      </trkpt>
      <trkpt lat="31.1275650188" lon="121.398620009">
        <ele>4.4</ele>
        <time>2026-09-09T23:27:56+08:00</time>
        <extensions>
          <gpxtpx:TrackPointExtension>
            <gpxtpx:hr>155</gpxtpx:hr>
            <gpxtpx:cad>82</gpxtpx:cad>
          </gpxtpx:TrackPointExtension>
        </extensions>
      </trkpt>
      <trkpt lat="31.1275733169" lon="121.3985983">
        <ele>4.4</ele>
        <time>2026-09-09T23:27:57+08:00</time>
        <extensions>
          <gpxtpx:TrackPointExtension>
            <gpxtpx:hr>155</gpxtpx:hr>
            <gpxtpx:cad>82</gpxtpx:cad>
          </gpxtpx:TrackPointExtension>
        </extensions>
      </trkpt>
      <trkpt lat="31.1275800224" lon="121.398576675">
        <ele>4.4</ele>
        <time>2026-09-09T23:27:58+08:00</time>
        <extensions>
          <gpxtpx:TrackPointExtension>
            <gpxtpx:hr>154</gpxtpx:hr>
            <gpxtpx:cad>82</gpxtpx:cad>
          </gpxtpx:TrackPointExtension>
        </extensions>
      </trkpt>
      <trkpt lat="31.127586728" lon="121.398553289">
        <ele>4.2</ele>
        <time>2026-09-09T23:27:59+08:00</time>
        <extensions>
          <gpxtpx:TrackPointExtension>
            <gpxtpx:hr>154</gpxtpx:hr>
            <gpxtpx:cad>82</gpxtpx:cad>
          </gpxtpx:TrackPointExtension>
        </extensions>
      </trkpt>
      <trkpt lat="31.1275916733" lon="121.398535017">
        <ele>4.2</ele>
        <time>2026-09-09T23:28:00+08:00</time>
        <extensions>
          <gpxtpx:TrackPointExtension>
            <gpxtpx:hr>154</gpxtpx:hr>
            <gpxtpx:cad>82</gpxtpx:cad>
          </gpxtpx:TrackPointExtension>
        </extensions>
      </trkpt>
      <trkpt lat="31.127595026" lon="121.398514984">
        <ele>4.2</ele>
        <time>2026-09-09T23:28:01+08:00</time>
        <extensions>
          <gpxtpx:TrackPointExtension>
            <gpxtpx:hr>154</gpxtpx:hr>
            <gpxtpx:cad>82</gpxtpx:cad>
          </gpxtpx:TrackPointExtension>
        </extensions>
      </trkpt>
      <trkpt lat="31.127598295" lon="121.398495035">
        <ele>4.4</ele>
        <time>2026-09-09T23:28:02+08:00</time>
        <extensions>
          <gpxtpx:TrackPointExtension>
            <gpxtpx:hr>153</gpxtpx:hr>
            <gpxtpx:cad>82</gpxtpx:cad>
          </gpxtpx:TrackPointExtension>
        </extensions>
      </trkpt>
      <trkpt lat="31.1276033241" lon="121.39845497">
        <ele>4.4</ele>
        <time>2026-09-09T23:28:04+08:00</time>
        <extensions>
          <gpxtpx:TrackPointExtension>
            <gpxtpx:hr>153</gpxtpx:hr>
            <gpxtpx:cad>82</gpxtpx:cad>
          </gpxtpx:TrackPointExtension>
        </extensions>
      </trkpt>
      <trkpt lat="31.1276132986" lon="121.398416664">
        <ele>4.4</ele>
        <time>2026-09-09T23:28:06+08:00</time>
        <extensions>
          <gpxtpx:TrackPointExtension>
            <gpxtpx:hr>152</gpxtpx:hr>
            <gpxtpx:cad>82</gpxtpx:cad>
          </gpxtpx:TrackPointExtension>
        </extensions>
      </trkpt>
      <trkpt lat="31.1276267096" lon="121.39837333">
        <ele>4.6</ele>
        <time>2026-09-09T23:28:08+08:00</time>
        <extensions>
          <gpxtpx:TrackPointExtension>
            <gpxtpx:hr>150</gpxtpx:hr>
            <gpxtpx:cad>82</gpxtpx:cad>
          </gpxtpx:TrackPointExtension>
        </extensions>
      </trkpt>
      <trkpt lat="31.1276333313" lon="121.398344999">
        <ele>4.6</ele>
        <time>2026-09-09T23:28:09+08:00</time>
        <extensions>
          <gpxtpx:TrackPointExtension>
            <gpxtpx:hr>150</gpxtpx:hr>
            <gpxtpx:cad>82</gpxtpx:cad>
          </gpxtpx:TrackPointExtension>
        </extensions>
      </trkpt>
      <trkpt lat="31.1276500113" lon="121.398284985">
        <ele>4.6</ele>
        <time>2026-09-09T23:28:11+08:00</time>
        <extensions>
          <gpxtpx:TrackPointExtension>
            <gpxtpx:hr>148</gpxtpx:hr>
            <gpxtpx:cad>82</gpxtpx:cad>
          </gpxtpx:TrackPointExtension>
        </extensions>
      </trkpt>
      <trkpt lat="31.1276650149" lon="121.398220025">
        <ele>4.8</ele>
        <time>2026-09-09T23:28:13+08:00</time>
        <extensions>
          <gpxtpx:TrackPointExtension>
            <gpxtpx:hr>148</gpxtpx:hr>
            <gpxtpx:cad>82</gpxtpx:cad>
          </gpxtpx:TrackPointExtension>
        </extensions>
      </trkpt>
      <trkpt lat="31.127673313" lon="121.398188341">
        <ele>4.8</ele>
        <time>2026-09-09T23:28:14+08:00</time>
        <extensions>
          <gpxtpx:TrackPointExtension>
            <gpxtpx:hr>148</gpxtpx:hr>
            <gpxtpx:cad>82</gpxtpx:cad>
          </gpxtpx:TrackPointExtension>
        </extensions>
      </trkpt>
      <trkpt lat="31.1276800185" lon="121.398158334">
        <ele>4.8</ele>
        <time>2026-09-09T23:28:15+08:00</time>
        <extensions>
          <gpxtpx:TrackPointExtension>
            <gpxtpx:hr>148</gpxtpx:hr>
            <gpxtpx:cad>82</gpxtpx:cad>
          </gpxtpx:TrackPointExtension>
        </extensions>
      </trkpt>
      <trkpt lat="31.1276883166" lon="121.398128327">
        <ele>4.8</ele>
        <time>2026-09-09T23:28:16+08:00</time>
        <extensions>
          <gpxtpx:TrackPointExtension>
            <gpxtpx:hr>149</gpxtpx:hr>
            <gpxtpx:cad>82</gpxtpx:cad>
          </gpxtpx:TrackPointExtension>
        </extensions>
      </trkpt>
      <trkpt lat="31.1276982911" lon="121.398093291">
        <ele>5.0</ele>
        <time>2026-09-09T23:28:17+08:00</time>
        <extensions>
          <gpxtpx:TrackPointExtension>
            <gpxtpx:hr>149</gpxtpx:hr>
            <gpxtpx:cad>82</gpxtpx:cad>
          </gpxtpx:TrackPointExtension>
        </extensions>
      </trkpt>
      <trkpt lat="31.1277082656" lon="121.398061691">
        <ele>5.0</ele>
        <time>2026-09-09T23:28:18+08:00</time>
        <extensions>
          <gpxtpx:TrackPointExtension>
            <gpxtpx:hr>150</gpxtpx:hr>
            <gpxtpx:cad>82</gpxtpx:cad>
          </gpxtpx:TrackPointExtension>
        </extensions>
      </trkpt>
      <trkpt lat="31.1277200002" lon="121.398030007">
        <ele>4.8</ele>
        <time>2026-09-09T23:28:19+08:00</time>
        <extensions>
          <gpxtpx:TrackPointExtension>
            <gpxtpx:hr>150</gpxtpx:hr>
            <gpxtpx:cad>82</gpxtpx:cad>
          </gpxtpx:TrackPointExtension>
        </extensions>
      </trkpt>
      <trkpt lat="31.1277299747" lon="121.398">
        <ele>4.8</ele>
        <time>2026-09-09T23:28:20+08:00</time>
        <extensions>
          <gpxtpx:TrackPointExtension>
            <gpxtpx:hr>151</gpxtpx:hr>
            <gpxtpx:cad>82</gpxtpx:cad>
          </gpxtpx:TrackPointExtension>
        </extensions>
      </trkpt>
      <trkpt lat="31.127740033" lon="121.397964964">
        <ele>4.8</ele>
        <time>2026-09-09T23:28:21+08:00</time>
        <extensions>
          <gpxtpx:TrackPointExtension>
            <gpxtpx:hr>152</gpxtpx:hr>
            <gpxtpx:cad>82</gpxtpx:cad>
          </gpxtpx:TrackPointExtension>
        </extensions>
      </trkpt>
      <trkpt lat="31.1277532764" lon="121.397931688">
        <ele>4.6</ele>
        <time>2026-09-09T23:28:22+08:00</time>
        <extensions>
          <gpxtpx:TrackPointExtension>
            <gpxtpx:hr>152</gpxtpx:hr>
            <gpxtpx:cad>82</gpxtpx:cad>
          </gpxtpx:TrackPointExtension>
        </extensions>
      </trkpt>
      <trkpt lat="31.1277616583" lon="121.397900004">
        <ele>4.4</ele>
        <time>2026-09-09T23:28:23+08:00</time>
        <extensions>
          <gpxtpx:TrackPointExtension>
            <gpxtpx:hr>154</gpxtpx:hr>
            <gpxtpx:cad>82</gpxtpx:cad>
          </gpxtpx:TrackPointExtension>
        </extensions>
      </trkpt>
      <trkpt lat="31.1277717166" lon="121.39786832">
        <ele>4.4</ele>
        <time>2026-09-09T23:28:24+08:00</time>
        <extensions>
          <gpxtpx:TrackPointExtension>
            <gpxtpx:hr>152</gpxtpx:hr>
            <gpxtpx:cad>83</gpxtpx:cad>
          </gpxtpx:TrackPointExtension>
        </extensions>
      </trkpt>
      <trkpt lat="31.1277832836" lon="121.397838313">
        <ele>4.4</ele>
        <time>2026-09-09T23:28:25+08:00</time>
        <extensions>
          <gpxtpx:TrackPointExtension>
            <gpxtpx:hr>151</gpxtpx:hr>
            <gpxtpx:cad>83</gpxtpx:cad>
          </gpxtpx:TrackPointExtension>
        </extensions>
      </trkpt>
      <trkpt lat="31.1277950183" lon="121.397806713">
        <ele>4.4</ele>
        <time>2026-09-09T23:28:26+08:00</time>
        <extensions>
          <gpxtpx:TrackPointExtension>
            <gpxtpx:hr>151</gpxtpx:hr>
            <gpxtpx:cad>83</gpxtpx:cad>
          </gpxtpx:TrackPointExtension>
        </extensions>
      </trkpt>
      <trkpt lat="31.1278033163" lon="121.397778299">
        <ele>4.4</ele>
        <time>2026-09-09T23:28:27+08:00</time>
        <extensions>
          <gpxtpx:TrackPointExtension>
            <gpxtpx:hr>151</gpxtpx:hr>
            <gpxtpx:cad>84</gpxtpx:cad>
          </gpxtpx:TrackPointExtension>
        </extensions>
      </trkpt>
      <trkpt lat="31.1278116982" lon="121.397749968">
        <ele>4.6</ele>
        <time>2026-09-09T23:28:28+08:00</time>
        <extensions>
          <gpxtpx:TrackPointExtension>
            <gpxtpx:hr>152</gpxtpx:hr>
            <gpxtpx:cad>84</gpxtpx:cad>
          </gpxtpx:TrackPointExtension>
        </extensions>
      </trkpt>
      <trkpt lat="31.1278199963" lon="121.397719961">
        <ele>4.6</ele>
        <time>2026-09-09T23:28:29+08:00</time>
        <extensions>
          <gpxtpx:TrackPointExtension>
            <gpxtpx:hr>152</gpxtpx:hr>
            <gpxtpx:cad>84</gpxtpx:cad>
          </gpxtpx:TrackPointExtension>
        </extensions>
      </trkpt>
      <trkpt lat="31.1278349999" lon="121.397661706">
        <ele>4.6</ele>
        <time>2026-09-09T23:28:31+08:00</time>
        <extensions>
          <gpxtpx:TrackPointExtension>
            <gpxtpx:hr>155</gpxtpx:hr>
            <gpxtpx:cad>84</gpxtpx:cad>
          </gpxtpx:TrackPointExtension>
        </extensions>
      </trkpt>
      <trkpt lat="31.127843298" lon="121.397631699">
        <ele>4.6</ele>
        <time>2026-09-09T23:28:32+08:00</time>
        <extensions>
          <gpxtpx:TrackPointExtension>
            <gpxtpx:hr>156</gpxtpx:hr>
            <gpxtpx:cad>84</gpxtpx:cad>
          </gpxtpx:TrackPointExtension>
        </extensions>
      </trkpt>
      <trkpt lat="31.1278500035" lon="121.397601692">
        <ele>4.6</ele>
        <time>2026-09-09T23:28:33+08:00</time>
        <extensions>
          <gpxtpx:TrackPointExtension>
            <gpxtpx:hr>157</gpxtpx:hr>
            <gpxtpx:cad>84</gpxtpx:cad>
          </gpxtpx:TrackPointExtension>
        </extensions>
      </trkpt>
      <trkpt lat="31.1278583016" lon="121.397571685">
        <ele>4.6</ele>
        <time>2026-09-09T23:28:34+08:00</time>
        <extensions>
          <gpxtpx:TrackPointExtension>
            <gpxtpx:hr>157</gpxtpx:hr>
            <gpxtpx:cad>84</gpxtpx:cad>
          </gpxtpx:TrackPointExtension>
        </extensions>
      </trkpt>
      <trkpt lat="31.1278650071" lon="121.39754327">
        <ele>4.6</ele>
        <time>2026-09-09T23:28:35+08:00</time>
        <extensions>
          <gpxtpx:TrackPointExtension>
            <gpxtpx:hr>158</gpxtpx:hr>
            <gpxtpx:cad>84</gpxtpx:cad>
          </gpxtpx:TrackPointExtension>
        </extensions>
      </trkpt>
      <trkpt lat="31.1278700363" lon="121.397518292">
        <ele>4.6</ele>
        <time>2026-09-09T23:28:36+08:00</time>
        <extensions>
          <gpxtpx:TrackPointExtension>
            <gpxtpx:hr>158</gpxtpx:hr>
            <gpxtpx:cad>84</gpxtpx:cad>
          </gpxtpx:TrackPointExtension>
        </extensions>
      </trkpt>
      <trkpt lat="31.1278800108" lon="121.397493314">
        <ele>4.4</ele>
        <time>2026-09-09T23:28:37+08:00</time>
        <extensions>
          <gpxtpx:TrackPointExtension>
            <gpxtpx:hr>159</gpxtpx:hr>
            <gpxtpx:cad>84</gpxtpx:cad>
          </gpxtpx:TrackPointExtension>
        </extensions>
      </trkpt>
      <trkpt lat="31.1278883088" lon="121.39746666">
        <ele>4.6</ele>
        <time>2026-09-09T23:28:38+08:00</time>
        <extensions>
          <gpxtpx:TrackPointExtension>
            <gpxtpx:hr>160</gpxtpx:hr>
            <gpxtpx:cad>84</gpxtpx:cad>
          </gpxtpx:TrackPointExtension>
        </extensions>
      </trkpt>
      <trkpt lat="31.1278999597" lon="121.397443274">
        <ele>4.4</ele>
        <time>2026-09-09T23:28:39+08:00</time>
        <extensions>
          <gpxtpx:TrackPointExtension>
            <gpxtpx:hr>160</gpxtpx:hr>
            <gpxtpx:cad>84</gpxtpx:cad>
          </gpxtpx:TrackPointExtension>
        </extensions>
      </trkpt>
      <trkpt lat="31.1279116943" lon="121.397423325">
        <ele>4.4</ele>
        <time>2026-09-09T23:28:40+08:00</time>
        <extensions>
          <gpxtpx:TrackPointExtension>
            <gpxtpx:hr>161</gpxtpx:hr>
            <gpxtpx:cad>83</gpxtpx:cad>
          </gpxtpx:TrackPointExtension>
        </extensions>
      </trkpt>
      <trkpt lat="31.1279216688" lon="121.3974017">
        <ele>4.4</ele>
        <time>2026-09-09T23:28:41+08:00</time>
        <extensions>
          <gpxtpx:TrackPointExtension>
            <gpxtpx:hr>161</gpxtpx:hr>
            <gpxtpx:cad>83</gpxtpx:cad>
          </gpxtpx:TrackPointExtension>
        </extensions>
      </trkpt>
      <trkpt lat="31.1279317271" lon="121.397379991">
        <ele>4.2</ele>
        <time>2026-09-09T23:28:42+08:00</time>
        <extensions>
          <gpxtpx:TrackPointExtension>
            <gpxtpx:hr>162</gpxtpx:hr>
            <gpxtpx:cad>83</gpxtpx:cad>
          </gpxtpx:TrackPointExtension>
        </extensions>
      </trkpt>
      <trkpt lat="31.1279400252" lon="121.397361718">
        <ele>4.4</ele>
        <time>2026-09-09T23:28:43+08:00</time>
        <extensions>
          <gpxtpx:TrackPointExtension>
            <gpxtpx:hr>162</gpxtpx:hr>
            <gpxtpx:cad>83</gpxtpx:cad>
          </gpxtpx:TrackPointExtension>
        </extensions>
      </trkpt>
      <trkpt lat="31.1279483233" lon="121.397343278">
        <ele>4.4</ele>
        <time>2026-09-09T23:28:44+08:00</time>
        <extensions>
          <gpxtpx:TrackPointExtension>
            <gpxtpx:hr>162</gpxtpx:hr>
            <gpxtpx:cad>82</gpxtpx:cad>
          </gpxtpx:TrackPointExtension>
        </extensions>
      </trkpt>
      <trkpt lat="31.1279550288" lon="121.397321736">
        <ele>4.4</ele>
        <time>2026-09-09T23:28:45+08:00</time>
        <extensions>
          <gpxtpx:TrackPointExtension>
            <gpxtpx:hr>163</gpxtpx:hr>
            <gpxtpx:cad>82</gpxtpx:cad>
          </gpxtpx:TrackPointExtension>
        </extensions>
      </trkpt>
      <trkpt lat="31.1279599741" lon="121.397301704">
        <ele>4.4</ele>
        <time>2026-09-09T23:28:46+08:00</time>
        <extensions>
          <gpxtpx:TrackPointExtension>
            <gpxtpx:hr>163</gpxtpx:hr>
            <gpxtpx:cad>82</gpxtpx:cad>
          </gpxtpx:TrackPointExtension>
        </extensions>
      </trkpt>
      <trkpt lat="31.1279650033" lon="121.397279995">
        <ele>4.4</ele>
        <time>2026-09-09T23:28:47+08:00</time>
        <extensions>
          <gpxtpx:TrackPointExtension>
            <gpxtpx:hr>164</gpxtpx:hr>
            <gpxtpx:cad>81</gpxtpx:cad>
          </gpxtpx:TrackPointExtension>
        </extensions>
      </trkpt>
      <trkpt lat="31.1279733013" lon="121.397256693">
        <ele>4.4</ele>
        <time>2026-09-09T23:28:48+08:00</time>
        <extensions>
          <gpxtpx:TrackPointExtension>
            <gpxtpx:hr>164</gpxtpx:hr>
            <gpxtpx:cad>81</gpxtpx:cad>
          </gpxtpx:TrackPointExtension>
        </extensions>
      </trkpt>
      <trkpt lat="31.1279783305" lon="121.39723666">
        <ele>4.4</ele>
        <time>2026-09-09T23:28:49+08:00</time>
        <extensions>
          <gpxtpx:TrackPointExtension>
            <gpxtpx:hr>164</gpxtpx:hr>
            <gpxtpx:cad>81</gpxtpx:cad>
          </gpxtpx:TrackPointExtension>
        </extensions>
      </trkpt>
      <trkpt lat="31.127985036" lon="121.397215035">
        <ele>4.6</ele>
        <time>2026-09-09T23:28:50+08:00</time>
        <extensions>
          <gpxtpx:TrackPointExtension>
            <gpxtpx:hr>165</gpxtpx:hr>
            <gpxtpx:cad>81</gpxtpx:cad>
          </gpxtpx:TrackPointExtension>
        </extensions>
      </trkpt>
      <trkpt lat="31.1279933341" lon="121.397195002">
        <ele>4.6</ele>
        <time>2026-09-09T23:28:51+08:00</time>
        <extensions>
          <gpxtpx:TrackPointExtension>
            <gpxtpx:hr>165</gpxtpx:hr>
            <gpxtpx:cad>81</gpxtpx:cad>
          </gpxtpx:TrackPointExtension>
        </extensions>
      </trkpt>
      <trkpt lat="31.1279982794" lon="121.397174969">
        <ele>4.6</ele>
        <time>2026-09-09T23:28:52+08:00</time>
        <extensions>
          <gpxtpx:TrackPointExtension>
            <gpxtpx:hr>165</gpxtpx:hr>
            <gpxtpx:cad>81</gpxtpx:cad>
          </gpxtpx:TrackPointExtension>
        </extensions>
      </trkpt>
      <trkpt lat="31.1280049849" lon="121.39715502">
        <ele>4.6</ele>
        <time>2026-09-09T23:28:53+08:00</time>
        <extensions>
          <gpxtpx:TrackPointExtension>
            <gpxtpx:hr>166</gpxtpx:hr>
            <gpxtpx:cad>81</gpxtpx:cad>
          </gpxtpx:TrackPointExtension>
        </extensions>
      </trkpt>
      <trkpt lat="31.1280183122" lon="121.397115039">
        <ele>4.8</ele>
        <time>2026-09-09T23:28:55+08:00</time>
        <extensions>
          <gpxtpx:TrackPointExtension>
            <gpxtpx:hr>165</gpxtpx:hr>
            <gpxtpx:cad>81</gpxtpx:cad>
          </gpxtpx:TrackPointExtension>
        </extensions>
      </trkpt>
      <trkpt lat="31.1280266941" lon="121.397096682">
        <ele>4.8</ele>
        <time>2026-09-09T23:28:56+08:00</time>
        <extensions>
          <gpxtpx:TrackPointExtension>
            <gpxtpx:hr>166</gpxtpx:hr>
            <gpxtpx:cad>81</gpxtpx:cad>
          </gpxtpx:TrackPointExtension>
        </extensions>
      </trkpt>
      <trkpt lat="31.1280333158" lon="121.397078326">
        <ele>4.8</ele>
        <time>2026-09-09T23:28:57+08:00</time>
        <extensions>
          <gpxtpx:TrackPointExtension>
            <gpxtpx:hr>165</gpxtpx:hr>
            <gpxtpx:cad>81</gpxtpx:cad>
          </gpxtpx:TrackPointExtension>
        </extensions>
      </trkpt>
      <trkpt lat="31.1280550249" lon="121.397044966">
        <ele>4.8</ele>
        <time>2026-09-09T23:28:59+08:00</time>
        <extensions>
          <gpxtpx:TrackPointExtension>
            <gpxtpx:hr>166</gpxtpx:hr>
            <gpxtpx:cad>81</gpxtpx:cad>
          </gpxtpx:TrackPointExtension>
        </extensions>
      </trkpt>
      <trkpt lat="31.1280749738" lon="121.397006661">
        <ele>4.6</ele>
        <time>2026-09-09T23:29:01+08:00</time>
        <extensions>
          <gpxtpx:TrackPointExtension>
            <gpxtpx:hr>165</gpxtpx:hr>
            <gpxtpx:cad>81</gpxtpx:cad>
          </gpxtpx:TrackPointExtension>
        </extensions>
      </trkpt>
      <trkpt lat="31.1280832719" lon="121.396986712">
        <ele>4.6</ele>
        <time>2026-09-09T23:29:02+08:00</time>
        <extensions>
          <gpxtpx:TrackPointExtension>
            <gpxtpx:hr>165</gpxtpx:hr>
            <gpxtpx:cad>81</gpxtpx:cad>
          </gpxtpx:TrackPointExtension>
        </extensions>
      </trkpt>
      <trkpt lat="31.1281083338" lon="121.396933319">
        <ele>4.6</ele>
        <time>2026-09-09T23:29:05+08:00</time>
        <extensions>
          <gpxtpx:TrackPointExtension>
            <gpxtpx:hr>166</gpxtpx:hr>
            <gpxtpx:cad>81</gpxtpx:cad>
          </gpxtpx:TrackPointExtension>
        </extensions>
      </trkpt>
      <trkpt lat="31.1281250138" lon="121.396903312">
        <ele>4.6</ele>
        <time>2026-09-09T23:29:07+08:00</time>
        <extensions>
          <gpxtpx:TrackPointExtension>
            <gpxtpx:hr>165</gpxtpx:hr>
            <gpxtpx:cad>81</gpxtpx:cad>
          </gpxtpx:TrackPointExtension>
        </extensions>
      </trkpt>
      <trkpt lat="31.1281467229" lon="121.396870036">
        <ele>4.8</ele>
        <time>2026-09-09T23:29:09+08:00</time>
        <extensions>
          <gpxtpx:TrackPointExtension>
            <gpxtpx:hr>166</gpxtpx:hr>
            <gpxtpx:cad>81</gpxtpx:cad>
          </gpxtpx:TrackPointExtension>
        </extensions>
      </trkpt>
      <trkpt lat="31.128155021" lon="121.396855032">
        <ele>4.8</ele>
        <time>2026-09-09T23:29:10+08:00</time>
        <extensions>
          <gpxtpx:TrackPointExtension>
            <gpxtpx:hr>166</gpxtpx:hr>
            <gpxtpx:cad>81</gpxtpx:cad>
          </gpxtpx:TrackPointExtension>
        </extensions>
      </trkpt>
      <trkpt lat="31.1281749699" lon="121.396825025">
        <ele>4.8</ele>
        <time>2026-09-09T23:29:12+08:00</time>
        <extensions>
          <gpxtpx:TrackPointExtension>
            <gpxtpx:hr>165</gpxtpx:hr>
            <gpxtpx:cad>81</gpxtpx:cad>
          </gpxtpx:TrackPointExtension>
        </extensions>
      </trkpt>
      <trkpt lat="31.1281966791" lon="121.396791665">
        <ele>4.8</ele>
        <time>2026-09-09T23:29:14+08:00</time>
        <extensions>
          <gpxtpx:TrackPointExtension>
            <gpxtpx:hr>163</gpxtpx:hr>
            <gpxtpx:cad>81</gpxtpx:cad>
          </gpxtpx:TrackPointExtension>
        </extensions>
      </trkpt>
      <trkpt lat="31.1282217409" lon="121.39676501">
        <ele>5.0</ele>
        <time>2026-09-09T23:29:16+08:00</time>
        <extensions>
          <gpxtpx:TrackPointExtension>
            <gpxtpx:hr>162</gpxtpx:hr>
            <gpxtpx:cad>80</gpxtpx:cad>
          </gpxtpx:TrackPointExtension>
        </extensions>
      </trkpt>
      <trkpt lat="31.1282400135" lon="121.396729974">
        <ele>5.0</ele>
        <time>2026-09-09T23:29:18+08:00</time>
        <extensions>
          <gpxtpx:TrackPointExtension>
            <gpxtpx:hr>162</gpxtpx:hr>
            <gpxtpx:cad>80</gpxtpx:cad>
          </gpxtpx:TrackPointExtension>
        </extensions>
      </trkpt>
      <trkpt lat="31.1282566935" lon="121.396696698">
        <ele>5.0</ele>
        <time>2026-09-09T23:29:20+08:00</time>
        <extensions>
          <gpxtpx:TrackPointExtension>
            <gpxtpx:hr>162</gpxtpx:hr>
            <gpxtpx:cad>80</gpxtpx:cad>
          </gpxtpx:TrackPointExtension>
        </extensions>
      </trkpt>
      <trkpt lat="31.1282716971" lon="121.396661662">
        <ele>5.2</ele>
        <time>2026-09-09T23:29:22+08:00</time>
        <extensions>
          <gpxtpx:TrackPointExtension>
            <gpxtpx:hr>162</gpxtpx:hr>
            <gpxtpx:cad>80</gpxtpx:cad>
          </gpxtpx:TrackPointExtension>
        </extensions>
      </trkpt>
      <trkpt lat="31.1282816716" lon="121.396631738">
        <ele>5.2</ele>
        <time>2026-09-09T23:29:24+08:00</time>
        <extensions>
          <gpxtpx:TrackPointExtension>
            <gpxtpx:hr>162</gpxtpx:hr>
            <gpxtpx:cad>81</gpxtpx:cad>
          </gpxtpx:TrackPointExtension>
        </extensions>
      </trkpt>
      <trkpt lat="31.1282917298" lon="121.396595025">
        <ele>5.2</ele>
        <time>2026-09-09T23:29:26+08:00</time>
        <extensions>
          <gpxtpx:TrackPointExtension>
            <gpxtpx:hr>162</gpxtpx:hr>
            <gpxtpx:cad>81</gpxtpx:cad>
          </gpxtpx:TrackPointExtension>
        </extensions>
      </trkpt>
      <trkpt lat="31.1283067334" lon="121.396559989">
        <ele>5.2</ele>
        <time>2026-09-09T23:29:28+08:00</time>
        <extensions>
          <gpxtpx:TrackPointExtension>
            <gpxtpx:hr>162</gpxtpx:hr>
            <gpxtpx:cad>81</gpxtpx:cad>
          </gpxtpx:TrackPointExtension>
        </extensions>
      </trkpt>
      <trkpt lat="31.1283217371" lon="121.396520007">
        <ele>5.2</ele>
        <time>2026-09-09T23:29:30+08:00</time>
        <extensions>
          <gpxtpx:TrackPointExtension>
            <gpxtpx:hr>163</gpxtpx:hr>
            <gpxtpx:cad>81</gpxtpx:cad>
          </gpxtpx:TrackPointExtension>
        </extensions>
      </trkpt>
      <trkpt lat="31.1283300351" lon="121.396501735">
        <ele>5.2</ele>
        <time>2026-09-09T23:29:31+08:00</time>
        <extensions>
          <gpxtpx:TrackPointExtension>
            <gpxtpx:hr>163</gpxtpx:hr>
            <gpxtpx:cad>81</gpxtpx:cad>
          </gpxtpx:TrackPointExtension>
        </extensions>
      </trkpt>
      <trkpt lat="31.1283566896" lon="121.396451695">
        <ele>5.2</ele>
        <time>2026-09-09T23:29:34+08:00</time>
        <extensions>
          <gpxtpx:TrackPointExtension>
            <gpxtpx:hr>163</gpxtpx:hr>
            <gpxtpx:cad>81</gpxtpx:cad>
          </gpxtpx:TrackPointExtension>
        </extensions>
      </trkpt>
      <trkpt lat="31.1283749621" lon="121.396420011">
        <ele>5.0</ele>
        <time>2026-09-09T23:29:36+08:00</time>
        <extensions>
          <gpxtpx:TrackPointExtension>
            <gpxtpx:hr>161</gpxtpx:hr>
            <gpxtpx:cad>81</gpxtpx:cad>
          </gpxtpx:TrackPointExtension>
        </extensions>
      </trkpt>
      <trkpt lat="31.1283933185" lon="121.396383299">
        <ele>5.0</ele>
        <time>2026-09-09T23:29:38+08:00</time>
        <extensions>
          <gpxtpx:TrackPointExtension>
            <gpxtpx:hr>158</gpxtpx:hr>
            <gpxtpx:cad>82</gpxtpx:cad>
          </gpxtpx:TrackPointExtension>
        </extensions>
      </trkpt>
      <trkpt lat="31.1284132674" lon="121.396351699">
        <ele>5.0</ele>
        <time>2026-09-09T23:29:40+08:00</time>
        <extensions>
          <gpxtpx:TrackPointExtension>
            <gpxtpx:hr>156</gpxtpx:hr>
            <gpxtpx:cad>82</gpxtpx:cad>
          </gpxtpx:TrackPointExtension>
        </extensions>
      </trkpt>
      <trkpt lat="31.1284400057" lon="121.396324961">
        <ele>5.0</ele>
        <time>2026-09-09T23:29:42+08:00</time>
        <extensions>
          <gpxtpx:TrackPointExtension>
            <gpxtpx:hr>154</gpxtpx:hr>
            <gpxtpx:cad>82</gpxtpx:cad>
          </gpxtpx:TrackPointExtension>
        </extensions>
      </trkpt>
      <trkpt lat="31.1284649838" lon="121.396295037">
        <ele>5.0</ele>
        <time>2026-09-09T23:29:44+08:00</time>
        <extensions>
          <gpxtpx:TrackPointExtension>
            <gpxtpx:hr>153</gpxtpx:hr>
            <gpxtpx:cad>82</gpxtpx:cad>
          </gpxtpx:TrackPointExtension>
        </extensions>
      </trkpt>
      <trkpt lat="31.1284933146" lon="121.396268299">
        <ele>5.0</ele>
        <time>2026-09-09T23:29:46+08:00</time>
        <extensions>
          <gpxtpx:TrackPointExtension>
            <gpxtpx:hr>152</gpxtpx:hr>
            <gpxtpx:cad>82</gpxtpx:cad>
          </gpxtpx:TrackPointExtension>
        </extensions>
      </trkpt>
      <trkpt lat="31.1285067257" lon="121.396254972">
        <ele>5.0</ele>
        <time>2026-09-09T23:29:47+08:00</time>
        <extensions>
          <gpxtpx:TrackPointExtension>
            <gpxtpx:hr>153</gpxtpx:hr>
            <gpxtpx:cad>82</gpxtpx:cad>
          </gpxtpx:TrackPointExtension>
        </extensions>
      </trkpt>
      <trkpt lat="31.128545031" lon="121.396213314">
        <ele>5.0</ele>
        <time>2026-09-09T23:29:50+08:00</time>
        <extensions>
          <gpxtpx:TrackPointExtension>
            <gpxtpx:hr>154</gpxtpx:hr>
            <gpxtpx:cad>82</gpxtpx:cad>
          </gpxtpx:TrackPointExtension>
        </extensions>
      </trkpt>
      <trkpt lat="31.1285716854" lon="121.396186659">
        <ele>5.0</ele>
        <time>2026-09-09T23:29:52+08:00</time>
        <extensions>
          <gpxtpx:TrackPointExtension>
            <gpxtpx:hr>153</gpxtpx:hr>
            <gpxtpx:cad>82</gpxtpx:cad>
          </gpxtpx:TrackPointExtension>
        </extensions>
      </trkpt>
      <trkpt lat="31.1285816599" lon="121.396173332">
        <ele>5.0</ele>
        <time>2026-09-09T23:29:53+08:00</time>
        <extensions>
          <gpxtpx:TrackPointExtension>
            <gpxtpx:hr>154</gpxtpx:hr>
            <gpxtpx:cad>82</gpxtpx:cad>
          </gpxtpx:TrackPointExtension>
        </extensions>
      </trkpt>
      <trkpt lat="31.1285966635" lon="121.396136703">
        <ele>5.2</ele>
        <time>2026-09-09T23:29:55+08:00</time>
        <extensions>
          <gpxtpx:TrackPointExtension>
            <gpxtpx:hr>154</gpxtpx:hr>
            <gpxtpx:cad>82</gpxtpx:cad>
          </gpxtpx:TrackPointExtension>
        </extensions>
      </trkpt>
      <trkpt lat="31.1286032852" lon="121.396096721">
        <ele>5.0</ele>
        <time>2026-09-09T23:29:57+08:00</time>
        <extensions>
          <gpxtpx:TrackPointExtension>
            <gpxtpx:hr>154</gpxtpx:hr>
            <gpxtpx:cad>82</gpxtpx:cad>
          </gpxtpx:TrackPointExtension>
        </extensions>
      </trkpt>
      <trkpt lat="31.1286067218" lon="121.396060009">
        <ele>5.0</ele>
        <time>2026-09-09T23:29:59+08:00</time>
        <extensions>
          <gpxtpx:TrackPointExtension>
            <gpxtpx:hr>155</gpxtpx:hr>
            <gpxtpx:cad>82</gpxtpx:cad>
          </gpxtpx:TrackPointExtension>
        </extensions>
      </trkpt>
      <trkpt lat="31.1286132596" lon="121.396023296">
        <ele>5.0</ele>
        <time>2026-09-09T23:30:01+08:00</time>
        <extensions>
          <gpxtpx:TrackPointExtension>
            <gpxtpx:hr>155</gpxtpx:hr>
            <gpxtpx:cad>82</gpxtpx:cad>
          </gpxtpx:TrackPointExtension>
        </extensions>
      </trkpt>
      <trkpt lat="31.1286282632" lon="121.395983314">
        <ele>4.8</ele>
        <time>2026-09-09T23:30:03+08:00</time>
        <extensions>
          <gpxtpx:TrackPointExtension>
            <gpxtpx:hr>0</gpxtpx:hr>
            <gpxtpx:cad>82</gpxtpx:cad>
          </gpxtpx:TrackPointExtension>
        </extensions>
      </trkpt>
      <trkpt lat="31.1286383215" lon="121.395966718">
        <ele>4.8</ele>
        <time>2026-09-09T23:30:04+08:00</time>
        <extensions>
          <gpxtpx:TrackPointExtension>
            <gpxtpx:hr>156</gpxtpx:hr>
            <gpxtpx:cad>82</gpxtpx:cad>
          </gpxtpx:TrackPointExtension>
        </extensions>
      </trkpt>
      <trkpt lat="31.1286517326" lon="121.395926736">
        <ele>4.8</ele>
        <time>2026-09-09T23:30:06+08:00</time>
        <extensions>
          <gpxtpx:TrackPointExtension>
            <gpxtpx:hr>156</gpxtpx:hr>
            <gpxtpx:cad>82</gpxtpx:cad>
          </gpxtpx:TrackPointExtension>
        </extensions>
      </trkpt>
      <trkpt lat="31.1286700051" lon="121.39587502">
        <ele>5.0</ele>
        <time>2026-09-09T23:30:09+08:00</time>
        <extensions>
          <gpxtpx:TrackPointExtension>
            <gpxtpx:hr>0</gpxtpx:hr>
            <gpxtpx:cad>82</gpxtpx:cad>
          </gpxtpx:TrackPointExtension>
        </extensions>
      </trkpt>
      <trkpt lat="31.1286783032" lon="121.39584166">
        <ele>5.0</ele>
        <time>2026-09-09T23:30:11+08:00</time>
        <extensions>
          <gpxtpx:TrackPointExtension>
            <gpxtpx:hr>0</gpxtpx:hr>
            <gpxtpx:cad>82</gpxtpx:cad>
          </gpxtpx:TrackPointExtension>
        </extensions>
      </trkpt>
      <trkpt lat="31.1286933068" lon="121.395809976">
        <ele>4.8</ele>
        <time>2026-09-09T23:30:13+08:00</time>
        <extensions>
          <gpxtpx:TrackPointExtension>
            <gpxtpx:hr>0</gpxtpx:hr>
            <gpxtpx:cad>82</gpxtpx:cad>
          </gpxtpx:TrackPointExtension>
        </extensions>
      </trkpt>
      <trkpt lat="31.1287083104" lon="121.395775024">
        <ele>5.0</ele>
        <time>2026-09-09T23:30:15+08:00</time>
        <extensions>
          <gpxtpx:TrackPointExtension>
            <gpxtpx:hr>0</gpxtpx:hr>
            <gpxtpx:cad>82</gpxtpx:cad>
          </gpxtpx:TrackPointExtension>
        </extensions>
      </trkpt>
      <trkpt lat="31.1287266668" lon="121.395745017">
        <ele>5.0</ele>
        <time>2026-09-09T23:30:17+08:00</time>
        <extensions>
          <gpxtpx:TrackPointExtension>
            <gpxtpx:hr>0</gpxtpx:hr>
            <gpxtpx:cad>82</gpxtpx:cad>
          </gpxtpx:TrackPointExtension>
        </extensions>
      </trkpt>
      <trkpt lat="31.1287450232" lon="121.395716686">
        <ele>5.0</ele>
        <time>2026-09-09T23:30:19+08:00</time>
        <extensions>
          <gpxtpx:TrackPointExtension>
            <gpxtpx:hr>0</gpxtpx:hr>
            <gpxtpx:cad>82</gpxtpx:cad>
          </gpxtpx:TrackPointExtension>
        </extensions>
      </trkpt>
      <trkpt lat="31.1287617031" lon="121.395688271">
        <ele>4.8</ele>
        <time>2026-09-09T23:30:21+08:00</time>
        <extensions>
          <gpxtpx:TrackPointExtension>
            <gpxtpx:hr>0</gpxtpx:hr>
            <gpxtpx:cad>82</gpxtpx:cad>
          </gpxtpx:TrackPointExtension>
        </extensions>
      </trkpt>
      <trkpt lat="31.1287817359" lon="121.395658264">
        <ele>5.0</ele>
        <time>2026-09-09T23:30:23+08:00</time>
        <extensions>
          <gpxtpx:TrackPointExtension>
            <gpxtpx:hr>0</gpxtpx:hr>
            <gpxtpx:cad>82</gpxtpx:cad>
          </gpxtpx:TrackPointExtension>
        </extensions>
      </trkpt>
      <trkpt lat="31.128806714" lon="121.395628341">
        <ele>4.8</ele>
        <time>2026-09-09T23:30:25+08:00</time>
        <extensions>
          <gpxtpx:TrackPointExtension>
            <gpxtpx:hr>0</gpxtpx:hr>
            <gpxtpx:cad>81</gpxtpx:cad>
          </gpxtpx:TrackPointExtension>
        </extensions>
      </trkpt>
      <trkpt lat="31.1288266629" lon="121.395596741">
        <ele>4.8</ele>
        <time>2026-09-09T23:30:27+08:00</time>
        <extensions>
          <gpxtpx:TrackPointExtension>
            <gpxtpx:hr>0</gpxtpx:hr>
            <gpxtpx:cad>81</gpxtpx:cad>
          </gpxtpx:TrackPointExtension>
        </extensions>
      </trkpt>
      <trkpt lat="31.1288233101" lon="121.395585006">
        <ele>5.0</ele>
        <time>2026-09-09T23:30:29+08:00</time>
        <extensions>
          <gpxtpx:TrackPointExtension>
            <gpxtpx:hr>0</gpxtpx:hr>
            <gpxtpx:cad>81</gpxtpx:cad>
          </gpxtpx:TrackPointExtension>
        </extensions>
      </trkpt>
      <trkpt lat="31.1287850048" lon="121.395645021">
        <ele>4.6</ele>
        <time>2026-09-09T23:30:34+08:00</time>
        <extensions>
          <gpxtpx:TrackPointExtension>
            <gpxtpx:hr>146</gpxtpx:hr>
            <gpxtpx:cad>81</gpxtpx:cad>
          </gpxtpx:TrackPointExtension>
        </extensions>
      </trkpt>
      <trkpt lat="31.128739994" lon="121.395738311">
        <ele>4.6</ele>
        <time>2026-09-09T23:30:39+08:00</time>
        <extensions>
          <gpxtpx:TrackPointExtension>
            <gpxtpx:hr>0</gpxtpx:hr>
            <gpxtpx:cad>79</gpxtpx:cad>
          </gpxtpx:TrackPointExtension>
        </extensions>
      </trkpt>
      <trkpt lat="31.1287099868" lon="121.395791704">
        <ele>4.8</ele>
        <time>2026-09-09T23:30:42+08:00</time>
        <extensions>
          <gpxtpx:TrackPointExtension>
            <gpxtpx:hr>147</gpxtpx:hr>
            <gpxtpx:cad>79</gpxtpx:cad>
          </gpxtpx:TrackPointExtension>
        </extensions>
      </trkpt>
      <trkpt lat="31.1287000123" lon="121.395813329">
        <ele>4.8</ele>
        <time>2026-09-09T23:30:43+08:00</time>
        <extensions>
          <gpxtpx:TrackPointExtension>
            <gpxtpx:hr>0</gpxtpx:hr>
            <gpxtpx:cad>79</gpxtpx:cad>
          </gpxtpx:TrackPointExtension>
        </extensions>
      </trkpt>
      <trkpt lat="31.1286917143" lon="121.395833278">
        <ele>4.8</ele>
        <time>2026-09-09T23:30:44+08:00</time>
        <extensions>
          <gpxtpx:TrackPointExtension>
            <gpxtpx:hr>148</gpxtpx:hr>
            <gpxtpx:cad>80</gpxtpx:cad>
          </gpxtpx:TrackPointExtension>
        </extensions>
      </trkpt>
      <trkpt lat="31.1286817398" lon="121.395853311">
        <ele>4.8</ele>
        <time>2026-09-09T23:30:45+08:00</time>
        <extensions>
          <gpxtpx:TrackPointExtension>
            <gpxtpx:hr>0</gpxtpx:hr>
            <gpxtpx:cad>80</gpxtpx:cad>
          </gpxtpx:TrackPointExtension>
        </extensions>
      </trkpt>
      <trkpt lat="31.1286632996" lon="121.395890024">
        <ele>4.6</ele>
        <time>2026-09-09T23:30:47+08:00</time>
        <extensions>
          <gpxtpx:TrackPointExtension>
            <gpxtpx:hr>0</gpxtpx:hr>
            <gpxtpx:cad>82</gpxtpx:cad>
          </gpxtpx:TrackPointExtension>
        </extensions>
      </trkpt>
      <trkpt lat="31.1286432669" lon="121.39593998">
        <ele>4.6</ele>
        <time>2026-09-09T23:30:49+08:00</time>
        <extensions>
          <gpxtpx:TrackPointExtension>
            <gpxtpx:hr>0</gpxtpx:hr>
            <gpxtpx:cad>82</gpxtpx:cad>
          </gpxtpx:TrackPointExtension>
        </extensions>
      </trkpt>
      <trkpt lat="31.1286399979" lon="121.395961689">
        <ele>4.6</ele>
        <time>2026-09-09T23:30:50+08:00</time>
        <extensions>
          <gpxtpx:TrackPointExtension>
            <gpxtpx:hr>149</gpxtpx:hr>
            <gpxtpx:cad>82</gpxtpx:cad>
          </gpxtpx:TrackPointExtension>
        </extensions>
      </trkpt>
      <trkpt lat="31.1286349688" lon="121.395979961">
        <ele>4.6</ele>
        <time>2026-09-09T23:30:51+08:00</time>
        <extensions>
          <gpxtpx:TrackPointExtension>
            <gpxtpx:hr>0</gpxtpx:hr>
            <gpxtpx:cad>82</gpxtpx:cad>
          </gpxtpx:TrackPointExtension>
        </extensions>
      </trkpt>
      <trkpt lat="31.1286233179" lon="121.396023296">
        <ele>4.8</ele>
        <time>2026-09-09T23:30:53+08:00</time>
        <extensions>
          <gpxtpx:TrackPointExtension>
            <gpxtpx:hr>0</gpxtpx:hr>
            <gpxtpx:cad>82</gpxtpx:cad>
          </gpxtpx:TrackPointExtension>
        </extensions>
      </trkpt>
      <trkpt lat="31.1286182888" lon="121.396041736">
        <ele>4.8</ele>
        <time>2026-09-09T23:30:54+08:00</time>
        <extensions>
          <gpxtpx:TrackPointExtension>
            <gpxtpx:hr>151</gpxtpx:hr>
            <gpxtpx:cad>82</gpxtpx:cad>
          </gpxtpx:TrackPointExtension>
        </extensions>
      </trkpt>
      <trkpt lat="31.1286116671" lon="121.396061685">
        <ele>4.8</ele>
        <time>2026-09-09T23:30:55+08:00</time>
        <extensions>
          <gpxtpx:TrackPointExtension>
            <gpxtpx:hr>0</gpxtpx:hr>
            <gpxtpx:cad>82</gpxtpx:cad>
          </gpxtpx:TrackPointExtension>
        </extensions>
      </trkpt>
      <trkpt lat="31.1286032852" lon="121.39608331">
        <ele>4.8</ele>
        <time>2026-09-09T23:30:56+08:00</time>
        <extensions>
          <gpxtpx:TrackPointExtension>
            <gpxtpx:hr>151</gpxtpx:hr>
            <gpxtpx:cad>82</gpxtpx:cad>
          </gpxtpx:TrackPointExtension>
        </extensions>
      </trkpt>
      <trkpt lat="31.1285917182" lon="121.396124968">
        <ele>4.8</ele>
        <time>2026-09-09T23:30:58+08:00</time>
        <extensions>
          <gpxtpx:TrackPointExtension>
            <gpxtpx:hr>151</gpxtpx:hr>
            <gpxtpx:cad>82</gpxtpx:cad>
          </gpxtpx:TrackPointExtension>
        </extensions>
      </trkpt>
      <trkpt lat="31.1285900418" lon="121.396141732">
        <ele>4.8</ele>
        <time>2026-09-09T23:30:59+08:00</time>
        <extensions>
          <gpxtpx:TrackPointExtension>
            <gpxtpx:hr>0</gpxtpx:hr>
            <gpxtpx:cad>82</gpxtpx:cad>
          </gpxtpx:TrackPointExtension>
        </extensions>
      </trkpt>
      <trkpt lat="31.1285649799" lon="121.396178277">
        <ele>4.8</ele>
        <time>2026-09-09T23:31:01+08:00</time>
        <extensions>
          <gpxtpx:TrackPointExtension>
            <gpxtpx:hr>0</gpxtpx:hr>
            <gpxtpx:cad>83</gpxtpx:cad>
          </gpxtpx:TrackPointExtension>
        </extensions>
      </trkpt>
      <trkpt lat="31.1285550054" lon="121.396190012">
        <ele>4.8</ele>
        <time>2026-09-09T23:31:02+08:00</time>
        <extensions>
          <gpxtpx:TrackPointExtension>
            <gpxtpx:hr>152</gpxtpx:hr>
            <gpxtpx:cad>83</gpxtpx:cad>
          </gpxtpx:TrackPointExtension>
        </extensions>
      </trkpt>
      <trkpt lat="31.1285432708" lon="121.396199986">
        <ele>4.8</ele>
        <time>2026-09-09T23:31:03+08:00</time>
        <extensions>
          <gpxtpx:TrackPointExtension>
            <gpxtpx:hr>0</gpxtpx:hr>
            <gpxtpx:cad>83</gpxtpx:cad>
          </gpxtpx:TrackPointExtension>
        </extensions>
      </trkpt>
      <trkpt lat="31.1285150237" lon="121.396223288">
        <ele>4.6</ele>
        <time>2026-09-09T23:31:05+08:00</time>
        <extensions>
          <gpxtpx:TrackPointExtension>
            <gpxtpx:hr>0</gpxtpx:hr>
            <gpxtpx:cad>84</gpxtpx:cad>
          </gpxtpx:TrackPointExtension>
        </extensions>
      </trkpt>
      <trkpt lat="31.1284850165" lon="121.396248266">
        <ele>4.8</ele>
        <time>2026-09-09T23:31:07+08:00</time>
        <extensions>
          <gpxtpx:TrackPointExtension>
            <gpxtpx:hr>0</gpxtpx:hr>
            <gpxtpx:cad>84</gpxtpx:cad>
          </gpxtpx:TrackPointExtension>
        </extensions>
      </trkpt>
      <trkpt lat="31.1284716893" lon="121.396260001">
        <ele>4.8</ele>
        <time>2026-09-09T23:31:08+08:00</time>
        <extensions>
          <gpxtpx:TrackPointExtension>
            <gpxtpx:hr>154</gpxtpx:hr>
            <gpxtpx:cad>84</gpxtpx:cad>
          </gpxtpx:TrackPointExtension>
        </extensions>
      </trkpt>
      <trkpt lat="31.1284400057" lon="121.396293277">
        <ele>4.8</ele>
        <time>2026-09-09T23:31:10+08:00</time>
        <extensions>
          <gpxtpx:TrackPointExtension>
            <gpxtpx:hr>153</gpxtpx:hr>
            <gpxtpx:cad>84</gpxtpx:cad>
          </gpxtpx:TrackPointExtension>
        </extensions>
      </trkpt>
      <trkpt lat="31.1284150276" lon="121.396318339">
        <ele>4.6</ele>
        <time>2026-09-09T23:31:12+08:00</time>
        <extensions>
          <gpxtpx:TrackPointExtension>
            <gpxtpx:hr>153</gpxtpx:hr>
            <gpxtpx:cad>84</gpxtpx:cad>
          </gpxtpx:TrackPointExtension>
        </extensions>
      </trkpt>
      <trkpt lat="31.1283933185" lon="121.396344993">
        <ele>4.6</ele>
        <time>2026-09-09T23:31:14+08:00</time>
        <extensions>
          <gpxtpx:TrackPointExtension>
            <gpxtpx:hr>154</gpxtpx:hr>
            <gpxtpx:cad>84</gpxtpx:cad>
          </gpxtpx:TrackPointExtension>
        </extensions>
      </trkpt>
      <trkpt lat="31.1283749621" lon="121.396375">
        <ele>4.8</ele>
        <time>2026-09-09T23:31:16+08:00</time>
        <extensions>
          <gpxtpx:TrackPointExtension>
            <gpxtpx:hr>153</gpxtpx:hr>
            <gpxtpx:cad>83</gpxtpx:cad>
          </gpxtpx:TrackPointExtension>
        </extensions>
      </trkpt>
      <trkpt lat="31.1283566896" lon="121.396413306">
        <ele>4.8</ele>
        <time>2026-09-09T23:31:18+08:00</time>
        <extensions>
          <gpxtpx:TrackPointExtension>
            <gpxtpx:hr>153</gpxtpx:hr>
            <gpxtpx:cad>82</gpxtpx:cad>
          </gpxtpx:TrackPointExtension>
        </extensions>
      </trkpt>
      <trkpt lat="31.1283467151" lon="121.396429986">
        <ele>4.8</ele>
        <time>2026-09-09T23:31:19+08:00</time>
        <extensions>
          <gpxtpx:TrackPointExtension>
            <gpxtpx:hr>0</gpxtpx:hr>
            <gpxtpx:cad>81</gpxtpx:cad>
          </gpxtpx:TrackPointExtension>
        </extensions>
      </trkpt>
      <trkpt lat="31.1283333041" lon="121.396463262">
        <ele>4.8</ele>
        <time>2026-09-09T23:31:21+08:00</time>
        <extensions>
          <gpxtpx:TrackPointExtension>
            <gpxtpx:hr>0</gpxtpx:hr>
            <gpxtpx:cad>80</gpxtpx:cad>
          </gpxtpx:TrackPointExtension>
        </extensions>
      </trkpt>
      <trkpt lat="31.1283199769" lon="121.396499975">
        <ele>4.8</ele>
        <time>2026-09-09T23:31:23+08:00</time>
        <extensions>
          <gpxtpx:TrackPointExtension>
            <gpxtpx:hr>0</gpxtpx:hr>
            <gpxtpx:cad>80</gpxtpx:cad>
          </gpxtpx:TrackPointExtension>
        </extensions>
      </trkpt>
      <trkpt lat="31.1283067334" lon="121.396536687">
        <ele>4.6</ele>
        <time>2026-09-09T23:31:25+08:00</time>
        <extensions>
          <gpxtpx:TrackPointExtension>
            <gpxtpx:hr>0</gpxtpx:hr>
            <gpxtpx:cad>80</gpxtpx:cad>
          </gpxtpx:TrackPointExtension>
        </extensions>
      </trkpt>
      <trkpt lat="31.1282917298" lon="121.396580022">
        <ele>4.6</ele>
        <time>2026-09-09T23:31:27+08:00</time>
        <extensions>
          <gpxtpx:TrackPointExtension>
            <gpxtpx:hr>0</gpxtpx:hr>
            <gpxtpx:cad>80</gpxtpx:cad>
          </gpxtpx:TrackPointExtension>
        </extensions>
      </trkpt>
      <trkpt lat="31.1282816716" lon="121.396595025">
        <ele>4.6</ele>
        <time>2026-09-09T23:31:28+08:00</time>
        <extensions>
          <gpxtpx:TrackPointExtension>
            <gpxtpx:hr>153</gpxtpx:hr>
            <gpxtpx:cad>80</gpxtpx:cad>
          </gpxtpx:TrackPointExtension>
        </extensions>
      </trkpt>
      <trkpt lat="31.1282700207" lon="121.396638276">
        <ele>4.6</ele>
        <time>2026-09-09T23:31:30+08:00</time>
        <extensions>
          <gpxtpx:TrackPointExtension>
            <gpxtpx:hr>154</gpxtpx:hr>
            <gpxtpx:cad>80</gpxtpx:cad>
          </gpxtpx:TrackPointExtension>
        </extensions>
      </trkpt>
      <trkpt lat="31.1282599624" lon="121.396684963">
        <ele>4.6</ele>
        <time>2026-09-09T23:31:32+08:00</time>
        <extensions>
          <gpxtpx:TrackPointExtension>
            <gpxtpx:hr>155</gpxtpx:hr>
            <gpxtpx:cad>81</gpxtpx:cad>
          </gpxtpx:TrackPointExtension>
        </extensions>
      </trkpt>
      <trkpt lat="31.1282566935" lon="121.396704996">
        <ele>4.8</ele>
        <time>2026-09-09T23:31:33+08:00</time>
        <extensions>
          <gpxtpx:TrackPointExtension>
            <gpxtpx:hr>0</gpxtpx:hr>
            <gpxtpx:cad>81</gpxtpx:cad>
          </gpxtpx:TrackPointExtension>
        </extensions>
      </trkpt>
      <trkpt lat="31.1282550171" lon="121.396723269">
        <ele>4.8</ele>
        <time>2026-09-09T23:31:34+08:00</time>
        <extensions>
          <gpxtpx:TrackPointExtension>
            <gpxtpx:hr>155</gpxtpx:hr>
            <gpxtpx:cad>81</gpxtpx:cad>
          </gpxtpx:TrackPointExtension>
        </extensions>
      </trkpt>
      <trkpt lat="31.128249988" lon="121.39673668">
        <ele>4.8</ele>
        <time>2026-09-09T23:31:35+08:00</time>
        <extensions>
          <gpxtpx:TrackPointExtension>
            <gpxtpx:hr>155</gpxtpx:hr>
            <gpxtpx:cad>81</gpxtpx:cad>
          </gpxtpx:TrackPointExtension>
        </extensions>
      </trkpt>
      <trkpt lat="31.1282266863" lon="121.39676501">
        <ele>4.8</ele>
        <time>2026-09-09T23:31:37+08:00</time>
        <extensions>
          <gpxtpx:TrackPointExtension>
            <gpxtpx:hr>156</gpxtpx:hr>
            <gpxtpx:cad>81</gpxtpx:cad>
          </gpxtpx:TrackPointExtension>
        </extensions>
      </trkpt>
      <trkpt lat="31.1282017082" lon="121.39678672">
        <ele>4.8</ele>
        <time>2026-09-09T23:31:39+08:00</time>
        <extensions>
          <gpxtpx:TrackPointExtension>
            <gpxtpx:hr>156</gpxtpx:hr>
            <gpxtpx:cad>81</gpxtpx:cad>
          </gpxtpx:TrackPointExtension>
        </extensions>
      </trkpt>
      <trkpt lat="31.1281799991" lon="121.396811698">
        <ele>4.8</ele>
        <time>2026-09-09T23:31:41+08:00</time>
        <extensions>
          <gpxtpx:TrackPointExtension>
            <gpxtpx:hr>156</gpxtpx:hr>
            <gpxtpx:cad>81</gpxtpx:cad>
          </gpxtpx:TrackPointExtension>
        </extensions>
      </trkpt>
      <trkpt lat="31.128155021" lon="121.396840028">
        <ele>4.8</ele>
        <time>2026-09-09T23:31:43+08:00</time>
        <extensions>
          <gpxtpx:TrackPointExtension>
            <gpxtpx:hr>156</gpxtpx:hr>
            <gpxtpx:cad>81</gpxtpx:cad>
          </gpxtpx:TrackPointExtension>
        </extensions>
      </trkpt>
      <trkpt lat="31.1281317193" lon="121.396878334">
        <ele>5.0</ele>
        <time>2026-09-09T23:31:45+08:00</time>
        <extensions>
          <gpxtpx:TrackPointExtension>
            <gpxtpx:hr>157</gpxtpx:hr>
            <gpxtpx:cad>81</gpxtpx:cad>
          </gpxtpx:TrackPointExtension>
        </extensions>
      </trkpt>
      <trkpt lat="31.1281233374" lon="121.39689669">
        <ele>5.0</ele>
        <time>2026-09-09T23:31:46+08:00</time>
        <extensions>
          <gpxtpx:TrackPointExtension>
            <gpxtpx:hr>157</gpxtpx:hr>
            <gpxtpx:cad>81</gpxtpx:cad>
          </gpxtpx:TrackPointExtension>
        </extensions>
      </trkpt>
      <trkpt lat="31.1281100102" lon="121.39692829">
        <ele>5.0</ele>
        <time>2026-09-09T23:31:48+08:00</time>
        <extensions>
          <gpxtpx:TrackPointExtension>
            <gpxtpx:hr>158</gpxtpx:hr>
            <gpxtpx:cad>81</gpxtpx:cad>
          </gpxtpx:TrackPointExtension>
        </extensions>
      </trkpt>
      <trkpt lat="31.1281000357" lon="121.396968272">
        <ele>4.8</ele>
        <time>2026-09-09T23:31:50+08:00</time>
        <extensions>
          <gpxtpx:TrackPointExtension>
            <gpxtpx:hr>157</gpxtpx:hr>
            <gpxtpx:cad>82</gpxtpx:cad>
          </gpxtpx:TrackPointExtension>
        </extensions>
      </trkpt>
      <trkpt lat="31.128088301" lon="121.397010013">
        <ele>4.8</ele>
        <time>2026-09-09T23:31:52+08:00</time>
        <extensions>
          <gpxtpx:TrackPointExtension>
            <gpxtpx:hr>157</gpxtpx:hr>
            <gpxtpx:cad>82</gpxtpx:cad>
          </gpxtpx:TrackPointExtension>
        </extensions>
      </trkpt>
      <trkpt lat="31.128080003" lon="121.397028286">
        <ele>4.8</ele>
        <time>2026-09-09T23:31:53+08:00</time>
        <extensions>
          <gpxtpx:TrackPointExtension>
            <gpxtpx:hr>156</gpxtpx:hr>
            <gpxtpx:cad>82</gpxtpx:cad>
          </gpxtpx:TrackPointExtension>
        </extensions>
      </trkpt>
      <trkpt lat="31.1280550249" lon="121.397098275">
        <ele>5.0</ele>
        <time>2026-09-09T23:31:56+08:00</time>
        <extensions>
          <gpxtpx:TrackPointExtension>
            <gpxtpx:hr>156</gpxtpx:hr>
            <gpxtpx:cad>83</gpxtpx:cad>
          </gpxtpx:TrackPointExtension>
        </extensions>
      </trkpt>
      <trkpt lat="31.1280467268" lon="121.39712166">
        <ele>4.8</ele>
        <time>2026-09-09T23:31:57+08:00</time>
        <extensions>
          <gpxtpx:TrackPointExtension>
            <gpxtpx:hr>155</gpxtpx:hr>
            <gpxtpx:cad>83</gpxtpx:cad>
          </gpxtpx:TrackPointExtension>
        </extensions>
      </trkpt>
      <trkpt lat="31.1280349921" lon="121.397144962">
        <ele>4.8</ele>
        <time>2026-09-09T23:31:58+08:00</time>
        <extensions>
          <gpxtpx:TrackPointExtension>
            <gpxtpx:hr>155</gpxtpx:hr>
            <gpxtpx:cad>83</gpxtpx:cad>
          </gpxtpx:TrackPointExtension>
        </extensions>
      </trkpt>
      <trkpt lat="31.1280266941" lon="121.397166671">
        <ele>4.8</ele>
        <time>2026-09-09T23:31:59+08:00</time>
        <extensions>
          <gpxtpx:TrackPointExtension>
            <gpxtpx:hr>154</gpxtpx:hr>
            <gpxtpx:cad>83</gpxtpx:cad>
          </gpxtpx:TrackPointExtension>
        </extensions>
      </trkpt>
      <trkpt lat="31.1280116905" lon="121.397204977">
        <ele>4.8</ele>
        <time>2026-09-09T23:32:01+08:00</time>
        <extensions>
          <gpxtpx:TrackPointExtension>
            <gpxtpx:hr>154</gpxtpx:hr>
            <gpxtpx:cad>83</gpxtpx:cad>
          </gpxtpx:TrackPointExtension>
        </extensions>
      </trkpt>
      <trkpt lat="31.128001716" lon="121.397225009">
        <ele>4.6</ele>
        <time>2026-09-09T23:32:02+08:00</time>
        <extensions>
          <gpxtpx:TrackPointExtension>
            <gpxtpx:hr>153</gpxtpx:hr>
            <gpxtpx:cad>83</gpxtpx:cad>
          </gpxtpx:TrackPointExtension>
        </extensions>
      </trkpt>
      <trkpt lat="31.1279883049" lon="121.397244958">
        <ele>4.6</ele>
        <time>2026-09-09T23:32:03+08:00</time>
        <extensions>
          <gpxtpx:TrackPointExtension>
            <gpxtpx:hr>153</gpxtpx:hr>
            <gpxtpx:cad>83</gpxtpx:cad>
          </gpxtpx:TrackPointExtension>
        </extensions>
      </trkpt>
      <trkpt lat="31.1279800069" lon="121.397264991">
        <ele>4.6</ele>
        <time>2026-09-09T23:32:04+08:00</time>
        <extensions>
          <gpxtpx:TrackPointExtension>
            <gpxtpx:hr>153</gpxtpx:hr>
            <gpxtpx:cad>83</gpxtpx:cad>
          </gpxtpx:TrackPointExtension>
        </extensions>
      </trkpt>
      <trkpt lat="31.1279733013" lon="121.397288293">
        <ele>4.6</ele>
        <time>2026-09-09T23:32:05+08:00</time>
        <extensions>
          <gpxtpx:TrackPointExtension>
            <gpxtpx:hr>152</gpxtpx:hr>
            <gpxtpx:cad>83</gpxtpx:cad>
          </gpxtpx:TrackPointExtension>
        </extensions>
      </trkpt>
      <trkpt lat="31.1279666796" lon="121.397308325">
        <ele>4.6</ele>
        <time>2026-09-09T23:32:06+08:00</time>
        <extensions>
          <gpxtpx:TrackPointExtension>
            <gpxtpx:hr>152</gpxtpx:hr>
            <gpxtpx:cad>83</gpxtpx:cad>
          </gpxtpx:TrackPointExtension>
        </extensions>
      </trkpt>
      <trkpt lat="31.1279617343" lon="121.397328274">
        <ele>4.6</ele>
        <time>2026-09-09T23:32:07+08:00</time>
        <extensions>
          <gpxtpx:TrackPointExtension>
            <gpxtpx:hr>152</gpxtpx:hr>
            <gpxtpx:cad>83</gpxtpx:cad>
          </gpxtpx:TrackPointExtension>
        </extensions>
      </trkpt>
      <trkpt lat="31.127951676" lon="121.397345038">
        <ele>4.6</ele>
        <time>2026-09-09T23:32:08+08:00</time>
        <extensions>
          <gpxtpx:TrackPointExtension>
            <gpxtpx:hr>151</gpxtpx:hr>
            <gpxtpx:cad>83</gpxtpx:cad>
          </gpxtpx:TrackPointExtension>
        </extensions>
      </trkpt>
      <trkpt lat="31.127934996" lon="121.397376722">
        <ele>4.6</ele>
        <time>2026-09-09T23:32:10+08:00</time>
        <extensions>
          <gpxtpx:TrackPointExtension>
            <gpxtpx:hr>152</gpxtpx:hr>
            <gpxtpx:cad>83</gpxtpx:cad>
          </gpxtpx:TrackPointExtension>
        </extensions>
      </trkpt>
      <trkpt lat="31.1279199924" lon="121.397411674">
        <ele>4.4</ele>
        <time>2026-09-09T23:32:12+08:00</time>
        <extensions>
          <gpxtpx:TrackPointExtension>
            <gpxtpx:hr>151</gpxtpx:hr>
            <gpxtpx:cad>83</gpxtpx:cad>
          </gpxtpx:TrackPointExtension>
        </extensions>
      </trkpt>
      <trkpt lat="31.1279083416" lon="121.397448303">
        <ele>4.2</ele>
        <time>2026-09-09T23:32:14+08:00</time>
        <extensions>
          <gpxtpx:TrackPointExtension>
            <gpxtpx:hr>151</gpxtpx:hr>
            <gpxtpx:cad>83</gpxtpx:cad>
          </gpxtpx:TrackPointExtension>
        </extensions>
      </trkpt>
      <trkpt lat="31.1278999597" lon="121.397488285">
        <ele>4.2</ele>
        <time>2026-09-09T23:32:16+08:00</time>
        <extensions>
          <gpxtpx:TrackPointExtension>
            <gpxtpx:hr>152</gpxtpx:hr>
            <gpxtpx:cad>83</gpxtpx:cad>
          </gpxtpx:TrackPointExtension>
        </extensions>
      </trkpt>
      <trkpt lat="31.1278850399" lon="121.397524998">
        <ele>4.2</ele>
        <time>2026-09-09T23:32:18+08:00</time>
        <extensions>
          <gpxtpx:TrackPointExtension>
            <gpxtpx:hr>152</gpxtpx:hr>
            <gpxtpx:cad>83</gpxtpx:cad>
          </gpxtpx:TrackPointExtension>
        </extensions>
      </trkpt>
      <trkpt lat="31.1278783344" lon="121.397563303">
        <ele>4.4</ele>
        <time>2026-09-09T23:32:20+08:00</time>
        <extensions>
          <gpxtpx:TrackPointExtension>
            <gpxtpx:hr>152</gpxtpx:hr>
            <gpxtpx:cad>83</gpxtpx:cad>
          </gpxtpx:TrackPointExtension>
        </extensions>
      </trkpt>
      <trkpt lat="31.1278633308" lon="121.397596663">
        <ele>4.4</ele>
        <time>2026-09-09T23:32:22+08:00</time>
        <extensions>
          <gpxtpx:TrackPointExtension>
            <gpxtpx:hr>152</gpxtpx:hr>
            <gpxtpx:cad>83</gpxtpx:cad>
          </gpxtpx:TrackPointExtension>
        </extensions>
      </trkpt>
      <trkpt lat="31.1278583016" lon="121.397636728">
        <ele>4.4</ele>
        <time>2026-09-09T23:32:24+08:00</time>
        <extensions>
          <gpxtpx:TrackPointExtension>
            <gpxtpx:hr>152</gpxtpx:hr>
            <gpxtpx:cad>83</gpxtpx:cad>
          </gpxtpx:TrackPointExtension>
        </extensions>
      </trkpt>
      <trkpt lat="31.1278500035" lon="121.397678303">
        <ele>4.4</ele>
        <time>2026-09-09T23:32:26+08:00</time>
        <extensions>
          <gpxtpx:TrackPointExtension>
            <gpxtpx:hr>151</gpxtpx:hr>
            <gpxtpx:cad>83</gpxtpx:cad>
          </gpxtpx:TrackPointExtension>
        </extensions>
      </trkpt>
      <trkpt lat="31.1278417055" lon="121.397716692">
        <ele>4.4</ele>
        <time>2026-09-09T23:32:28+08:00</time>
        <extensions>
          <gpxtpx:TrackPointExtension>
            <gpxtpx:hr>150</gpxtpx:hr>
            <gpxtpx:cad>83</gpxtpx:cad>
          </gpxtpx:TrackPointExtension>
        </extensions>
      </trkpt>
      <trkpt lat="31.1278349999" lon="121.397754997">
        <ele>4.4</ele>
        <time>2026-09-09T23:32:30+08:00</time>
        <extensions>
          <gpxtpx:TrackPointExtension>
            <gpxtpx:hr>149</gpxtpx:hr>
            <gpxtpx:cad>83</gpxtpx:cad>
          </gpxtpx:TrackPointExtension>
        </extensions>
      </trkpt>
      <trkpt lat="31.1278183199" lon="121.39779171">
        <ele>4.2</ele>
        <time>2026-09-09T23:32:32+08:00</time>
        <extensions>
          <gpxtpx:TrackPointExtension>
            <gpxtpx:hr>149</gpxtpx:hr>
            <gpxtpx:cad>83</gpxtpx:cad>
          </gpxtpx:TrackPointExtension>
        </extensions>
      </trkpt>
      <trkpt lat="31.1278066691" lon="121.397824986">
        <ele>4.2</ele>
        <time>2026-09-09T23:32:34+08:00</time>
        <extensions>
          <gpxtpx:TrackPointExtension>
            <gpxtpx:hr>148</gpxtpx:hr>
            <gpxtpx:cad>83</gpxtpx:cad>
          </gpxtpx:TrackPointExtension>
        </extensions>
      </trkpt>
      <trkpt lat="31.1277982872" lon="121.397858262">
        <ele>4.2</ele>
        <time>2026-09-09T23:32:36+08:00</time>
        <extensions>
          <gpxtpx:TrackPointExtension>
            <gpxtpx:hr>148</gpxtpx:hr>
            <gpxtpx:cad>83</gpxtpx:cad>
          </gpxtpx:TrackPointExtension>
        </extensions>
      </trkpt>
      <trkpt lat="31.12778496" lon="121.397891706">
        <ele>4.2</ele>
        <time>2026-09-09T23:32:38+08:00</time>
        <extensions>
          <gpxtpx:TrackPointExtension>
            <gpxtpx:hr>148</gpxtpx:hr>
            <gpxtpx:cad>82</gpxtpx:cad>
          </gpxtpx:TrackPointExtension>
        </extensions>
      </trkpt>
      <trkpt lat="31.1277749855" lon="121.397926658">
        <ele>4.4</ele>
        <time>2026-09-09T23:32:40+08:00</time>
        <extensions>
          <gpxtpx:TrackPointExtension>
            <gpxtpx:hr>147</gpxtpx:hr>
            <gpxtpx:cad>80</gpxtpx:cad>
          </gpxtpx:TrackPointExtension>
        </extensions>
      </trkpt>
      <trkpt lat="31.1277633347" lon="121.397969993">
        <ele>4.2</ele>
        <time>2026-09-09T23:32:42+08:00</time>
        <extensions>
          <gpxtpx:TrackPointExtension>
            <gpxtpx:hr>148</gpxtpx:hr>
            <gpxtpx:cad>79</gpxtpx:cad>
          </gpxtpx:TrackPointExtension>
        </extensions>
      </trkpt>
      <trkpt lat="31.1277583055" lon="121.397988265">
        <ele>4.2</ele>
        <time>2026-09-09T23:32:43+08:00</time>
        <extensions>
          <gpxtpx:TrackPointExtension>
            <gpxtpx:hr>148</gpxtpx:hr>
            <gpxtpx:cad>79</gpxtpx:cad>
          </gpxtpx:TrackPointExtension>
        </extensions>
      </trkpt>
      <trkpt lat="31.1277467385" lon="121.39804828">
        <ele>4.0</ele>
        <time>2026-09-09T23:32:46+08:00</time>
        <extensions>
          <gpxtpx:TrackPointExtension>
            <gpxtpx:hr>149</gpxtpx:hr>
            <gpxtpx:cad>80</gpxtpx:cad>
          </gpxtpx:TrackPointExtension>
        </extensions>
      </trkpt>
      <trkpt lat="31.127740033" lon="121.398063283">
        <ele>4.0</ele>
        <time>2026-09-09T23:32:47+08:00</time>
        <extensions>
          <gpxtpx:TrackPointExtension>
            <gpxtpx:hr>148</gpxtpx:hr>
            <gpxtpx:cad>80</gpxtpx:cad>
          </gpxtpx:TrackPointExtension>
        </extensions>
      </trkpt>
      <trkpt lat="31.1277350038" lon="121.398099996">
        <ele>4.0</ele>
        <time>2026-09-09T23:32:49+08:00</time>
        <extensions>
          <gpxtpx:TrackPointExtension>
            <gpxtpx:hr>148</gpxtpx:hr>
            <gpxtpx:cad>81</gpxtpx:cad>
          </gpxtpx:TrackPointExtension>
        </extensions>
      </trkpt>
      <trkpt lat="31.1277299747" lon="121.398146683">
        <ele>4.0</ele>
        <time>2026-09-09T23:32:51+08:00</time>
        <extensions>
          <gpxtpx:TrackPointExtension>
            <gpxtpx:hr>148</gpxtpx:hr>
            <gpxtpx:cad>81</gpxtpx:cad>
          </gpxtpx:TrackPointExtension>
        </extensions>
      </trkpt>
      <trkpt lat="31.1277250294" lon="121.398166716">
        <ele>4.0</ele>
        <time>2026-09-09T23:32:52+08:00</time>
        <extensions>
          <gpxtpx:TrackPointExtension>
            <gpxtpx:hr>148</gpxtpx:hr>
            <gpxtpx:cad>81</gpxtpx:cad>
          </gpxtpx:TrackPointExtension>
        </extensions>
      </trkpt>
      <trkpt lat="31.1277100258" lon="121.398213319">
        <ele>4.0</ele>
        <time>2026-09-09T23:32:54+08:00</time>
        <extensions>
          <gpxtpx:TrackPointExtension>
            <gpxtpx:hr>149</gpxtpx:hr>
            <gpxtpx:cad>81</gpxtpx:cad>
          </gpxtpx:TrackPointExtension>
        </extensions>
      </trkpt>
      <trkpt lat="31.1276999675" lon="121.398261683">
        <ele>4.0</ele>
        <time>2026-09-09T23:32:56+08:00</time>
        <extensions>
          <gpxtpx:TrackPointExtension>
            <gpxtpx:hr>148</gpxtpx:hr>
            <gpxtpx:cad>81</gpxtpx:cad>
          </gpxtpx:TrackPointExtension>
        </extensions>
      </trkpt>
      <trkpt lat="31.1276950222" lon="121.398283308">
        <ele>4.0</ele>
        <time>2026-09-09T23:32:57+08:00</time>
        <extensions>
          <gpxtpx:TrackPointExtension>
            <gpxtpx:hr>148</gpxtpx:hr>
            <gpxtpx:cad>81</gpxtpx:cad>
          </gpxtpx:TrackPointExtension>
        </extensions>
      </trkpt>
      <trkpt lat="31.127689993" lon="121.398305018">
        <ele>4.0</ele>
        <time>2026-09-09T23:32:58+08:00</time>
        <extensions>
          <gpxtpx:TrackPointExtension>
            <gpxtpx:hr>148</gpxtpx:hr>
            <gpxtpx:cad>81</gpxtpx:cad>
          </gpxtpx:TrackPointExtension>
        </extensions>
      </trkpt>
      <trkpt lat="31.1276883166" lon="121.398324966">
        <ele>3.8</ele>
        <time>2026-09-09T23:32:59+08:00</time>
        <extensions>
          <gpxtpx:TrackPointExtension>
            <gpxtpx:hr>148</gpxtpx:hr>
            <gpxtpx:cad>81</gpxtpx:cad>
          </gpxtpx:TrackPointExtension>
        </extensions>
      </trkpt>
      <trkpt lat="31.1276849639" lon="121.398344999">
        <ele>3.8</ele>
        <time>2026-09-09T23:33:00+08:00</time>
        <extensions>
          <gpxtpx:TrackPointExtension>
            <gpxtpx:hr>149</gpxtpx:hr>
            <gpxtpx:cad>81</gpxtpx:cad>
          </gpxtpx:TrackPointExtension>
        </extensions>
      </trkpt>
      <trkpt lat="31.127673313" lon="121.398378275">
        <ele>3.8</ele>
        <time>2026-09-09T23:33:02+08:00</time>
        <extensions>
          <gpxtpx:TrackPointExtension>
            <gpxtpx:hr>149</gpxtpx:hr>
            <gpxtpx:cad>81</gpxtpx:cad>
          </gpxtpx:TrackPointExtension>
        </extensions>
      </trkpt>
      <trkpt lat="31.1276616622" lon="121.398411719">
        <ele>3.8</ele>
        <time>2026-09-09T23:33:04+08:00</time>
        <extensions>
          <gpxtpx:TrackPointExtension>
            <gpxtpx:hr>150</gpxtpx:hr>
            <gpxtpx:cad>81</gpxtpx:cad>
          </gpxtpx:TrackPointExtension>
        </extensions>
      </trkpt>
      <trkpt lat="31.127648335" lon="121.398450024">
        <ele>3.8</ele>
        <time>2026-09-09T23:33:06+08:00</time>
        <extensions>
          <gpxtpx:TrackPointExtension>
            <gpxtpx:hr>151</gpxtpx:hr>
            <gpxtpx:cad>81</gpxtpx:cad>
          </gpxtpx:TrackPointExtension>
        </extensions>
      </trkpt>
      <trkpt lat="31.1276333313" lon="121.398491682">
        <ele>3.8</ele>
        <time>2026-09-09T23:33:08+08:00</time>
        <extensions>
          <gpxtpx:TrackPointExtension>
            <gpxtpx:hr>152</gpxtpx:hr>
            <gpxtpx:cad>82</gpxtpx:cad>
          </gpxtpx:TrackPointExtension>
        </extensions>
      </trkpt>
      <trkpt lat="31.1276283022" lon="121.398513308">
        <ele>3.8</ele>
        <time>2026-09-09T23:33:09+08:00</time>
        <extensions>
          <gpxtpx:TrackPointExtension>
            <gpxtpx:hr>153</gpxtpx:hr>
            <gpxtpx:cad>82</gpxtpx:cad>
          </gpxtpx:TrackPointExtension>
        </extensions>
      </trkpt>
      <trkpt lat="31.1276232731" lon="121.398558319">
        <ele>3.8</ele>
        <time>2026-09-09T23:33:11+08:00</time>
        <extensions>
          <gpxtpx:TrackPointExtension>
            <gpxtpx:hr>154</gpxtpx:hr>
            <gpxtpx:cad>82</gpxtpx:cad>
          </gpxtpx:TrackPointExtension>
        </extensions>
      </trkpt>
      <trkpt lat="31.127611706" lon="121.398601737">
        <ele>3.8</ele>
        <time>2026-09-09T23:33:13+08:00</time>
        <extensions>
          <gpxtpx:TrackPointExtension>
            <gpxtpx:hr>155</gpxtpx:hr>
            <gpxtpx:cad>82</gpxtpx:cad>
          </gpxtpx:TrackPointExtension>
        </extensions>
      </trkpt>
      <trkpt lat="31.1276066769" lon="121.398626715">
        <ele>3.8</ele>
        <time>2026-09-09T23:33:14+08:00</time>
        <extensions>
          <gpxtpx:TrackPointExtension>
            <gpxtpx:hr>155</gpxtpx:hr>
            <gpxtpx:cad>82</gpxtpx:cad>
          </gpxtpx:TrackPointExtension>
        </extensions>
      </trkpt>
      <trkpt lat="31.1276033241" lon="121.398650017">
        <ele>3.8</ele>
        <time>2026-09-09T23:33:15+08:00</time>
        <extensions>
          <gpxtpx:TrackPointExtension>
            <gpxtpx:hr>155</gpxtpx:hr>
            <gpxtpx:cad>82</gpxtpx:cad>
          </gpxtpx:TrackPointExtension>
        </extensions>
      </trkpt>
      <trkpt lat="31.1275932658" lon="121.398671726">
        <ele>4.0</ele>
        <time>2026-09-09T23:33:16+08:00</time>
        <extensions>
          <gpxtpx:TrackPointExtension>
            <gpxtpx:hr>156</gpxtpx:hr>
            <gpxtpx:cad>82</gpxtpx:cad>
          </gpxtpx:TrackPointExtension>
        </extensions>
      </trkpt>
      <trkpt lat="31.1275883205" lon="121.398696704">
        <ele>4.0</ele>
        <time>2026-09-09T23:33:17+08:00</time>
        <extensions>
          <gpxtpx:TrackPointExtension>
            <gpxtpx:hr>156</gpxtpx:hr>
            <gpxtpx:cad>82</gpxtpx:cad>
          </gpxtpx:TrackPointExtension>
        </extensions>
      </trkpt>
      <trkpt lat="31.1275782622" lon="121.398720006">
        <ele>4.0</ele>
        <time>2026-09-09T23:33:18+08:00</time>
        <extensions>
          <gpxtpx:TrackPointExtension>
            <gpxtpx:hr>156</gpxtpx:hr>
            <gpxtpx:cad>82</gpxtpx:cad>
          </gpxtpx:TrackPointExtension>
        </extensions>
      </trkpt>
      <trkpt lat="31.1275699642" lon="121.398744984">
        <ele>3.8</ele>
        <time>2026-09-09T23:33:19+08:00</time>
        <extensions>
          <gpxtpx:TrackPointExtension>
            <gpxtpx:hr>157</gpxtpx:hr>
            <gpxtpx:cad>82</gpxtpx:cad>
          </gpxtpx:TrackPointExtension>
        </extensions>
      </trkpt>
      <trkpt lat="31.1275650188" lon="121.398769962">
        <ele>3.8</ele>
        <time>2026-09-09T23:33:20+08:00</time>
        <extensions>
          <gpxtpx:TrackPointExtension>
            <gpxtpx:hr>157</gpxtpx:hr>
            <gpxtpx:cad>82</gpxtpx:cad>
          </gpxtpx:TrackPointExtension>
        </extensions>
      </trkpt>
      <trkpt lat="31.1275567207" lon="121.398789994">
        <ele>3.8</ele>
        <time>2026-09-09T23:33:21+08:00</time>
        <extensions>
          <gpxtpx:TrackPointExtension>
            <gpxtpx:hr>156</gpxtpx:hr>
            <gpxtpx:cad>82</gpxtpx:cad>
          </gpxtpx:TrackPointExtension>
        </extensions>
      </trkpt>
      <trkpt lat="31.1275483388" lon="121.398813296">
        <ele>3.8</ele>
        <time>2026-09-09T23:33:22+08:00</time>
        <extensions>
          <gpxtpx:TrackPointExtension>
            <gpxtpx:hr>157</gpxtpx:hr>
            <gpxtpx:cad>82</gpxtpx:cad>
          </gpxtpx:TrackPointExtension>
        </extensions>
      </trkpt>
      <trkpt lat="31.1275417171" lon="121.398836682">
        <ele>3.8</ele>
        <time>2026-09-09T23:33:23+08:00</time>
        <extensions>
          <gpxtpx:TrackPointExtension>
            <gpxtpx:hr>157</gpxtpx:hr>
            <gpxtpx:cad>81</gpxtpx:cad>
          </gpxtpx:TrackPointExtension>
        </extensions>
      </trkpt>
      <trkpt lat="31.127536688" lon="121.39886166">
        <ele>4.0</ele>
        <time>2026-09-09T23:33:24+08:00</time>
        <extensions>
          <gpxtpx:TrackPointExtension>
            <gpxtpx:hr>157</gpxtpx:hr>
            <gpxtpx:cad>81</gpxtpx:cad>
          </gpxtpx:TrackPointExtension>
        </extensions>
      </trkpt>
      <trkpt lat="31.1275316589" lon="121.398886722">
        <ele>4.0</ele>
        <time>2026-09-09T23:33:25+08:00</time>
        <extensions>
          <gpxtpx:TrackPointExtension>
            <gpxtpx:hr>157</gpxtpx:hr>
            <gpxtpx:cad>81</gpxtpx:cad>
          </gpxtpx:TrackPointExtension>
        </extensions>
      </trkpt>
      <trkpt lat="31.1275267135" lon="121.398910023">
        <ele>4.0</ele>
        <time>2026-09-09T23:33:26+08:00</time>
        <extensions>
          <gpxtpx:TrackPointExtension>
            <gpxtpx:hr>158</gpxtpx:hr>
            <gpxtpx:cad>81</gpxtpx:cad>
          </gpxtpx:TrackPointExtension>
        </extensions>
      </trkpt>
      <trkpt lat="31.1275183316" lon="121.398958303">
        <ele>4.0</ele>
        <time>2026-09-09T23:33:28+08:00</time>
        <extensions>
          <gpxtpx:TrackPointExtension>
            <gpxtpx:hr>158</gpxtpx:hr>
            <gpxtpx:cad>81</gpxtpx:cad>
          </gpxtpx:TrackPointExtension>
        </extensions>
      </trkpt>
      <trkpt lat="31.1275133025" lon="121.398981689">
        <ele>4.0</ele>
        <time>2026-09-09T23:33:29+08:00</time>
        <extensions>
          <gpxtpx:TrackPointExtension>
            <gpxtpx:hr>158</gpxtpx:hr>
            <gpxtpx:cad>81</gpxtpx:cad>
          </gpxtpx:TrackPointExtension>
        </extensions>
      </trkpt>
      <trkpt lat="31.1275117099" lon="121.399003314">
        <ele>4.0</ele>
        <time>2026-09-09T23:33:30+08:00</time>
        <extensions>
          <gpxtpx:TrackPointExtension>
            <gpxtpx:hr>158</gpxtpx:hr>
            <gpxtpx:cad>81</gpxtpx:cad>
          </gpxtpx:TrackPointExtension>
        </extensions>
      </trkpt>
      <trkpt lat="31.1275117099" lon="121.399029968">
        <ele>4.0</ele>
        <time>2026-09-09T23:33:31+08:00</time>
        <extensions>
          <gpxtpx:TrackPointExtension>
            <gpxtpx:hr>158</gpxtpx:hr>
            <gpxtpx:cad>81</gpxtpx:cad>
          </gpxtpx:TrackPointExtension>
        </extensions>
      </trkpt>
      <trkpt lat="31.1275149789" lon="121.39905503">
        <ele>4.2</ele>
        <time>2026-09-09T23:33:32+08:00</time>
        <extensions>
          <gpxtpx:TrackPointExtension>
            <gpxtpx:hr>158</gpxtpx:hr>
            <gpxtpx:cad>81</gpxtpx:cad>
          </gpxtpx:TrackPointExtension>
        </extensions>
      </trkpt>
      <trkpt lat="31.1275133025" lon="121.399081685">
        <ele>4.0</ele>
        <time>2026-09-09T23:33:33+08:00</time>
        <extensions>
          <gpxtpx:TrackPointExtension>
            <gpxtpx:hr>158</gpxtpx:hr>
            <gpxtpx:cad>81</gpxtpx:cad>
          </gpxtpx:TrackPointExtension>
        </extensions>
      </trkpt>
      <trkpt lat="31.1275117099" lon="121.399104986">
        <ele>4.0</ele>
        <time>2026-09-09T23:33:34+08:00</time>
        <extensions>
          <gpxtpx:TrackPointExtension>
            <gpxtpx:hr>158</gpxtpx:hr>
            <gpxtpx:cad>81</gpxtpx:cad>
          </gpxtpx:TrackPointExtension>
        </extensions>
      </trkpt>
      <trkpt lat="31.1275100335" lon="121.399128288">
        <ele>4.0</ele>
        <time>2026-09-09T23:33:35+08:00</time>
        <extensions>
          <gpxtpx:TrackPointExtension>
            <gpxtpx:hr>157</gpxtpx:hr>
            <gpxtpx:cad>81</gpxtpx:cad>
          </gpxtpx:TrackPointExtension>
        </extensions>
      </trkpt>
      <trkpt lat="31.1275066808" lon="121.399149997">
        <ele>4.0</ele>
        <time>2026-09-09T23:33:36+08:00</time>
        <extensions>
          <gpxtpx:TrackPointExtension>
            <gpxtpx:hr>158</gpxtpx:hr>
            <gpxtpx:cad>81</gpxtpx:cad>
          </gpxtpx:TrackPointExtension>
        </extensions>
      </trkpt>
      <trkpt lat="31.1275050044" lon="121.399171706">
        <ele>4.0</ele>
        <time>2026-09-09T23:33:37+08:00</time>
        <extensions>
          <gpxtpx:TrackPointExtension>
            <gpxtpx:hr>157</gpxtpx:hr>
            <gpxtpx:cad>81</gpxtpx:cad>
          </gpxtpx:TrackPointExtension>
        </extensions>
      </trkpt>
      <trkpt lat="31.127503328" lon="121.399196684">
        <ele>4.2</ele>
        <time>2026-09-09T23:33:38+08:00</time>
        <extensions>
          <gpxtpx:TrackPointExtension>
            <gpxtpx:hr>155</gpxtpx:hr>
            <gpxtpx:cad>81</gpxtpx:cad>
          </gpxtpx:TrackPointExtension>
        </extensions>
      </trkpt>
      <trkpt lat="31.1274999753" lon="121.399221662">
        <ele>4.2</ele>
        <time>2026-09-09T23:33:39+08:00</time>
        <extensions>
          <gpxtpx:TrackPointExtension>
            <gpxtpx:hr>155</gpxtpx:hr>
            <gpxtpx:cad>81</gpxtpx:cad>
          </gpxtpx:TrackPointExtension>
        </extensions>
      </trkpt>
      <trkpt lat="31.1274982989" lon="121.399246724">
        <ele>4.2</ele>
        <time>2026-09-09T23:33:40+08:00</time>
        <extensions>
          <gpxtpx:TrackPointExtension>
            <gpxtpx:hr>155</gpxtpx:hr>
            <gpxtpx:cad>81</gpxtpx:cad>
          </gpxtpx:TrackPointExtension>
        </extensions>
      </trkpt>
      <trkpt lat="31.1274932697" lon="121.399271702">
        <ele>4.2</ele>
        <time>2026-09-09T23:33:41+08:00</time>
        <extensions>
          <gpxtpx:TrackPointExtension>
            <gpxtpx:hr>154</gpxtpx:hr>
            <gpxtpx:cad>81</gpxtpx:cad>
          </gpxtpx:TrackPointExtension>
        </extensions>
      </trkpt>
      <trkpt lat="31.1274916772" lon="121.399295004">
        <ele>4.2</ele>
        <time>2026-09-09T23:33:42+08:00</time>
        <extensions>
          <gpxtpx:TrackPointExtension>
            <gpxtpx:hr>154</gpxtpx:hr>
            <gpxtpx:cad>81</gpxtpx:cad>
          </gpxtpx:TrackPointExtension>
        </extensions>
      </trkpt>
      <trkpt lat="31.1274900008" lon="121.399318306">
        <ele>4.2</ele>
        <time>2026-09-09T23:33:43+08:00</time>
        <extensions>
          <gpxtpx:TrackPointExtension>
            <gpxtpx:hr>155</gpxtpx:hr>
            <gpxtpx:cad>81</gpxtpx:cad>
          </gpxtpx:TrackPointExtension>
        </extensions>
      </trkpt>
      <trkpt lat="31.1274883244" lon="121.399343284">
        <ele>4.0</ele>
        <time>2026-09-09T23:33:44+08:00</time>
        <extensions>
          <gpxtpx:TrackPointExtension>
            <gpxtpx:hr>154</gpxtpx:hr>
            <gpxtpx:cad>81</gpxtpx:cad>
          </gpxtpx:TrackPointExtension>
        </extensions>
      </trkpt>
      <trkpt lat="31.1274900008" lon="121.399366669">
        <ele>4.0</ele>
        <time>2026-09-09T23:33:45+08:00</time>
        <extensions>
          <gpxtpx:TrackPointExtension>
            <gpxtpx:hr>153</gpxtpx:hr>
            <gpxtpx:cad>81</gpxtpx:cad>
          </gpxtpx:TrackPointExtension>
        </extensions>
      </trkpt>
      <trkpt lat="31.1274900008" lon="121.399391731">
        <ele>4.0</ele>
        <time>2026-09-09T23:33:46+08:00</time>
        <extensions>
          <gpxtpx:TrackPointExtension>
            <gpxtpx:hr>153</gpxtpx:hr>
            <gpxtpx:cad>81</gpxtpx:cad>
          </gpxtpx:TrackPointExtension>
        </extensions>
      </trkpt>
      <trkpt lat="31.1274883244" lon="121.399415033">
        <ele>4.0</ele>
        <time>2026-09-09T23:33:47+08:00</time>
        <extensions>
          <gpxtpx:TrackPointExtension>
            <gpxtpx:hr>152</gpxtpx:hr>
            <gpxtpx:cad>81</gpxtpx:cad>
          </gpxtpx:TrackPointExtension>
        </extensions>
      </trkpt>
      <trkpt lat="31.1274900008" lon="121.399436658">
        <ele>4.0</ele>
        <time>2026-09-09T23:33:48+08:00</time>
        <extensions>
          <gpxtpx:TrackPointExtension>
            <gpxtpx:hr>152</gpxtpx:hr>
            <gpxtpx:cad>81</gpxtpx:cad>
          </gpxtpx:TrackPointExtension>
        </extensions>
      </trkpt>
      <trkpt lat="31.1274883244" lon="121.39946172">
        <ele>4.0</ele>
        <time>2026-09-09T23:33:49+08:00</time>
        <extensions>
          <gpxtpx:TrackPointExtension>
            <gpxtpx:hr>152</gpxtpx:hr>
            <gpxtpx:cad>81</gpxtpx:cad>
          </gpxtpx:TrackPointExtension>
        </extensions>
      </trkpt>
      <trkpt lat="31.1274849717" lon="121.399483262">
        <ele>3.8</ele>
        <time>2026-09-09T23:33:50+08:00</time>
        <extensions>
          <gpxtpx:TrackPointExtension>
            <gpxtpx:hr>152</gpxtpx:hr>
            <gpxtpx:cad>81</gpxtpx:cad>
          </gpxtpx:TrackPointExtension>
        </extensions>
      </trkpt>
      <trkpt lat="31.1274800263" lon="121.399504971">
        <ele>3.8</ele>
        <time>2026-09-09T23:33:51+08:00</time>
        <extensions>
          <gpxtpx:TrackPointExtension>
            <gpxtpx:hr>152</gpxtpx:hr>
            <gpxtpx:cad>81</gpxtpx:cad>
          </gpxtpx:TrackPointExtension>
        </extensions>
      </trkpt>
      <trkpt lat="31.1274766736" lon="121.39952668">
        <ele>4.0</ele>
        <time>2026-09-09T23:33:52+08:00</time>
        <extensions>
          <gpxtpx:TrackPointExtension>
            <gpxtpx:hr>152</gpxtpx:hr>
            <gpxtpx:cad>81</gpxtpx:cad>
          </gpxtpx:TrackPointExtension>
        </extensions>
      </trkpt>
      <trkpt lat="31.1274766736" lon="121.399548305">
        <ele>3.8</ele>
        <time>2026-09-09T23:33:53+08:00</time>
        <extensions>
          <gpxtpx:TrackPointExtension>
            <gpxtpx:hr>152</gpxtpx:hr>
            <gpxtpx:cad>81</gpxtpx:cad>
          </gpxtpx:TrackPointExtension>
        </extensions>
      </trkpt>
      <trkpt lat="31.1274782661" lon="121.399573283">
        <ele>4.0</ele>
        <time>2026-09-09T23:33:54+08:00</time>
        <extensions>
          <gpxtpx:TrackPointExtension>
            <gpxtpx:hr>152</gpxtpx:hr>
            <gpxtpx:cad>81</gpxtpx:cad>
          </gpxtpx:TrackPointExtension>
        </extensions>
      </trkpt>
      <trkpt lat="31.1274766736" lon="121.399593316">
        <ele>4.0</ele>
        <time>2026-09-09T23:33:55+08:00</time>
        <extensions>
          <gpxtpx:TrackPointExtension>
            <gpxtpx:hr>153</gpxtpx:hr>
            <gpxtpx:cad>81</gpxtpx:cad>
          </gpxtpx:TrackPointExtension>
        </extensions>
      </trkpt>
      <trkpt lat="31.1274766736" lon="121.399616702">
        <ele>4.0</ele>
        <time>2026-09-09T23:33:56+08:00</time>
        <extensions>
          <gpxtpx:TrackPointExtension>
            <gpxtpx:hr>153</gpxtpx:hr>
            <gpxtpx:cad>81</gpxtpx:cad>
          </gpxtpx:TrackPointExtension>
        </extensions>
      </trkpt>
      <trkpt lat="31.1274749972" lon="121.399636734">
        <ele>4.0</ele>
        <time>2026-09-09T23:33:57+08:00</time>
        <extensions>
          <gpxtpx:TrackPointExtension>
            <gpxtpx:hr>154</gpxtpx:hr>
            <gpxtpx:cad>81</gpxtpx:cad>
          </gpxtpx:TrackPointExtension>
        </extensions>
      </trkpt>
      <trkpt lat="31.1274749972" lon="121.399658276">
        <ele>4.0</ele>
        <time>2026-09-09T23:33:58+08:00</time>
        <extensions>
          <gpxtpx:TrackPointExtension>
            <gpxtpx:hr>154</gpxtpx:hr>
            <gpxtpx:cad>81</gpxtpx:cad>
          </gpxtpx:TrackPointExtension>
        </extensions>
      </trkpt>
      <trkpt lat="31.1274717283" lon="121.399683338">
        <ele>4.0</ele>
        <time>2026-09-09T23:33:59+08:00</time>
        <extensions>
          <gpxtpx:TrackPointExtension>
            <gpxtpx:hr>155</gpxtpx:hr>
            <gpxtpx:cad>81</gpxtpx:cad>
          </gpxtpx:TrackPointExtension>
        </extensions>
      </trkpt>
      <trkpt lat="31.1274717283" lon="121.399704963">
        <ele>4.0</ele>
        <time>2026-09-09T23:34:00+08:00</time>
        <extensions>
          <gpxtpx:TrackPointExtension>
            <gpxtpx:hr>0</gpxtpx:hr>
            <gpxtpx:cad>81</gpxtpx:cad>
          </gpxtpx:TrackPointExtension>
        </extensions>
      </trkpt>
      <trkpt lat="31.1274699681" lon="121.399723319">
        <ele>4.0</ele>
        <time>2026-09-09T23:34:01+08:00</time>
        <extensions>
          <gpxtpx:TrackPointExtension>
            <gpxtpx:hr>155</gpxtpx:hr>
            <gpxtpx:cad>82</gpxtpx:cad>
          </gpxtpx:TrackPointExtension>
        </extensions>
      </trkpt>
      <trkpt lat="31.1274699681" lon="121.399745028">
        <ele>4.0</ele>
        <time>2026-09-09T23:34:02+08:00</time>
        <extensions>
          <gpxtpx:TrackPointExtension>
            <gpxtpx:hr>0</gpxtpx:hr>
            <gpxtpx:cad>82</gpxtpx:cad>
          </gpxtpx:TrackPointExtension>
        </extensions>
      </trkpt>
      <trkpt lat="31.1274666991" lon="121.399791716">
        <ele>4.0</ele>
        <time>2026-09-09T23:34:04+08:00</time>
        <extensions>
          <gpxtpx:TrackPointExtension>
            <gpxtpx:hr>0</gpxtpx:hr>
            <gpxtpx:cad>82</gpxtpx:cad>
          </gpxtpx:TrackPointExtension>
        </extensions>
      </trkpt>
      <trkpt lat="31.1274632625" lon="121.399811665">
        <ele>4.2</ele>
        <time>2026-09-09T23:34:05+08:00</time>
        <extensions>
          <gpxtpx:TrackPointExtension>
            <gpxtpx:hr>155</gpxtpx:hr>
            <gpxtpx:cad>82</gpxtpx:cad>
          </gpxtpx:TrackPointExtension>
        </extensions>
      </trkpt>
      <trkpt lat="31.1274599936" lon="121.399831697">
        <ele>4.2</ele>
        <time>2026-09-09T23:34:06+08:00</time>
        <extensions>
          <gpxtpx:TrackPointExtension>
            <gpxtpx:hr>0</gpxtpx:hr>
            <gpxtpx:cad>82</gpxtpx:cad>
          </gpxtpx:TrackPointExtension>
        </extensions>
      </trkpt>
      <trkpt lat="31.1274549644" lon="121.399878301">
        <ele>4.4</ele>
        <time>2026-09-09T23:34:08+08:00</time>
        <extensions>
          <gpxtpx:TrackPointExtension>
            <gpxtpx:hr>0</gpxtpx:hr>
            <gpxtpx:cad>82</gpxtpx:cad>
          </gpxtpx:TrackPointExtension>
        </extensions>
      </trkpt>
      <trkpt lat="31.1274516955" lon="121.39990001">
        <ele>4.2</ele>
        <time>2026-09-09T23:34:09+08:00</time>
        <extensions>
          <gpxtpx:TrackPointExtension>
            <gpxtpx:hr>155</gpxtpx:hr>
            <gpxtpx:cad>82</gpxtpx:cad>
          </gpxtpx:TrackPointExtension>
        </extensions>
      </trkpt>
      <trkpt lat="31.1274482589" lon="121.399924988">
        <ele>4.2</ele>
        <time>2026-09-09T23:34:10+08:00</time>
        <extensions>
          <gpxtpx:TrackPointExtension>
            <gpxtpx:hr>0</gpxtpx:hr>
            <gpxtpx:cad>82</gpxtpx:cad>
          </gpxtpx:TrackPointExtension>
        </extensions>
      </trkpt>
      <trkpt lat="31.1274500191" lon="121.399945021">
        <ele>4.2</ele>
        <time>2026-09-09T23:34:11+08:00</time>
        <extensions>
          <gpxtpx:TrackPointExtension>
            <gpxtpx:hr>155</gpxtpx:hr>
            <gpxtpx:cad>82</gpxtpx:cad>
          </gpxtpx:TrackPointExtension>
        </extensions>
      </trkpt>
      <trkpt lat="31.1274482589" lon="121.399985002">
        <ele>4.2</ele>
        <time>2026-09-09T23:34:13+08:00</time>
        <extensions>
          <gpxtpx:TrackPointExtension>
            <gpxtpx:hr>155</gpxtpx:hr>
            <gpxtpx:cad>82</gpxtpx:cad>
          </gpxtpx:TrackPointExtension>
        </extensions>
      </trkpt>
      <trkpt lat="31.1274399608" lon="121.400030013">
        <ele>4.4</ele>
        <time>2026-09-09T23:34:15+08:00</time>
        <extensions>
          <gpxtpx:TrackPointExtension>
            <gpxtpx:hr>155</gpxtpx:hr>
            <gpxtpx:cad>82</gpxtpx:cad>
          </gpxtpx:TrackPointExtension>
        </extensions>
      </trkpt>
      <trkpt lat="31.1274399608" lon="121.400053315">
        <ele>4.4</ele>
        <time>2026-09-09T23:34:16+08:00</time>
        <extensions>
          <gpxtpx:TrackPointExtension>
            <gpxtpx:hr>0</gpxtpx:hr>
            <gpxtpx:cad>82</gpxtpx:cad>
          </gpxtpx:TrackPointExtension>
        </extensions>
      </trkpt>
      <trkpt lat="31.1274399608" lon="121.400073264">
        <ele>4.4</ele>
        <time>2026-09-09T23:34:17+08:00</time>
        <extensions>
          <gpxtpx:TrackPointExtension>
            <gpxtpx:hr>156</gpxtpx:hr>
            <gpxtpx:cad>82</gpxtpx:cad>
          </gpxtpx:TrackPointExtension>
        </extensions>
      </trkpt>
      <trkpt lat="31.127441721" lon="121.400094973">
        <ele>4.4</ele>
        <time>2026-09-09T23:34:18+08:00</time>
        <extensions>
          <gpxtpx:TrackPointExtension>
            <gpxtpx:hr>0</gpxtpx:hr>
            <gpxtpx:cad>82</gpxtpx:cad>
          </gpxtpx:TrackPointExtension>
        </extensions>
      </trkpt>
      <trkpt lat="31.1274350155" lon="121.40015834">
        <ele>4.2</ele>
        <time>2026-09-09T23:34:21+08:00</time>
        <extensions>
          <gpxtpx:TrackPointExtension>
            <gpxtpx:hr>156</gpxtpx:hr>
            <gpxtpx:cad>82</gpxtpx:cad>
          </gpxtpx:TrackPointExtension>
        </extensions>
      </trkpt>
      <trkpt lat="31.1274350155" lon="121.400181726">
        <ele>4.2</ele>
        <time>2026-09-09T23:34:22+08:00</time>
        <extensions>
          <gpxtpx:TrackPointExtension>
            <gpxtpx:hr>0</gpxtpx:hr>
            <gpxtpx:cad>82</gpxtpx:cad>
          </gpxtpx:TrackPointExtension>
        </extensions>
      </trkpt>
      <trkpt lat="31.1274382845" lon="121.4002233">
        <ele>4.2</ele>
        <time>2026-09-09T23:34:24+08:00</time>
        <extensions>
          <gpxtpx:TrackPointExtension>
            <gpxtpx:hr>0</gpxtpx:hr>
            <gpxtpx:cad>82</gpxtpx:cad>
          </gpxtpx:TrackPointExtension>
        </extensions>
      </trkpt>
      <trkpt lat="31.1274382845" lon="121.400263282">
        <ele>4.2</ele>
        <time>2026-09-09T23:34:26+08:00</time>
        <extensions>
          <gpxtpx:TrackPointExtension>
            <gpxtpx:hr>0</gpxtpx:hr>
            <gpxtpx:cad>82</gpxtpx:cad>
          </gpxtpx:TrackPointExtension>
        </extensions>
      </trkpt>
      <trkpt lat="31.1274382845" lon="121.4003067">
        <ele>4.2</ele>
        <time>2026-09-09T23:34:28+08:00</time>
        <extensions>
          <gpxtpx:TrackPointExtension>
            <gpxtpx:hr>0</gpxtpx:hr>
            <gpxtpx:cad>82</gpxtpx:cad>
          </gpxtpx:TrackPointExtension>
        </extensions>
      </trkpt>
      <trkpt lat="31.1274366919" lon="121.40035674">
        <ele>4.2</ele>
        <time>2026-09-09T23:34:30+08:00</time>
        <extensions>
          <gpxtpx:TrackPointExtension>
            <gpxtpx:hr>0</gpxtpx:hr>
            <gpxtpx:cad>81</gpxtpx:cad>
          </gpxtpx:TrackPointExtension>
        </extensions>
      </trkpt>
      <trkpt lat="31.1274350155" lon="121.400381718">
        <ele>4.2</ele>
        <time>2026-09-09T23:34:31+08:00</time>
        <extensions>
          <gpxtpx:TrackPointExtension>
            <gpxtpx:hr>154</gpxtpx:hr>
            <gpxtpx:cad>81</gpxtpx:cad>
          </gpxtpx:TrackPointExtension>
        </extensions>
      </trkpt>
      <trkpt lat="31.1274267174" lon="121.400428321">
        <ele>4.2</ele>
        <time>2026-09-09T23:34:33+08:00</time>
        <extensions>
          <gpxtpx:TrackPointExtension>
            <gpxtpx:hr>155</gpxtpx:hr>
            <gpxtpx:cad>81</gpxtpx:cad>
          </gpxtpx:TrackPointExtension>
        </extensions>
      </trkpt>
      <trkpt lat="31.1274299864" lon="121.400480038">
        <ele>4.0</ele>
        <time>2026-09-09T23:34:35+08:00</time>
        <extensions>
          <gpxtpx:TrackPointExtension>
            <gpxtpx:hr>155</gpxtpx:hr>
            <gpxtpx:cad>81</gpxtpx:cad>
          </gpxtpx:TrackPointExtension>
        </extensions>
      </trkpt>
      <trkpt lat="31.1274316628" lon="121.400505016">
        <ele>4.0</ele>
        <time>2026-09-09T23:34:36+08:00</time>
        <extensions>
          <gpxtpx:TrackPointExtension>
            <gpxtpx:hr>0</gpxtpx:hr>
            <gpxtpx:cad>81</gpxtpx:cad>
          </gpxtpx:TrackPointExtension>
        </extensions>
      </trkpt>
      <trkpt lat="31.1274333391" lon="121.400528317">
        <ele>4.0</ele>
        <time>2026-09-09T23:34:37+08:00</time>
        <extensions>
          <gpxtpx:TrackPointExtension>
            <gpxtpx:hr>155</gpxtpx:hr>
            <gpxtpx:cad>81</gpxtpx:cad>
          </gpxtpx:TrackPointExtension>
        </extensions>
      </trkpt>
      <trkpt lat="31.1274366919" lon="121.400551703">
        <ele>4.0</ele>
        <time>2026-09-09T23:34:38+08:00</time>
        <extensions>
          <gpxtpx:TrackPointExtension>
            <gpxtpx:hr>0</gpxtpx:hr>
            <gpxtpx:cad>81</gpxtpx:cad>
          </gpxtpx:TrackPointExtension>
        </extensions>
      </trkpt>
      <trkpt lat="31.1274382845" lon="121.400571736">
        <ele>4.0</ele>
        <time>2026-09-09T23:34:39+08:00</time>
        <extensions>
          <gpxtpx:TrackPointExtension>
            <gpxtpx:hr>155</gpxtpx:hr>
            <gpxtpx:cad>81</gpxtpx:cad>
          </gpxtpx:TrackPointExtension>
        </extensions>
      </trkpt>
      <trkpt lat="31.1274382845" lon="121.400593277">
        <ele>4.0</ele>
        <time>2026-09-09T23:34:40+08:00</time>
        <extensions>
          <gpxtpx:TrackPointExtension>
            <gpxtpx:hr>0</gpxtpx:hr>
            <gpxtpx:cad>81</gpxtpx:cad>
          </gpxtpx:TrackPointExtension>
        </extensions>
      </trkpt>
      <trkpt lat="31.127441721" lon="121.400614986">
        <ele>4.0</ele>
        <time>2026-09-09T23:34:41+08:00</time>
        <extensions>
          <gpxtpx:TrackPointExtension>
            <gpxtpx:hr>156</gpxtpx:hr>
            <gpxtpx:cad>81</gpxtpx:cad>
          </gpxtpx:TrackPointExtension>
        </extensions>
      </trkpt>
      <trkpt lat="31.1274516955" lon="121.400665026">
        <ele>3.8</ele>
        <time>2026-09-09T23:34:43+08:00</time>
        <extensions>
          <gpxtpx:TrackPointExtension>
            <gpxtpx:hr>156</gpxtpx:hr>
            <gpxtpx:cad>81</gpxtpx:cad>
          </gpxtpx:TrackPointExtension>
        </extensions>
      </trkpt>
      <trkpt lat="31.1274549644" lon="121.400690004">
        <ele>4.0</ele>
        <time>2026-09-09T23:34:44+08:00</time>
        <extensions>
          <gpxtpx:TrackPointExtension>
            <gpxtpx:hr>0</gpxtpx:hr>
            <gpxtpx:cad>81</gpxtpx:cad>
          </gpxtpx:TrackPointExtension>
        </extensions>
      </trkpt>
      <trkpt lat="31.1274549644" lon="121.400711713">
        <ele>4.0</ele>
        <time>2026-09-09T23:34:45+08:00</time>
        <extensions>
          <gpxtpx:TrackPointExtension>
            <gpxtpx:hr>157</gpxtpx:hr>
            <gpxtpx:cad>81</gpxtpx:cad>
          </gpxtpx:TrackPointExtension>
        </extensions>
      </trkpt>
      <trkpt lat="31.1274567246" lon="121.400736691">
        <ele>3.8</ele>
        <time>2026-09-09T23:34:46+08:00</time>
        <extensions>
          <gpxtpx:TrackPointExtension>
            <gpxtpx:hr>0</gpxtpx:hr>
            <gpxtpx:cad>81</gpxtpx:cad>
          </gpxtpx:TrackPointExtension>
        </extensions>
      </trkpt>
      <trkpt lat="31.12746167" lon="121.400783295">
        <ele>4.0</ele>
        <time>2026-09-09T23:34:48+08:00</time>
        <extensions>
          <gpxtpx:TrackPointExtension>
            <gpxtpx:hr>0</gpxtpx:hr>
            <gpxtpx:cad>81</gpxtpx:cad>
          </gpxtpx:TrackPointExtension>
        </extensions>
      </trkpt>
      <trkpt lat="31.12746167" lon="121.400808273">
        <ele>4.0</ele>
        <time>2026-09-09T23:34:49+08:00</time>
        <extensions>
          <gpxtpx:TrackPointExtension>
            <gpxtpx:hr>158</gpxtpx:hr>
            <gpxtpx:cad>81</gpxtpx:cad>
          </gpxtpx:TrackPointExtension>
        </extensions>
      </trkpt>
      <trkpt lat="31.12746167" lon="121.400828306">
        <ele>4.0</ele>
        <time>2026-09-09T23:34:50+08:00</time>
        <extensions>
          <gpxtpx:TrackPointExtension>
            <gpxtpx:hr>0</gpxtpx:hr>
            <gpxtpx:cad>81</gpxtpx:cad>
          </gpxtpx:TrackPointExtension>
        </extensions>
      </trkpt>
      <trkpt lat="31.1274599936" lon="121.400851691">
        <ele>4.0</ele>
        <time>2026-09-09T23:34:51+08:00</time>
        <extensions>
          <gpxtpx:TrackPointExtension>
            <gpxtpx:hr>158</gpxtpx:hr>
            <gpxtpx:cad>81</gpxtpx:cad>
          </gpxtpx:TrackPointExtension>
        </extensions>
      </trkpt>
      <trkpt lat="31.1274599936" lon="121.400876669">
        <ele>4.2</ele>
        <time>2026-09-09T23:34:52+08:00</time>
        <extensions>
          <gpxtpx:TrackPointExtension>
            <gpxtpx:hr>0</gpxtpx:hr>
            <gpxtpx:cad>81</gpxtpx:cad>
          </gpxtpx:TrackPointExtension>
        </extensions>
      </trkpt>
      <trkpt lat="31.1274583172" lon="121.400896702">
        <ele>4.2</ele>
        <time>2026-09-09T23:34:53+08:00</time>
        <extensions>
          <gpxtpx:TrackPointExtension>
            <gpxtpx:hr>158</gpxtpx:hr>
            <gpxtpx:cad>81</gpxtpx:cad>
          </gpxtpx:TrackPointExtension>
        </extensions>
      </trkpt>
      <trkpt lat="31.1274567246" lon="121.400916735">
        <ele>4.2</ele>
        <time>2026-09-09T23:34:54+08:00</time>
        <extensions>
          <gpxtpx:TrackPointExtension>
            <gpxtpx:hr>0</gpxtpx:hr>
            <gpxtpx:cad>81</gpxtpx:cad>
          </gpxtpx:TrackPointExtension>
        </extensions>
      </trkpt>
      <trkpt lat="31.1274567246" lon="121.400936684">
        <ele>4.2</ele>
        <time>2026-09-09T23:34:55+08:00</time>
        <extensions>
          <gpxtpx:TrackPointExtension>
            <gpxtpx:hr>158</gpxtpx:hr>
            <gpxtpx:cad>81</gpxtpx:cad>
          </gpxtpx:TrackPointExtension>
        </extensions>
      </trkpt>
      <trkpt lat="31.1274583172" lon="121.400980018">
        <ele>4.2</ele>
        <time>2026-09-09T23:34:57+08:00</time>
        <extensions>
          <gpxtpx:TrackPointExtension>
            <gpxtpx:hr>160</gpxtpx:hr>
            <gpxtpx:cad>81</gpxtpx:cad>
          </gpxtpx:TrackPointExtension>
        </extensions>
      </trkpt>
      <trkpt lat="31.1274599936" lon="121.40100332">
        <ele>4.2</ele>
        <time>2026-09-09T23:34:58+08:00</time>
        <extensions>
          <gpxtpx:TrackPointExtension>
            <gpxtpx:hr>0</gpxtpx:hr>
            <gpxtpx:cad>81</gpxtpx:cad>
          </gpxtpx:TrackPointExtension>
        </extensions>
      </trkpt>
      <trkpt lat="31.1274599936" lon="121.401026705">
        <ele>4.2</ele>
        <time>2026-09-09T23:34:59+08:00</time>
        <extensions>
          <gpxtpx:TrackPointExtension>
            <gpxtpx:hr>159</gpxtpx:hr>
            <gpxtpx:cad>80</gpxtpx:cad>
          </gpxtpx:TrackPointExtension>
        </extensions>
      </trkpt>
      <trkpt lat="31.12746167" lon="121.401051683">
        <ele>4.2</ele>
        <time>2026-09-09T23:35:00+08:00</time>
        <extensions>
          <gpxtpx:TrackPointExtension>
            <gpxtpx:hr>0</gpxtpx:hr>
            <gpxtpx:cad>80</gpxtpx:cad>
          </gpxtpx:TrackPointExtension>
        </extensions>
      </trkpt>
      <trkpt lat="31.1274650227" lon="121.401095018">
        <ele>4.4</ele>
        <time>2026-09-09T23:35:02+08:00</time>
        <extensions>
          <gpxtpx:TrackPointExtension>
            <gpxtpx:hr>0</gpxtpx:hr>
            <gpxtpx:cad>80</gpxtpx:cad>
          </gpxtpx:TrackPointExtension>
        </extensions>
      </trkpt>
      <trkpt lat="31.1274650227" lon="121.401118319">
        <ele>4.4</ele>
        <time>2026-09-09T23:35:03+08:00</time>
        <extensions>
          <gpxtpx:TrackPointExtension>
            <gpxtpx:hr>160</gpxtpx:hr>
            <gpxtpx:cad>80</gpxtpx:cad>
          </gpxtpx:TrackPointExtension>
        </extensions>
      </trkpt>
      <trkpt lat="31.1274632625" lon="121.401140029">
        <ele>4.4</ele>
        <time>2026-09-09T23:35:04+08:00</time>
        <extensions>
          <gpxtpx:TrackPointExtension>
            <gpxtpx:hr>0</gpxtpx:hr>
            <gpxtpx:cad>80</gpxtpx:cad>
          </gpxtpx:TrackPointExtension>
        </extensions>
      </trkpt>
      <trkpt lat="31.12746167" lon="121.40116333">
        <ele>4.4</ele>
        <time>2026-09-09T23:35:05+08:00</time>
        <extensions>
          <gpxtpx:TrackPointExtension>
            <gpxtpx:hr>159</gpxtpx:hr>
            <gpxtpx:cad>80</gpxtpx:cad>
          </gpxtpx:TrackPointExtension>
        </extensions>
      </trkpt>
      <trkpt lat="31.12746167" lon="121.401185039">
        <ele>4.4</ele>
        <time>2026-09-09T23:35:06+08:00</time>
        <extensions>
          <gpxtpx:TrackPointExtension>
            <gpxtpx:hr>0</gpxtpx:hr>
            <gpxtpx:cad>80</gpxtpx:cad>
          </gpxtpx:TrackPointExtension>
        </extensions>
      </trkpt>
      <trkpt lat="31.1274632625" lon="121.401204988">
        <ele>4.4</ele>
        <time>2026-09-09T23:35:07+08:00</time>
        <extensions>
          <gpxtpx:TrackPointExtension>
            <gpxtpx:hr>159</gpxtpx:hr>
            <gpxtpx:cad>80</gpxtpx:cad>
          </gpxtpx:TrackPointExtension>
        </extensions>
      </trkpt>
      <trkpt lat="31.1274666991" lon="121.401225021">
        <ele>4.4</ele>
        <time>2026-09-09T23:35:08+08:00</time>
        <extensions>
          <gpxtpx:TrackPointExtension>
            <gpxtpx:hr>0</gpxtpx:hr>
            <gpxtpx:cad>80</gpxtpx:cad>
          </gpxtpx:TrackPointExtension>
        </extensions>
      </trkpt>
      <trkpt lat="31.1274733208" lon="121.401263326">
        <ele>4.6</ele>
        <time>2026-09-09T23:35:10+08:00</time>
        <extensions>
          <gpxtpx:TrackPointExtension>
            <gpxtpx:hr>0</gpxtpx:hr>
            <gpxtpx:cad>80</gpxtpx:cad>
          </gpxtpx:TrackPointExtension>
        </extensions>
      </trkpt>
      <trkpt lat="31.1274800263" lon="121.401301716">
        <ele>4.6</ele>
        <time>2026-09-09T23:35:12+08:00</time>
        <extensions>
          <gpxtpx:TrackPointExtension>
            <gpxtpx:hr>0</gpxtpx:hr>
            <gpxtpx:cad>80</gpxtpx:cad>
          </gpxtpx:TrackPointExtension>
        </extensions>
      </trkpt>
      <trkpt lat="31.1274883244" lon="121.401344966">
        <ele>4.6</ele>
        <time>2026-09-09T23:35:14+08:00</time>
        <extensions>
          <gpxtpx:TrackPointExtension>
            <gpxtpx:hr>0</gpxtpx:hr>
            <gpxtpx:cad>80</gpxtpx:cad>
          </gpxtpx:TrackPointExtension>
        </extensions>
      </trkpt>
      <trkpt lat="31.1274932697" lon="121.401368268">
        <ele>4.6</ele>
        <time>2026-09-09T23:35:15+08:00</time>
        <extensions>
          <gpxtpx:TrackPointExtension>
            <gpxtpx:hr>160</gpxtpx:hr>
            <gpxtpx:cad>80</gpxtpx:cad>
          </gpxtpx:TrackPointExtension>
        </extensions>
      </trkpt>
      <trkpt lat="31.1275017355" lon="121.401403304">
        <ele>4.6</ele>
        <time>2026-09-09T23:35:17+08:00</time>
        <extensions>
          <gpxtpx:TrackPointExtension>
            <gpxtpx:hr>159</gpxtpx:hr>
            <gpxtpx:cad>80</gpxtpx:cad>
          </gpxtpx:TrackPointExtension>
        </extensions>
      </trkpt>
      <trkpt lat="31.1275167391" lon="121.401434988">
        <ele>4.6</ele>
        <time>2026-09-09T23:35:19+08:00</time>
        <extensions>
          <gpxtpx:TrackPointExtension>
            <gpxtpx:hr>160</gpxtpx:hr>
            <gpxtpx:cad>80</gpxtpx:cad>
          </gpxtpx:TrackPointExtension>
        </extensions>
      </trkpt>
      <trkpt lat="31.1275400408" lon="121.401463319">
        <ele>4.6</ele>
        <time>2026-09-09T23:35:21+08:00</time>
        <extensions>
          <gpxtpx:TrackPointExtension>
            <gpxtpx:hr>160</gpxtpx:hr>
            <gpxtpx:cad>80</gpxtpx:cad>
          </gpxtpx:TrackPointExtension>
        </extensions>
      </trkpt>
      <trkpt lat="31.1275599897" lon="121.401495002">
        <ele>4.6</ele>
        <time>2026-09-09T23:35:23+08:00</time>
        <extensions>
          <gpxtpx:TrackPointExtension>
            <gpxtpx:hr>159</gpxtpx:hr>
            <gpxtpx:cad>80</gpxtpx:cad>
          </gpxtpx:TrackPointExtension>
        </extensions>
      </trkpt>
      <trkpt lat="31.1275967024" lon="121.401508329">
        <ele>4.4</ele>
        <time>2026-09-09T23:35:25+08:00</time>
        <extensions>
          <gpxtpx:TrackPointExtension>
            <gpxtpx:hr>161</gpxtpx:hr>
            <gpxtpx:cad>80</gpxtpx:cad>
          </gpxtpx:TrackPointExtension>
        </extensions>
      </trkpt>
      <trkpt lat="31.1276382767" lon="121.40151998">
        <ele>4.4</ele>
        <time>2026-09-09T23:35:27+08:00</time>
        <extensions>
          <gpxtpx:TrackPointExtension>
            <gpxtpx:hr>160</gpxtpx:hr>
            <gpxtpx:cad>80</gpxtpx:cad>
          </gpxtpx:TrackPointExtension>
        </extensions>
      </trkpt>
      <trkpt lat="31.1276550405" lon="121.401530039">
        <ele>4.4</ele>
        <time>2026-09-09T23:35:28+08:00</time>
        <extensions>
          <gpxtpx:TrackPointExtension>
            <gpxtpx:hr>0</gpxtpx:hr>
            <gpxtpx:cad>80</gpxtpx:cad>
          </gpxtpx:TrackPointExtension>
        </extensions>
      </trkpt>
      <trkpt lat="31.1276916694" lon="121.401540013">
        <ele>4.2</ele>
        <time>2026-09-09T23:35:30+08:00</time>
        <extensions>
          <gpxtpx:TrackPointExtension>
            <gpxtpx:hr>0</gpxtpx:hr>
            <gpxtpx:cad>81</gpxtpx:cad>
          </gpxtpx:TrackPointExtension>
        </extensions>
      </trkpt>
      <trkpt lat="31.1277333274" lon="121.401541689">
        <ele>4.2</ele>
        <time>2026-09-09T23:35:32+08:00</time>
        <extensions>
          <gpxtpx:TrackPointExtension>
            <gpxtpx:hr>0</gpxtpx:hr>
            <gpxtpx:cad>81</gpxtpx:cad>
          </gpxtpx:TrackPointExtension>
        </extensions>
      </trkpt>
      <trkpt lat="31.1277516838" lon="121.401540013">
        <ele>4.2</ele>
        <time>2026-09-09T23:35:33+08:00</time>
        <extensions>
          <gpxtpx:TrackPointExtension>
            <gpxtpx:hr>160</gpxtpx:hr>
            <gpxtpx:cad>81</gpxtpx:cad>
          </gpxtpx:TrackPointExtension>
        </extensions>
      </trkpt>
      <trkpt lat="31.12776828" lon="121.40153666">
        <ele>4.2</ele>
        <time>2026-09-09T23:35:34+08:00</time>
        <extensions>
          <gpxtpx:TrackPointExtension>
            <gpxtpx:hr>0</gpxtpx:hr>
            <gpxtpx:cad>81</gpxtpx:cad>
          </gpxtpx:TrackPointExtension>
        </extensions>
      </trkpt>
      <trkpt lat="31.1277832836" lon="121.401538337">
        <ele>4.2</ele>
        <time>2026-09-09T23:35:35+08:00</time>
        <extensions>
          <gpxtpx:TrackPointExtension>
            <gpxtpx:hr>159</gpxtpx:hr>
            <gpxtpx:cad>81</gpxtpx:cad>
          </gpxtpx:TrackPointExtension>
        </extensions>
      </trkpt>
      <trkpt lat="31.1278216727" lon="121.401533308">
        <ele>4.2</ele>
        <time>2026-09-09T23:35:37+08:00</time>
        <extensions>
          <gpxtpx:TrackPointExtension>
            <gpxtpx:hr>159</gpxtpx:hr>
            <gpxtpx:cad>81</gpxtpx:cad>
          </gpxtpx:TrackPointExtension>
        </extensions>
      </trkpt>
      <trkpt lat="31.1278400291" lon="121.401530039">
        <ele>4.2</ele>
        <time>2026-09-09T23:35:38+08:00</time>
        <extensions>
          <gpxtpx:TrackPointExtension>
            <gpxtpx:hr>0</gpxtpx:hr>
            <gpxtpx:cad>81</gpxtpx:cad>
          </gpxtpx:TrackPointExtension>
        </extensions>
      </trkpt>
      <trkpt lat="31.1278583016" lon="121.401530039">
        <ele>4.2</ele>
        <time>2026-09-09T23:35:39+08:00</time>
        <extensions>
          <gpxtpx:TrackPointExtension>
            <gpxtpx:hr>159</gpxtpx:hr>
            <gpxtpx:cad>81</gpxtpx:cad>
          </gpxtpx:TrackPointExtension>
        </extensions>
      </trkpt>
      <trkpt lat="31.1278767418" lon="121.401523333">
        <ele>4.2</ele>
        <time>2026-09-09T23:35:40+08:00</time>
        <extensions>
          <gpxtpx:TrackPointExtension>
            <gpxtpx:hr>0</gpxtpx:hr>
            <gpxtpx:cad>81</gpxtpx:cad>
          </gpxtpx:TrackPointExtension>
        </extensions>
      </trkpt>
      <trkpt lat="31.127910018" lon="121.401518304">
        <ele>4.4</ele>
        <time>2026-09-09T23:35:42+08:00</time>
        <extensions>
          <gpxtpx:TrackPointExtension>
            <gpxtpx:hr>0</gpxtpx:hr>
            <gpxtpx:cad>81</gpxtpx:cad>
          </gpxtpx:TrackPointExtension>
        </extensions>
      </trkpt>
      <trkpt lat="31.1279232614" lon="121.401518304">
        <ele>4.4</ele>
        <time>2026-09-09T23:35:43+08:00</time>
        <extensions>
          <gpxtpx:TrackPointExtension>
            <gpxtpx:hr>159</gpxtpx:hr>
            <gpxtpx:cad>81</gpxtpx:cad>
          </gpxtpx:TrackPointExtension>
        </extensions>
      </trkpt>
      <trkpt lat="31.1279550288" lon="121.401498271">
        <ele>4.6</ele>
        <time>2026-09-09T23:35:45+08:00</time>
        <extensions>
          <gpxtpx:TrackPointExtension>
            <gpxtpx:hr>159</gpxtpx:hr>
            <gpxtpx:cad>81</gpxtpx:cad>
          </gpxtpx:TrackPointExtension>
        </extensions>
      </trkpt>
      <trkpt lat="31.1279883049" lon="121.401483268">
        <ele>4.6</ele>
        <time>2026-09-09T23:35:47+08:00</time>
        <extensions>
          <gpxtpx:TrackPointExtension>
            <gpxtpx:hr>160</gpxtpx:hr>
            <gpxtpx:cad>81</gpxtpx:cad>
          </gpxtpx:TrackPointExtension>
        </extensions>
      </trkpt>
      <trkpt lat="31.1280083377" lon="121.401483268">
        <ele>4.6</ele>
        <time>2026-09-09T23:35:48+08:00</time>
        <extensions>
          <gpxtpx:TrackPointExtension>
            <gpxtpx:hr>0</gpxtpx:hr>
            <gpxtpx:cad>81</gpxtpx:cad>
          </gpxtpx:TrackPointExtension>
        </extensions>
      </trkpt>
      <trkpt lat="31.1280483194" lon="121.401478322">
        <ele>4.6</ele>
        <time>2026-09-09T23:35:50+08:00</time>
        <extensions>
          <gpxtpx:TrackPointExtension>
            <gpxtpx:hr>0</gpxtpx:hr>
            <gpxtpx:cad>81</gpxtpx:cad>
          </gpxtpx:TrackPointExtension>
        </extensions>
      </trkpt>
      <trkpt lat="31.1280867085" lon="121.401468264">
        <ele>4.6</ele>
        <time>2026-09-09T23:35:52+08:00</time>
        <extensions>
          <gpxtpx:TrackPointExtension>
            <gpxtpx:hr>0</gpxtpx:hr>
            <gpxtpx:cad>81</gpxtpx:cad>
          </gpxtpx:TrackPointExtension>
        </extensions>
      </trkpt>
      <trkpt lat="31.1281067412" lon="121.401466671">
        <ele>4.6</ele>
        <time>2026-09-09T23:35:53+08:00</time>
        <extensions>
          <gpxtpx:TrackPointExtension>
            <gpxtpx:hr>159</gpxtpx:hr>
            <gpxtpx:cad>81</gpxtpx:cad>
          </gpxtpx:TrackPointExtension>
        </extensions>
      </trkpt>
      <trkpt lat="31.1281449627" lon="121.401466671">
        <ele>4.8</ele>
        <time>2026-09-09T23:35:55+08:00</time>
        <extensions>
          <gpxtpx:TrackPointExtension>
            <gpxtpx:hr>157</gpxtpx:hr>
            <gpxtpx:cad>81</gpxtpx:cad>
          </gpxtpx:TrackPointExtension>
        </extensions>
      </trkpt>
      <trkpt lat="31.1281617265" lon="121.401464995">
        <ele>4.8</ele>
        <time>2026-09-09T23:35:56+08:00</time>
        <extensions>
          <gpxtpx:TrackPointExtension>
            <gpxtpx:hr>157</gpxtpx:hr>
            <gpxtpx:cad>81</gpxtpx:cad>
          </gpxtpx:TrackPointExtension>
        </extensions>
      </trkpt>
      <trkpt lat="31.1282067373" lon="121.401456697">
        <ele>5.0</ele>
        <time>2026-09-09T23:35:58+08:00</time>
        <extensions>
          <gpxtpx:TrackPointExtension>
            <gpxtpx:hr>157</gpxtpx:hr>
            <gpxtpx:cad>81</gpxtpx:cad>
          </gpxtpx:TrackPointExtension>
        </extensions>
      </trkpt>
      <trkpt lat="31.1282282788" lon="121.401459966">
        <ele>5.0</ele>
        <time>2026-09-09T23:35:59+08:00</time>
        <extensions>
          <gpxtpx:TrackPointExtension>
            <gpxtpx:hr>157</gpxtpx:hr>
            <gpxtpx:cad>81</gpxtpx:cad>
          </gpxtpx:TrackPointExtension>
        </extensions>
      </trkpt>
      <trkpt lat="31.1282516643" lon="121.401461726">
        <ele>5.2</ele>
        <time>2026-09-09T23:36:00+08:00</time>
        <extensions>
          <gpxtpx:TrackPointExtension>
            <gpxtpx:hr>156</gpxtpx:hr>
            <gpxtpx:cad>81</gpxtpx:cad>
          </gpxtpx:TrackPointExtension>
        </extensions>
      </trkpt>
      <trkpt lat="31.1282767262" lon="121.401468264">
        <ele>5.2</ele>
        <time>2026-09-09T23:36:01+08:00</time>
        <extensions>
          <gpxtpx:TrackPointExtension>
            <gpxtpx:hr>157</gpxtpx:hr>
            <gpxtpx:cad>81</gpxtpx:cad>
          </gpxtpx:TrackPointExtension>
        </extensions>
      </trkpt>
      <trkpt lat="31.128325006" lon="121.401468264">
        <ele>5.4</ele>
        <time>2026-09-09T23:36:03+08:00</time>
        <extensions>
          <gpxtpx:TrackPointExtension>
            <gpxtpx:hr>156</gpxtpx:hr>
            <gpxtpx:cad>81</gpxtpx:cad>
          </gpxtpx:TrackPointExtension>
        </extensions>
      </trkpt>
      <trkpt lat="31.1283516604" lon="121.401464995">
        <ele>5.4</ele>
        <time>2026-09-09T23:36:04+08:00</time>
        <extensions>
          <gpxtpx:TrackPointExtension>
            <gpxtpx:hr>157</gpxtpx:hr>
            <gpxtpx:cad>81</gpxtpx:cad>
          </gpxtpx:TrackPointExtension>
        </extensions>
      </trkpt>
      <trkpt lat="31.1283816677" lon="121.401459966">
        <ele>5.2</ele>
        <time>2026-09-09T23:36:05+08:00</time>
        <extensions>
          <gpxtpx:TrackPointExtension>
            <gpxtpx:hr>157</gpxtpx:hr>
            <gpxtpx:cad>81</gpxtpx:cad>
          </gpxtpx:TrackPointExtension>
        </extensions>
      </trkpt>
      <trkpt lat="31.1284099985" lon="121.401459966">
        <ele>5.2</ele>
        <time>2026-09-09T23:36:06+08:00</time>
        <extensions>
          <gpxtpx:TrackPointExtension>
            <gpxtpx:hr>157</gpxtpx:hr>
            <gpxtpx:cad>81</gpxtpx:cad>
          </gpxtpx:TrackPointExtension>
        </extensions>
      </trkpt>
      <trkpt lat="31.1284400057" lon="121.401459966">
        <ele>5.2</ele>
        <time>2026-09-09T23:36:07+08:00</time>
        <extensions>
          <gpxtpx:TrackPointExtension>
            <gpxtpx:hr>157</gpxtpx:hr>
            <gpxtpx:cad>81</gpxtpx:cad>
          </gpxtpx:TrackPointExtension>
        </extensions>
      </trkpt>
      <trkpt lat="31.1284700129" lon="121.401461726">
        <ele>5.0</ele>
        <time>2026-09-09T23:36:08+08:00</time>
        <extensions>
          <gpxtpx:TrackPointExtension>
            <gpxtpx:hr>157</gpxtpx:hr>
            <gpxtpx:cad>81</gpxtpx:cad>
          </gpxtpx:TrackPointExtension>
        </extensions>
      </trkpt>
      <trkpt lat="31.1284966674" lon="121.401466671">
        <ele>5.0</ele>
        <time>2026-09-09T23:36:09+08:00</time>
        <extensions>
          <gpxtpx:TrackPointExtension>
            <gpxtpx:hr>156</gpxtpx:hr>
            <gpxtpx:cad>81</gpxtpx:cad>
          </gpxtpx:TrackPointExtension>
        </extensions>
      </trkpt>
      <trkpt lat="31.1285217293" lon="121.401466671">
        <ele>4.8</ele>
        <time>2026-09-09T23:36:10+08:00</time>
        <extensions>
          <gpxtpx:TrackPointExtension>
            <gpxtpx:hr>156</gpxtpx:hr>
            <gpxtpx:cad>81</gpxtpx:cad>
          </gpxtpx:TrackPointExtension>
        </extensions>
      </trkpt>
      <trkpt lat="31.1285482999" lon="121.401468264">
        <ele>4.8</ele>
        <time>2026-09-09T23:36:11+08:00</time>
        <extensions>
          <gpxtpx:TrackPointExtension>
            <gpxtpx:hr>155</gpxtpx:hr>
            <gpxtpx:cad>81</gpxtpx:cad>
          </gpxtpx:TrackPointExtension>
        </extensions>
      </trkpt>
      <trkpt lat="31.128573278" lon="121.401466671">
        <ele>4.8</ele>
        <time>2026-09-09T23:36:12+08:00</time>
        <extensions>
          <gpxtpx:TrackPointExtension>
            <gpxtpx:hr>155</gpxtpx:hr>
            <gpxtpx:cad>81</gpxtpx:cad>
          </gpxtpx:TrackPointExtension>
        </extensions>
      </trkpt>
      <trkpt lat="31.1286000162" lon="121.401463319">
        <ele>4.8</ele>
        <time>2026-09-09T23:36:13+08:00</time>
        <extensions>
          <gpxtpx:TrackPointExtension>
            <gpxtpx:hr>155</gpxtpx:hr>
            <gpxtpx:cad>81</gpxtpx:cad>
          </gpxtpx:TrackPointExtension>
        </extensions>
      </trkpt>
      <trkpt lat="31.1286217254" lon="121.401461726">
        <ele>4.8</ele>
        <time>2026-09-09T23:36:14+08:00</time>
        <extensions>
          <gpxtpx:TrackPointExtension>
            <gpxtpx:hr>155</gpxtpx:hr>
            <gpxtpx:cad>81</gpxtpx:cad>
          </gpxtpx:TrackPointExtension>
        </extensions>
      </trkpt>
      <trkpt lat="31.1286432669" lon="121.401464995">
        <ele>4.8</ele>
        <time>2026-09-09T23:36:15+08:00</time>
        <extensions>
          <gpxtpx:TrackPointExtension>
            <gpxtpx:hr>155</gpxtpx:hr>
            <gpxtpx:cad>81</gpxtpx:cad>
          </gpxtpx:TrackPointExtension>
        </extensions>
      </trkpt>
      <trkpt lat="31.128661707" lon="121.401463319">
        <ele>4.8</ele>
        <time>2026-09-09T23:36:16+08:00</time>
        <extensions>
          <gpxtpx:TrackPointExtension>
            <gpxtpx:hr>155</gpxtpx:hr>
            <gpxtpx:cad>81</gpxtpx:cad>
          </gpxtpx:TrackPointExtension>
        </extensions>
      </trkpt>
      <trkpt lat="31.1286732741" lon="121.401461726">
        <ele>4.8</ele>
        <time>2026-09-09T23:36:17+08:00</time>
        <extensions>
          <gpxtpx:TrackPointExtension>
            <gpxtpx:hr>155</gpxtpx:hr>
            <gpxtpx:cad>81</gpxtpx:cad>
          </gpxtpx:TrackPointExtension>
        </extensions>
      </trkpt>
      <trkpt lat="31.1286732741" lon="121.401455021">
        <ele>4.8</ele>
        <time>2026-09-09T23:36:18+08:00</time>
        <extensions>
          <gpxtpx:TrackPointExtension>
            <gpxtpx:hr>155</gpxtpx:hr>
            <gpxtpx:cad>81</gpxtpx:cad>
          </gpxtpx:TrackPointExtension>
        </extensions>
      </trkpt>
      <trkpt lat="31.1285882816" lon="121.401458289">
        <ele>5.0</ele>
        <time>2026-09-09T23:36:22+08:00</time>
        <extensions>
          <gpxtpx:TrackPointExtension>
            <gpxtpx:hr>155</gpxtpx:hr>
            <gpxtpx:cad>81</gpxtpx:cad>
          </gpxtpx:TrackPointExtension>
        </extensions>
      </trkpt>
      <trkpt lat="31.1285633035" lon="121.401458289">
        <ele>5.0</ele>
        <time>2026-09-09T23:36:23+08:00</time>
        <extensions>
          <gpxtpx:TrackPointExtension>
            <gpxtpx:hr>155</gpxtpx:hr>
            <gpxtpx:cad>81</gpxtpx:cad>
          </gpxtpx:TrackPointExtension>
        </extensions>
      </trkpt>
      <trkpt lat="31.1284633074" lon="121.401470024">
        <ele>5.0</ele>
        <time>2026-09-09T23:36:27+08:00</time>
        <extensions>
          <gpxtpx:TrackPointExtension>
            <gpxtpx:hr>156</gpxtpx:hr>
            <gpxtpx:cad>80</gpxtpx:cad>
          </gpxtpx:TrackPointExtension>
        </extensions>
      </trkpt>
      <trkpt lat="31.1284416821" lon="121.401471701">
        <ele>4.8</ele>
        <time>2026-09-09T23:36:28+08:00</time>
        <extensions>
          <gpxtpx:TrackPointExtension>
            <gpxtpx:hr>156</gpxtpx:hr>
            <gpxtpx:cad>80</gpxtpx:cad>
          </gpxtpx:TrackPointExtension>
        </extensions>
      </trkpt>
      <trkpt lat="31.128416704" lon="121.401473293">
        <ele>4.8</ele>
        <time>2026-09-09T23:36:29+08:00</time>
        <extensions>
          <gpxtpx:TrackPointExtension>
            <gpxtpx:hr>156</gpxtpx:hr>
            <gpxtpx:cad>80</gpxtpx:cad>
          </gpxtpx:TrackPointExtension>
        </extensions>
      </trkpt>
      <trkpt lat="31.1283933185" lon="121.401473293">
        <ele>4.8</ele>
        <time>2026-09-09T23:36:30+08:00</time>
        <extensions>
          <gpxtpx:TrackPointExtension>
            <gpxtpx:hr>156</gpxtpx:hr>
            <gpxtpx:cad>80</gpxtpx:cad>
          </gpxtpx:TrackPointExtension>
        </extensions>
      </trkpt>
      <trkpt lat="31.1283700168" lon="121.401478322">
        <ele>4.8</ele>
        <time>2026-09-09T23:36:31+08:00</time>
        <extensions>
          <gpxtpx:TrackPointExtension>
            <gpxtpx:hr>156</gpxtpx:hr>
            <gpxtpx:cad>80</gpxtpx:cad>
          </gpxtpx:TrackPointExtension>
        </extensions>
      </trkpt>
      <trkpt lat="31.1283483077" lon="121.401479999">
        <ele>4.8</ele>
        <time>2026-09-09T23:36:32+08:00</time>
        <extensions>
          <gpxtpx:TrackPointExtension>
            <gpxtpx:hr>156</gpxtpx:hr>
            <gpxtpx:cad>80</gpxtpx:cad>
          </gpxtpx:TrackPointExtension>
        </extensions>
      </trkpt>
      <trkpt lat="31.1283300351" lon="121.401479999">
        <ele>5.0</ele>
        <time>2026-09-09T23:36:33+08:00</time>
        <extensions>
          <gpxtpx:TrackPointExtension>
            <gpxtpx:hr>156</gpxtpx:hr>
            <gpxtpx:cad>80</gpxtpx:cad>
          </gpxtpx:TrackPointExtension>
        </extensions>
      </trkpt>
      <trkpt lat="31.1283116788" lon="121.401478322">
        <ele>4.8</ele>
        <time>2026-09-09T23:36:34+08:00</time>
        <extensions>
          <gpxtpx:TrackPointExtension>
            <gpxtpx:hr>157</gpxtpx:hr>
            <gpxtpx:cad>80</gpxtpx:cad>
          </gpxtpx:TrackPointExtension>
        </extensions>
      </trkpt>
      <trkpt lat="31.1282899696" lon="121.401478322">
        <ele>4.8</ele>
        <time>2026-09-09T23:36:35+08:00</time>
        <extensions>
          <gpxtpx:TrackPointExtension>
            <gpxtpx:hr>157</gpxtpx:hr>
            <gpxtpx:cad>80</gpxtpx:cad>
          </gpxtpx:TrackPointExtension>
        </extensions>
      </trkpt>
      <trkpt lat="31.128249988" lon="121.401479999">
        <ele>4.8</ele>
        <time>2026-09-09T23:36:37+08:00</time>
        <extensions>
          <gpxtpx:TrackPointExtension>
            <gpxtpx:hr>157</gpxtpx:hr>
            <gpxtpx:cad>80</gpxtpx:cad>
          </gpxtpx:TrackPointExtension>
        </extensions>
      </trkpt>
      <trkpt lat="31.1282282788" lon="121.401479999">
        <ele>4.8</ele>
        <time>2026-09-09T23:36:38+08:00</time>
        <extensions>
          <gpxtpx:TrackPointExtension>
            <gpxtpx:hr>158</gpxtpx:hr>
            <gpxtpx:cad>80</gpxtpx:cad>
          </gpxtpx:TrackPointExtension>
        </extensions>
      </trkpt>
      <trkpt lat="31.1282067373" lon="121.401479999">
        <ele>4.8</ele>
        <time>2026-09-09T23:36:39+08:00</time>
        <extensions>
          <gpxtpx:TrackPointExtension>
            <gpxtpx:hr>157</gpxtpx:hr>
            <gpxtpx:cad>80</gpxtpx:cad>
          </gpxtpx:TrackPointExtension>
        </extensions>
      </trkpt>
      <trkpt lat="31.1281867046" lon="121.401479999">
        <ele>4.8</ele>
        <time>2026-09-09T23:36:40+08:00</time>
        <extensions>
          <gpxtpx:TrackPointExtension>
            <gpxtpx:hr>158</gpxtpx:hr>
            <gpxtpx:cad>80</gpxtpx:cad>
          </gpxtpx:TrackPointExtension>
        </extensions>
      </trkpt>
      <trkpt lat="31.1281682644" lon="121.401483268">
        <ele>4.8</ele>
        <time>2026-09-09T23:36:41+08:00</time>
        <extensions>
          <gpxtpx:TrackPointExtension>
            <gpxtpx:hr>158</gpxtpx:hr>
            <gpxtpx:cad>80</gpxtpx:cad>
          </gpxtpx:TrackPointExtension>
        </extensions>
      </trkpt>
      <trkpt lat="31.1281483155" lon="121.401485028">
        <ele>4.8</ele>
        <time>2026-09-09T23:36:42+08:00</time>
        <extensions>
          <gpxtpx:TrackPointExtension>
            <gpxtpx:hr>159</gpxtpx:hr>
            <gpxtpx:cad>80</gpxtpx:cad>
          </gpxtpx:TrackPointExtension>
        </extensions>
      </trkpt>
      <trkpt lat="31.1281299591" lon="121.401486704">
        <ele>4.8</ele>
        <time>2026-09-09T23:36:43+08:00</time>
        <extensions>
          <gpxtpx:TrackPointExtension>
            <gpxtpx:hr>159</gpxtpx:hr>
            <gpxtpx:cad>80</gpxtpx:cad>
          </gpxtpx:TrackPointExtension>
        </extensions>
      </trkpt>
      <trkpt lat="31.1281067412" lon="121.401483268">
        <ele>5.0</ele>
        <time>2026-09-09T23:36:44+08:00</time>
        <extensions>
          <gpxtpx:TrackPointExtension>
            <gpxtpx:hr>159</gpxtpx:hr>
            <gpxtpx:cad>80</gpxtpx:cad>
          </gpxtpx:TrackPointExtension>
        </extensions>
      </trkpt>
      <trkpt lat="31.1280867085" lon="121.401481675">
        <ele>5.0</ele>
        <time>2026-09-09T23:36:45+08:00</time>
        <extensions>
          <gpxtpx:TrackPointExtension>
            <gpxtpx:hr>160</gpxtpx:hr>
            <gpxtpx:cad>80</gpxtpx:cad>
          </gpxtpx:TrackPointExtension>
        </extensions>
      </trkpt>
      <trkpt lat="31.1280700285" lon="121.40147673">
        <ele>5.2</ele>
        <time>2026-09-09T23:36:46+08:00</time>
        <extensions>
          <gpxtpx:TrackPointExtension>
            <gpxtpx:hr>161</gpxtpx:hr>
            <gpxtpx:cad>80</gpxtpx:cad>
          </gpxtpx:TrackPointExtension>
        </extensions>
      </trkpt>
      <trkpt lat="31.1280499958" lon="121.401474969">
        <ele>5.4</ele>
        <time>2026-09-09T23:36:47+08:00</time>
        <extensions>
          <gpxtpx:TrackPointExtension>
            <gpxtpx:hr>161</gpxtpx:hr>
            <gpxtpx:cad>80</gpxtpx:cad>
          </gpxtpx:TrackPointExtension>
        </extensions>
      </trkpt>
      <trkpt lat="31.1280317232" lon="121.401473293">
        <ele>5.4</ele>
        <time>2026-09-09T23:36:48+08:00</time>
        <extensions>
          <gpxtpx:TrackPointExtension>
            <gpxtpx:hr>162</gpxtpx:hr>
            <gpxtpx:cad>80</gpxtpx:cad>
          </gpxtpx:TrackPointExtension>
        </extensions>
      </trkpt>
      <trkpt lat="31.1280116905" lon="121.401474969">
        <ele>5.2</ele>
        <time>2026-09-09T23:36:49+08:00</time>
        <extensions>
          <gpxtpx:TrackPointExtension>
            <gpxtpx:hr>162</gpxtpx:hr>
            <gpxtpx:cad>80</gpxtpx:cad>
          </gpxtpx:TrackPointExtension>
        </extensions>
      </trkpt>
      <trkpt lat="31.1279867124" lon="121.40147673">
        <ele>5.2</ele>
        <time>2026-09-09T23:36:50+08:00</time>
        <extensions>
          <gpxtpx:TrackPointExtension>
            <gpxtpx:hr>163</gpxtpx:hr>
            <gpxtpx:cad>80</gpxtpx:cad>
          </gpxtpx:TrackPointExtension>
        </extensions>
      </trkpt>
      <trkpt lat="31.1279666796" lon="121.401473293">
        <ele>5.2</ele>
        <time>2026-09-09T23:36:51+08:00</time>
        <extensions>
          <gpxtpx:TrackPointExtension>
            <gpxtpx:hr>163</gpxtpx:hr>
            <gpxtpx:cad>80</gpxtpx:cad>
          </gpxtpx:TrackPointExtension>
        </extensions>
      </trkpt>
      <trkpt lat="31.1279432941" lon="121.401474969">
        <ele>5.2</ele>
        <time>2026-09-09T23:36:52+08:00</time>
        <extensions>
          <gpxtpx:TrackPointExtension>
            <gpxtpx:hr>164</gpxtpx:hr>
            <gpxtpx:cad>80</gpxtpx:cad>
          </gpxtpx:TrackPointExtension>
        </extensions>
      </trkpt>
      <trkpt lat="31.1279199924" lon="121.40147673">
        <ele>5.0</ele>
        <time>2026-09-09T23:36:53+08:00</time>
        <extensions>
          <gpxtpx:TrackPointExtension>
            <gpxtpx:hr>164</gpxtpx:hr>
            <gpxtpx:cad>80</gpxtpx:cad>
          </gpxtpx:TrackPointExtension>
        </extensions>
      </trkpt>
      <trkpt lat="31.1278999597" lon="121.40147673">
        <ele>4.8</ele>
        <time>2026-09-09T23:36:54+08:00</time>
        <extensions>
          <gpxtpx:TrackPointExtension>
            <gpxtpx:hr>164</gpxtpx:hr>
            <gpxtpx:cad>80</gpxtpx:cad>
          </gpxtpx:TrackPointExtension>
        </extensions>
      </trkpt>
      <trkpt lat="31.1278800108" lon="121.401481675">
        <ele>4.8</ele>
        <time>2026-09-09T23:36:55+08:00</time>
        <extensions>
          <gpxtpx:TrackPointExtension>
            <gpxtpx:hr>164</gpxtpx:hr>
            <gpxtpx:cad>80</gpxtpx:cad>
          </gpxtpx:TrackPointExtension>
        </extensions>
      </trkpt>
      <trkpt lat="31.1278567091" lon="121.401483268">
        <ele>4.8</ele>
        <time>2026-09-09T23:36:56+08:00</time>
        <extensions>
          <gpxtpx:TrackPointExtension>
            <gpxtpx:hr>164</gpxtpx:hr>
            <gpxtpx:cad>80</gpxtpx:cad>
          </gpxtpx:TrackPointExtension>
        </extensions>
      </trkpt>
      <trkpt lat="31.1278382689" lon="121.401488297">
        <ele>4.8</ele>
        <time>2026-09-09T23:36:57+08:00</time>
        <extensions>
          <gpxtpx:TrackPointExtension>
            <gpxtpx:hr>164</gpxtpx:hr>
            <gpxtpx:cad>80</gpxtpx:cad>
          </gpxtpx:TrackPointExtension>
        </extensions>
      </trkpt>
      <trkpt lat="31.1278183199" lon="121.401498271">
        <ele>4.8</ele>
        <time>2026-09-09T23:36:58+08:00</time>
        <extensions>
          <gpxtpx:TrackPointExtension>
            <gpxtpx:hr>163</gpxtpx:hr>
            <gpxtpx:cad>81</gpxtpx:cad>
          </gpxtpx:TrackPointExtension>
        </extensions>
      </trkpt>
      <trkpt lat="31.1278033163" lon="121.401500031">
        <ele>4.8</ele>
        <time>2026-09-09T23:36:59+08:00</time>
        <extensions>
          <gpxtpx:TrackPointExtension>
            <gpxtpx:hr>163</gpxtpx:hr>
            <gpxtpx:cad>81</gpxtpx:cad>
          </gpxtpx:TrackPointExtension>
        </extensions>
      </trkpt>
      <trkpt lat="31.1277500074" lon="121.401500031">
        <ele>4.8</ele>
        <time>2026-09-09T23:37:02+08:00</time>
        <extensions>
          <gpxtpx:TrackPointExtension>
            <gpxtpx:hr>164</gpxtpx:hr>
            <gpxtpx:cad>81</gpxtpx:cad>
          </gpxtpx:TrackPointExtension>
        </extensions>
      </trkpt>
      <trkpt lat="31.1277333274" lon="121.401498271">
        <ele>4.8</ele>
        <time>2026-09-09T23:37:03+08:00</time>
        <extensions>
          <gpxtpx:TrackPointExtension>
            <gpxtpx:hr>163</gpxtpx:hr>
            <gpxtpx:cad>81</gpxtpx:cad>
          </gpxtpx:TrackPointExtension>
        </extensions>
      </trkpt>
      <trkpt lat="31.1277167313" lon="121.4015033">
        <ele>4.8</ele>
        <time>2026-09-09T23:37:04+08:00</time>
        <extensions>
          <gpxtpx:TrackPointExtension>
            <gpxtpx:hr>164</gpxtpx:hr>
            <gpxtpx:cad>81</gpxtpx:cad>
          </gpxtpx:TrackPointExtension>
        </extensions>
      </trkpt>
      <trkpt lat="31.1276832875" lon="121.401506737">
        <ele>4.6</ele>
        <time>2026-09-09T23:37:06+08:00</time>
        <extensions>
          <gpxtpx:TrackPointExtension>
            <gpxtpx:hr>164</gpxtpx:hr>
            <gpxtpx:cad>81</gpxtpx:cad>
          </gpxtpx:TrackPointExtension>
        </extensions>
      </trkpt>
      <trkpt lat="31.1276333313" lon="121.401489973">
        <ele>4.6</ele>
        <time>2026-09-09T23:37:08+08:00</time>
        <extensions>
          <gpxtpx:TrackPointExtension>
            <gpxtpx:hr>163</gpxtpx:hr>
            <gpxtpx:cad>81</gpxtpx:cad>
          </gpxtpx:TrackPointExtension>
        </extensions>
      </trkpt>
      <trkpt lat="31.127611706" lon="121.401485028">
        <ele>4.6</ele>
        <time>2026-09-09T23:37:09+08:00</time>
        <extensions>
          <gpxtpx:TrackPointExtension>
            <gpxtpx:hr>163</gpxtpx:hr>
            <gpxtpx:cad>81</gpxtpx:cad>
          </gpxtpx:TrackPointExtension>
        </extensions>
      </trkpt>
      <trkpt lat="31.1275733169" lon="121.401481675">
        <ele>4.6</ele>
        <time>2026-09-09T23:37:11+08:00</time>
        <extensions>
          <gpxtpx:TrackPointExtension>
            <gpxtpx:hr>163</gpxtpx:hr>
            <gpxtpx:cad>81</gpxtpx:cad>
          </gpxtpx:TrackPointExtension>
        </extensions>
      </trkpt>
      <trkpt lat="31.1275350116" lon="121.401463319">
        <ele>4.4</ele>
        <time>2026-09-09T23:37:13+08:00</time>
        <extensions>
          <gpxtpx:TrackPointExtension>
            <gpxtpx:hr>163</gpxtpx:hr>
            <gpxtpx:cad>81</gpxtpx:cad>
          </gpxtpx:TrackPointExtension>
        </extensions>
      </trkpt>
      <trkpt lat="31.1275149789" lon="121.40145326">
        <ele>4.4</ele>
        <time>2026-09-09T23:37:14+08:00</time>
        <extensions>
          <gpxtpx:TrackPointExtension>
            <gpxtpx:hr>162</gpxtpx:hr>
            <gpxtpx:cad>81</gpxtpx:cad>
          </gpxtpx:TrackPointExtension>
        </extensions>
      </trkpt>
      <trkpt lat="31.1274967063" lon="121.401444962">
        <ele>4.4</ele>
        <time>2026-09-09T23:37:15+08:00</time>
        <extensions>
          <gpxtpx:TrackPointExtension>
            <gpxtpx:hr>162</gpxtpx:hr>
            <gpxtpx:cad>81</gpxtpx:cad>
          </gpxtpx:TrackPointExtension>
        </extensions>
      </trkpt>
      <trkpt lat="31.1274817027" lon="121.401429959">
        <ele>4.4</ele>
        <time>2026-09-09T23:37:16+08:00</time>
        <extensions>
          <gpxtpx:TrackPointExtension>
            <gpxtpx:hr>162</gpxtpx:hr>
            <gpxtpx:cad>81</gpxtpx:cad>
          </gpxtpx:TrackPointExtension>
        </extensions>
      </trkpt>
      <trkpt lat="31.1274717283" lon="121.401411686">
        <ele>4.4</ele>
        <time>2026-09-09T23:37:17+08:00</time>
        <extensions>
          <gpxtpx:TrackPointExtension>
            <gpxtpx:hr>161</gpxtpx:hr>
            <gpxtpx:cad>81</gpxtpx:cad>
          </gpxtpx:TrackPointExtension>
        </extensions>
      </trkpt>
      <trkpt lat="31.1274650227" lon="121.401388301">
        <ele>4.6</ele>
        <time>2026-09-09T23:37:18+08:00</time>
        <extensions>
          <gpxtpx:TrackPointExtension>
            <gpxtpx:hr>161</gpxtpx:hr>
            <gpxtpx:cad>81</gpxtpx:cad>
          </gpxtpx:TrackPointExtension>
        </extensions>
      </trkpt>
      <trkpt lat="31.1274599936" lon="121.401366675">
        <ele>4.6</ele>
        <time>2026-09-09T23:37:19+08:00</time>
        <extensions>
          <gpxtpx:TrackPointExtension>
            <gpxtpx:hr>160</gpxtpx:hr>
            <gpxtpx:cad>81</gpxtpx:cad>
          </gpxtpx:TrackPointExtension>
        </extensions>
      </trkpt>
      <trkpt lat="31.1274567246" lon="121.401344966">
        <ele>4.6</ele>
        <time>2026-09-09T23:37:20+08:00</time>
        <extensions>
          <gpxtpx:TrackPointExtension>
            <gpxtpx:hr>160</gpxtpx:hr>
            <gpxtpx:cad>81</gpxtpx:cad>
          </gpxtpx:TrackPointExtension>
        </extensions>
      </trkpt>
      <trkpt lat="31.1274516955" lon="121.401321664">
        <ele>4.6</ele>
        <time>2026-09-09T23:37:21+08:00</time>
        <extensions>
          <gpxtpx:TrackPointExtension>
            <gpxtpx:hr>161</gpxtpx:hr>
            <gpxtpx:cad>81</gpxtpx:cad>
          </gpxtpx:TrackPointExtension>
        </extensions>
      </trkpt>
      <trkpt lat="31.1274482589" lon="121.401298279">
        <ele>4.6</ele>
        <time>2026-09-09T23:37:22+08:00</time>
        <extensions>
          <gpxtpx:TrackPointExtension>
            <gpxtpx:hr>161</gpxtpx:hr>
            <gpxtpx:cad>81</gpxtpx:cad>
          </gpxtpx:TrackPointExtension>
        </extensions>
      </trkpt>
      <trkpt lat="31.12744499" lon="121.401274977">
        <ele>4.6</ele>
        <time>2026-09-09T23:37:23+08:00</time>
        <extensions>
          <gpxtpx:TrackPointExtension>
            <gpxtpx:hr>161</gpxtpx:hr>
            <gpxtpx:cad>81</gpxtpx:cad>
          </gpxtpx:TrackPointExtension>
        </extensions>
      </trkpt>
      <trkpt lat="31.1274399608" lon="121.401251676">
        <ele>4.4</ele>
        <time>2026-09-09T23:37:24+08:00</time>
        <extensions>
          <gpxtpx:TrackPointExtension>
            <gpxtpx:hr>160</gpxtpx:hr>
            <gpxtpx:cad>81</gpxtpx:cad>
          </gpxtpx:TrackPointExtension>
        </extensions>
      </trkpt>
      <trkpt lat="31.1274350155" lon="121.401229966">
        <ele>4.4</ele>
        <time>2026-09-09T23:37:25+08:00</time>
        <extensions>
          <gpxtpx:TrackPointExtension>
            <gpxtpx:hr>160</gpxtpx:hr>
            <gpxtpx:cad>81</gpxtpx:cad>
          </gpxtpx:TrackPointExtension>
        </extensions>
      </trkpt>
      <trkpt lat="31.1274350155" lon="121.401206665">
        <ele>4.4</ele>
        <time>2026-09-09T23:37:26+08:00</time>
        <extensions>
          <gpxtpx:TrackPointExtension>
            <gpxtpx:hr>160</gpxtpx:hr>
            <gpxtpx:cad>81</gpxtpx:cad>
          </gpxtpx:TrackPointExtension>
        </extensions>
      </trkpt>
      <trkpt lat="31.1274366919" lon="121.401186716">
        <ele>4.4</ele>
        <time>2026-09-09T23:37:27+08:00</time>
        <extensions>
          <gpxtpx:TrackPointExtension>
            <gpxtpx:hr>159</gpxtpx:hr>
            <gpxtpx:cad>81</gpxtpx:cad>
          </gpxtpx:TrackPointExtension>
        </extensions>
      </trkpt>
      <trkpt lat="31.1274399608" lon="121.401161738">
        <ele>4.4</ele>
        <time>2026-09-09T23:37:28+08:00</time>
        <extensions>
          <gpxtpx:TrackPointExtension>
            <gpxtpx:hr>160</gpxtpx:hr>
            <gpxtpx:cad>81</gpxtpx:cad>
          </gpxtpx:TrackPointExtension>
        </extensions>
      </trkpt>
      <trkpt lat="31.1274399608" lon="121.401140029">
        <ele>4.4</ele>
        <time>2026-09-09T23:37:29+08:00</time>
        <extensions>
          <gpxtpx:TrackPointExtension>
            <gpxtpx:hr>0</gpxtpx:hr>
            <gpxtpx:cad>81</gpxtpx:cad>
          </gpxtpx:TrackPointExtension>
        </extensions>
      </trkpt>
      <trkpt lat="31.1274366919" lon="121.401116727">
        <ele>4.4</ele>
        <time>2026-09-09T23:37:30+08:00</time>
        <extensions>
          <gpxtpx:TrackPointExtension>
            <gpxtpx:hr>159</gpxtpx:hr>
            <gpxtpx:cad>81</gpxtpx:cad>
          </gpxtpx:TrackPointExtension>
        </extensions>
      </trkpt>
      <trkpt lat="31.1274299864" lon="121.401074985">
        <ele>4.4</ele>
        <time>2026-09-09T23:37:32+08:00</time>
        <extensions>
          <gpxtpx:TrackPointExtension>
            <gpxtpx:hr>159</gpxtpx:hr>
            <gpxtpx:cad>81</gpxtpx:cad>
          </gpxtpx:TrackPointExtension>
        </extensions>
      </trkpt>
      <trkpt lat="31.1274267174" lon="121.401051683">
        <ele>4.2</ele>
        <time>2026-09-09T23:37:33+08:00</time>
        <extensions>
          <gpxtpx:TrackPointExtension>
            <gpxtpx:hr>0</gpxtpx:hr>
            <gpxtpx:cad>81</gpxtpx:cad>
          </gpxtpx:TrackPointExtension>
        </extensions>
      </trkpt>
      <trkpt lat="31.1274216883" lon="121.401029974">
        <ele>4.2</ele>
        <time>2026-09-09T23:37:34+08:00</time>
        <extensions>
          <gpxtpx:TrackPointExtension>
            <gpxtpx:hr>159</gpxtpx:hr>
            <gpxtpx:cad>81</gpxtpx:cad>
          </gpxtpx:TrackPointExtension>
        </extensions>
      </trkpt>
      <trkpt lat="31.1274200119" lon="121.401008265">
        <ele>4.4</ele>
        <time>2026-09-09T23:37:35+08:00</time>
        <extensions>
          <gpxtpx:TrackPointExtension>
            <gpxtpx:hr>0</gpxtpx:hr>
            <gpxtpx:cad>81</gpxtpx:cad>
          </gpxtpx:TrackPointExtension>
        </extensions>
      </trkpt>
      <trkpt lat="31.1274166591" lon="121.400984963">
        <ele>4.4</ele>
        <time>2026-09-09T23:37:36+08:00</time>
        <extensions>
          <gpxtpx:TrackPointExtension>
            <gpxtpx:hr>159</gpxtpx:hr>
            <gpxtpx:cad>81</gpxtpx:cad>
          </gpxtpx:TrackPointExtension>
        </extensions>
      </trkpt>
      <trkpt lat="31.1274149828" lon="121.400963338">
        <ele>4.4</ele>
        <time>2026-09-09T23:37:37+08:00</time>
        <extensions>
          <gpxtpx:TrackPointExtension>
            <gpxtpx:hr>0</gpxtpx:hr>
            <gpxtpx:cad>81</gpxtpx:cad>
          </gpxtpx:TrackPointExtension>
        </extensions>
      </trkpt>
      <trkpt lat="31.1274133064" lon="121.400940036">
        <ele>4.4</ele>
        <time>2026-09-09T23:37:38+08:00</time>
        <extensions>
          <gpxtpx:TrackPointExtension>
            <gpxtpx:hr>159</gpxtpx:hr>
            <gpxtpx:cad>81</gpxtpx:cad>
          </gpxtpx:TrackPointExtension>
        </extensions>
      </trkpt>
      <trkpt lat="31.1274117138" lon="121.400918327">
        <ele>4.4</ele>
        <time>2026-09-09T23:37:39+08:00</time>
        <extensions>
          <gpxtpx:TrackPointExtension>
            <gpxtpx:hr>0</gpxtpx:hr>
            <gpxtpx:cad>81</gpxtpx:cad>
          </gpxtpx:TrackPointExtension>
        </extensions>
      </trkpt>
      <trkpt lat="31.1274100374" lon="121.400896702">
        <ele>4.4</ele>
        <time>2026-09-09T23:37:40+08:00</time>
        <extensions>
          <gpxtpx:TrackPointExtension>
            <gpxtpx:hr>158</gpxtpx:hr>
            <gpxtpx:cad>81</gpxtpx:cad>
          </gpxtpx:TrackPointExtension>
        </extensions>
      </trkpt>
      <trkpt lat="31.1274082772" lon="121.400876669">
        <ele>4.4</ele>
        <time>2026-09-09T23:37:41+08:00</time>
        <extensions>
          <gpxtpx:TrackPointExtension>
            <gpxtpx:hr>0</gpxtpx:hr>
            <gpxtpx:cad>81</gpxtpx:cad>
          </gpxtpx:TrackPointExtension>
        </extensions>
      </trkpt>
      <trkpt lat="31.1274033319" lon="121.400833335">
        <ele>4.6</ele>
        <time>2026-09-09T23:37:43+08:00</time>
        <extensions>
          <gpxtpx:TrackPointExtension>
            <gpxtpx:hr>0</gpxtpx:hr>
            <gpxtpx:cad>81</gpxtpx:cad>
          </gpxtpx:TrackPointExtension>
        </extensions>
      </trkpt>
      <trkpt lat="31.1274033319" lon="121.400813302">
        <ele>4.4</ele>
        <time>2026-09-09T23:37:44+08:00</time>
        <extensions>
          <gpxtpx:TrackPointExtension>
            <gpxtpx:hr>161</gpxtpx:hr>
            <gpxtpx:cad>81</gpxtpx:cad>
          </gpxtpx:TrackPointExtension>
        </extensions>
      </trkpt>
      <trkpt lat="31.1274033319" lon="121.400793269">
        <ele>4.4</ele>
        <time>2026-09-09T23:37:45+08:00</time>
        <extensions>
          <gpxtpx:TrackPointExtension>
            <gpxtpx:hr>0</gpxtpx:hr>
            <gpxtpx:cad>81</gpxtpx:cad>
          </gpxtpx:TrackPointExtension>
        </extensions>
      </trkpt>
      <trkpt lat="31.1274017394" lon="121.400750019">
        <ele>4.4</ele>
        <time>2026-09-09T23:37:47+08:00</time>
        <extensions>
          <gpxtpx:TrackPointExtension>
            <gpxtpx:hr>0</gpxtpx:hr>
            <gpxtpx:cad>81</gpxtpx:cad>
          </gpxtpx:TrackPointExtension>
        </extensions>
      </trkpt>
      <trkpt lat="31.1274033319" lon="121.40072831">
        <ele>4.4</ele>
        <time>2026-09-09T23:37:48+08:00</time>
        <extensions>
          <gpxtpx:TrackPointExtension>
            <gpxtpx:hr>162</gpxtpx:hr>
            <gpxtpx:cad>81</gpxtpx:cad>
          </gpxtpx:TrackPointExtension>
        </extensions>
      </trkpt>
      <trkpt lat="31.1274033319" lon="121.400706684">
        <ele>4.4</ele>
        <time>2026-09-09T23:37:49+08:00</time>
        <extensions>
          <gpxtpx:TrackPointExtension>
            <gpxtpx:hr>0</gpxtpx:hr>
            <gpxtpx:cad>81</gpxtpx:cad>
          </gpxtpx:TrackPointExtension>
        </extensions>
      </trkpt>
      <trkpt lat="31.1274066847" lon="121.400681706">
        <ele>4.4</ele>
        <time>2026-09-09T23:37:50+08:00</time>
        <extensions>
          <gpxtpx:TrackPointExtension>
            <gpxtpx:hr>163</gpxtpx:hr>
            <gpxtpx:cad>81</gpxtpx:cad>
          </gpxtpx:TrackPointExtension>
        </extensions>
      </trkpt>
      <trkpt lat="31.1274117138" lon="121.400635019">
        <ele>4.4</ele>
        <time>2026-09-09T23:37:52+08:00</time>
        <extensions>
          <gpxtpx:TrackPointExtension>
            <gpxtpx:hr>163</gpxtpx:hr>
            <gpxtpx:cad>81</gpxtpx:cad>
          </gpxtpx:TrackPointExtension>
        </extensions>
      </trkpt>
      <trkpt lat="31.1274117138" lon="121.400611717">
        <ele>4.4</ele>
        <time>2026-09-09T23:37:53+08:00</time>
        <extensions>
          <gpxtpx:TrackPointExtension>
            <gpxtpx:hr>0</gpxtpx:hr>
            <gpxtpx:cad>81</gpxtpx:cad>
          </gpxtpx:TrackPointExtension>
        </extensions>
      </trkpt>
      <trkpt lat="31.1274117138" lon="121.400591685">
        <ele>4.4</ele>
        <time>2026-09-09T23:37:54+08:00</time>
        <extensions>
          <gpxtpx:TrackPointExtension>
            <gpxtpx:hr>163</gpxtpx:hr>
            <gpxtpx:cad>81</gpxtpx:cad>
          </gpxtpx:TrackPointExtension>
        </extensions>
      </trkpt>
      <trkpt lat="31.1274100374" lon="121.400569975">
        <ele>4.6</ele>
        <time>2026-09-09T23:37:55+08:00</time>
        <extensions>
          <gpxtpx:TrackPointExtension>
            <gpxtpx:hr>0</gpxtpx:hr>
            <gpxtpx:cad>81</gpxtpx:cad>
          </gpxtpx:TrackPointExtension>
        </extensions>
      </trkpt>
      <trkpt lat="31.1274082772" lon="121.400506692">
        <ele>4.4</ele>
        <time>2026-09-09T23:37:58+08:00</time>
        <extensions>
          <gpxtpx:TrackPointExtension>
            <gpxtpx:hr>163</gpxtpx:hr>
            <gpxtpx:cad>81</gpxtpx:cad>
          </gpxtpx:TrackPointExtension>
        </extensions>
      </trkpt>
      <trkpt lat="31.1274066847" lon="121.400460005">
        <ele>4.4</ele>
        <time>2026-09-09T23:38:00+08:00</time>
        <extensions>
          <gpxtpx:TrackPointExtension>
            <gpxtpx:hr>163</gpxtpx:hr>
            <gpxtpx:cad>81</gpxtpx:cad>
          </gpxtpx:TrackPointExtension>
        </extensions>
      </trkpt>
      <trkpt lat="31.1274050083" lon="121.400436703">
        <ele>4.4</ele>
        <time>2026-09-09T23:38:01+08:00</time>
        <extensions>
          <gpxtpx:TrackPointExtension>
            <gpxtpx:hr>0</gpxtpx:hr>
            <gpxtpx:cad>81</gpxtpx:cad>
          </gpxtpx:TrackPointExtension>
        </extensions>
      </trkpt>
      <trkpt lat="31.1274033319" lon="121.40038834">
        <ele>4.4</ele>
        <time>2026-09-09T23:38:03+08:00</time>
        <extensions>
          <gpxtpx:TrackPointExtension>
            <gpxtpx:hr>0</gpxtpx:hr>
            <gpxtpx:cad>81</gpxtpx:cad>
          </gpxtpx:TrackPointExtension>
        </extensions>
      </trkpt>
      <trkpt lat="31.1274050083" lon="121.400341736">
        <ele>4.4</ele>
        <time>2026-09-09T23:38:05+08:00</time>
        <extensions>
          <gpxtpx:TrackPointExtension>
            <gpxtpx:hr>0</gpxtpx:hr>
            <gpxtpx:cad>81</gpxtpx:cad>
          </gpxtpx:TrackPointExtension>
        </extensions>
      </trkpt>
      <trkpt lat="31.1274050083" lon="121.400318267">
        <ele>4.4</ele>
        <time>2026-09-09T23:38:06+08:00</time>
        <extensions>
          <gpxtpx:TrackPointExtension>
            <gpxtpx:hr>163</gpxtpx:hr>
            <gpxtpx:cad>81</gpxtpx:cad>
          </gpxtpx:TrackPointExtension>
        </extensions>
      </trkpt>
      <trkpt lat="31.1274050083" lon="121.400294965">
        <ele>4.4</ele>
        <time>2026-09-09T23:38:07+08:00</time>
        <extensions>
          <gpxtpx:TrackPointExtension>
            <gpxtpx:hr>0</gpxtpx:hr>
            <gpxtpx:cad>81</gpxtpx:cad>
          </gpxtpx:TrackPointExtension>
        </extensions>
      </trkpt>
      <trkpt lat="31.1274050083" lon="121.40027334">
        <ele>4.4</ele>
        <time>2026-09-09T23:38:08+08:00</time>
        <extensions>
          <gpxtpx:TrackPointExtension>
            <gpxtpx:hr>163</gpxtpx:hr>
            <gpxtpx:cad>81</gpxtpx:cad>
          </gpxtpx:TrackPointExtension>
        </extensions>
      </trkpt>
      <trkpt lat="31.1274100374" lon="121.400248278">
        <ele>4.4</ele>
        <time>2026-09-09T23:38:09+08:00</time>
        <extensions>
          <gpxtpx:TrackPointExtension>
            <gpxtpx:hr>0</gpxtpx:hr>
            <gpxtpx:cad>81</gpxtpx:cad>
          </gpxtpx:TrackPointExtension>
        </extensions>
      </trkpt>
      <trkpt lat="31.1274133064" lon="121.400226736">
        <ele>4.2</ele>
        <time>2026-09-09T23:38:10+08:00</time>
        <extensions>
          <gpxtpx:TrackPointExtension>
            <gpxtpx:hr>163</gpxtpx:hr>
            <gpxtpx:cad>81</gpxtpx:cad>
          </gpxtpx:TrackPointExtension>
        </extensions>
      </trkpt>
      <trkpt lat="31.1274149828" lon="121.400201675">
        <ele>4.2</ele>
        <time>2026-09-09T23:38:11+08:00</time>
        <extensions>
          <gpxtpx:TrackPointExtension>
            <gpxtpx:hr>0</gpxtpx:hr>
            <gpxtpx:cad>81</gpxtpx:cad>
          </gpxtpx:TrackPointExtension>
        </extensions>
      </trkpt>
      <trkpt lat="31.1274149828" lon="121.400178289">
        <ele>4.2</ele>
        <time>2026-09-09T23:38:12+08:00</time>
        <extensions>
          <gpxtpx:TrackPointExtension>
            <gpxtpx:hr>164</gpxtpx:hr>
            <gpxtpx:cad>81</gpxtpx:cad>
          </gpxtpx:TrackPointExtension>
        </extensions>
      </trkpt>
      <trkpt lat="31.1274133064" lon="121.400153311">
        <ele>4.2</ele>
        <time>2026-09-09T23:38:13+08:00</time>
        <extensions>
          <gpxtpx:TrackPointExtension>
            <gpxtpx:hr>0</gpxtpx:hr>
            <gpxtpx:cad>81</gpxtpx:cad>
          </gpxtpx:TrackPointExtension>
        </extensions>
      </trkpt>
      <trkpt lat="31.1274100374" lon="121.400128333">
        <ele>4.2</ele>
        <time>2026-09-09T23:38:14+08:00</time>
        <extensions>
          <gpxtpx:TrackPointExtension>
            <gpxtpx:hr>164</gpxtpx:hr>
            <gpxtpx:cad>81</gpxtpx:cad>
          </gpxtpx:TrackPointExtension>
        </extensions>
      </trkpt>
      <trkpt lat="31.1274100374" lon="121.400105031">
        <ele>4.2</ele>
        <time>2026-09-09T23:38:15+08:00</time>
        <extensions>
          <gpxtpx:TrackPointExtension>
            <gpxtpx:hr>0</gpxtpx:hr>
            <gpxtpx:cad>81</gpxtpx:cad>
          </gpxtpx:TrackPointExtension>
        </extensions>
      </trkpt>
      <trkpt lat="31.1274117138" lon="121.400083322">
        <ele>4.2</ele>
        <time>2026-09-09T23:38:16+08:00</time>
        <extensions>
          <gpxtpx:TrackPointExtension>
            <gpxtpx:hr>163</gpxtpx:hr>
            <gpxtpx:cad>81</gpxtpx:cad>
          </gpxtpx:TrackPointExtension>
        </extensions>
      </trkpt>
      <trkpt lat="31.1274133064" lon="121.400061697">
        <ele>4.4</ele>
        <time>2026-09-09T23:38:17+08:00</time>
        <extensions>
          <gpxtpx:TrackPointExtension>
            <gpxtpx:hr>0</gpxtpx:hr>
            <gpxtpx:cad>81</gpxtpx:cad>
          </gpxtpx:TrackPointExtension>
        </extensions>
      </trkpt>
      <trkpt lat="31.1274183355" lon="121.400038311">
        <ele>4.4</ele>
        <time>2026-09-09T23:38:18+08:00</time>
        <extensions>
          <gpxtpx:TrackPointExtension>
            <gpxtpx:hr>163</gpxtpx:hr>
            <gpxtpx:cad>81</gpxtpx:cad>
          </gpxtpx:TrackPointExtension>
        </extensions>
      </trkpt>
      <trkpt lat="31.1274200119" lon="121.40001501">
        <ele>4.4</ele>
        <time>2026-09-09T23:38:19+08:00</time>
        <extensions>
          <gpxtpx:TrackPointExtension>
            <gpxtpx:hr>0</gpxtpx:hr>
            <gpxtpx:cad>81</gpxtpx:cad>
          </gpxtpx:TrackPointExtension>
        </extensions>
      </trkpt>
      <trkpt lat="31.1274183355" lon="121.399991708">
        <ele>4.2</ele>
        <time>2026-09-09T23:38:20+08:00</time>
        <extensions>
          <gpxtpx:TrackPointExtension>
            <gpxtpx:hr>163</gpxtpx:hr>
            <gpxtpx:cad>81</gpxtpx:cad>
          </gpxtpx:TrackPointExtension>
        </extensions>
      </trkpt>
      <trkpt lat="31.1274183355" lon="121.399968322">
        <ele>4.2</ele>
        <time>2026-09-09T23:38:21+08:00</time>
        <extensions>
          <gpxtpx:TrackPointExtension>
            <gpxtpx:hr>0</gpxtpx:hr>
            <gpxtpx:cad>81</gpxtpx:cad>
          </gpxtpx:TrackPointExtension>
        </extensions>
      </trkpt>
      <trkpt lat="31.1274216883" lon="121.399945021">
        <ele>4.2</ele>
        <time>2026-09-09T23:38:22+08:00</time>
        <extensions>
          <gpxtpx:TrackPointExtension>
            <gpxtpx:hr>163</gpxtpx:hr>
            <gpxtpx:cad>81</gpxtpx:cad>
          </gpxtpx:TrackPointExtension>
        </extensions>
      </trkpt>
      <trkpt lat="31.1274183355" lon="121.399923312">
        <ele>4.2</ele>
        <time>2026-09-09T23:38:23+08:00</time>
        <extensions>
          <gpxtpx:TrackPointExtension>
            <gpxtpx:hr>0</gpxtpx:hr>
            <gpxtpx:cad>81</gpxtpx:cad>
          </gpxtpx:TrackPointExtension>
        </extensions>
      </trkpt>
      <trkpt lat="31.1274232809" lon="121.399881737">
        <ele>4.2</ele>
        <time>2026-09-09T23:38:25+08:00</time>
        <extensions>
          <gpxtpx:TrackPointExtension>
            <gpxtpx:hr>0</gpxtpx:hr>
            <gpxtpx:cad>81</gpxtpx:cad>
          </gpxtpx:TrackPointExtension>
        </extensions>
      </trkpt>
      <trkpt lat="31.1274216883" lon="121.399836726">
        <ele>4.4</ele>
        <time>2026-09-09T23:38:27+08:00</time>
        <extensions>
          <gpxtpx:TrackPointExtension>
            <gpxtpx:hr>0</gpxtpx:hr>
            <gpxtpx:cad>81</gpxtpx:cad>
          </gpxtpx:TrackPointExtension>
        </extensions>
      </trkpt>
      <trkpt lat="31.1274216883" lon="121.399815017">
        <ele>4.4</ele>
        <time>2026-09-09T23:38:28+08:00</time>
        <extensions>
          <gpxtpx:TrackPointExtension>
            <gpxtpx:hr>163</gpxtpx:hr>
            <gpxtpx:cad>81</gpxtpx:cad>
          </gpxtpx:TrackPointExtension>
        </extensions>
      </trkpt>
      <trkpt lat="31.1274216883" lon="121.399791716">
        <ele>4.4</ele>
        <time>2026-09-09T23:38:29+08:00</time>
        <extensions>
          <gpxtpx:TrackPointExtension>
            <gpxtpx:hr>0</gpxtpx:hr>
            <gpxtpx:cad>81</gpxtpx:cad>
          </gpxtpx:TrackPointExtension>
        </extensions>
      </trkpt>
      <trkpt lat="31.1274200119" lon="121.399766738">
        <ele>4.4</ele>
        <time>2026-09-09T23:38:30+08:00</time>
        <extensions>
          <gpxtpx:TrackPointExtension>
            <gpxtpx:hr>163</gpxtpx:hr>
            <gpxtpx:cad>81</gpxtpx:cad>
          </gpxtpx:TrackPointExtension>
        </extensions>
      </trkpt>
      <trkpt lat="31.1274183355" lon="121.399716698">
        <ele>4.6</ele>
        <time>2026-09-09T23:38:32+08:00</time>
        <extensions>
          <gpxtpx:TrackPointExtension>
            <gpxtpx:hr>163</gpxtpx:hr>
            <gpxtpx:cad>81</gpxtpx:cad>
          </gpxtpx:TrackPointExtension>
        </extensions>
      </trkpt>
      <trkpt lat="31.1274183355" lon="121.399694989">
        <ele>4.6</ele>
        <time>2026-09-09T23:38:33+08:00</time>
        <extensions>
          <gpxtpx:TrackPointExtension>
            <gpxtpx:hr>0</gpxtpx:hr>
            <gpxtpx:cad>81</gpxtpx:cad>
          </gpxtpx:TrackPointExtension>
        </extensions>
      </trkpt>
      <trkpt lat="31.1274200119" lon="121.39967001">
        <ele>4.8</ele>
        <time>2026-09-09T23:38:34+08:00</time>
        <extensions>
          <gpxtpx:TrackPointExtension>
            <gpxtpx:hr>163</gpxtpx:hr>
            <gpxtpx:cad>81</gpxtpx:cad>
          </gpxtpx:TrackPointExtension>
        </extensions>
      </trkpt>
      <trkpt lat="31.1274216883" lon="121.399646709">
        <ele>4.8</ele>
        <time>2026-09-09T23:38:35+08:00</time>
        <extensions>
          <gpxtpx:TrackPointExtension>
            <gpxtpx:hr>0</gpxtpx:hr>
            <gpxtpx:cad>81</gpxtpx:cad>
          </gpxtpx:TrackPointExtension>
        </extensions>
      </trkpt>
      <trkpt lat="31.1274232809" lon="121.399623323">
        <ele>4.6</ele>
        <time>2026-09-09T23:38:36+08:00</time>
        <extensions>
          <gpxtpx:TrackPointExtension>
            <gpxtpx:hr>163</gpxtpx:hr>
            <gpxtpx:cad>81</gpxtpx:cad>
          </gpxtpx:TrackPointExtension>
        </extensions>
      </trkpt>
      <trkpt lat="31.1274232809" lon="121.399601698">
        <ele>4.6</ele>
        <time>2026-09-09T23:38:37+08:00</time>
        <extensions>
          <gpxtpx:TrackPointExtension>
            <gpxtpx:hr>0</gpxtpx:hr>
            <gpxtpx:cad>81</gpxtpx:cad>
          </gpxtpx:TrackPointExtension>
        </extensions>
      </trkpt>
      <trkpt lat="31.1274267174" lon="121.399581665">
        <ele>4.6</ele>
        <time>2026-09-09T23:38:38+08:00</time>
        <extensions>
          <gpxtpx:TrackPointExtension>
            <gpxtpx:hr>163</gpxtpx:hr>
            <gpxtpx:cad>81</gpxtpx:cad>
          </gpxtpx:TrackPointExtension>
        </extensions>
      </trkpt>
      <trkpt lat="31.1274299864" lon="121.39956004">
        <ele>4.6</ele>
        <time>2026-09-09T23:38:39+08:00</time>
        <extensions>
          <gpxtpx:TrackPointExtension>
            <gpxtpx:hr>0</gpxtpx:hr>
            <gpxtpx:cad>81</gpxtpx:cad>
          </gpxtpx:TrackPointExtension>
        </extensions>
      </trkpt>
      <trkpt lat="31.1274366919" lon="121.399515029">
        <ele>4.6</ele>
        <time>2026-09-09T23:38:41+08:00</time>
        <extensions>
          <gpxtpx:TrackPointExtension>
            <gpxtpx:hr>0</gpxtpx:hr>
            <gpxtpx:cad>81</gpxtpx:cad>
          </gpxtpx:TrackPointExtension>
        </extensions>
      </trkpt>
      <trkpt lat="31.1274399608" lon="121.399494996">
        <ele>4.6</ele>
        <time>2026-09-09T23:38:42+08:00</time>
        <extensions>
          <gpxtpx:TrackPointExtension>
            <gpxtpx:hr>162</gpxtpx:hr>
            <gpxtpx:cad>81</gpxtpx:cad>
          </gpxtpx:TrackPointExtension>
        </extensions>
      </trkpt>
      <trkpt lat="31.127441721" lon="121.399471695">
        <ele>4.6</ele>
        <time>2026-09-09T23:38:43+08:00</time>
        <extensions>
          <gpxtpx:TrackPointExtension>
            <gpxtpx:hr>0</gpxtpx:hr>
            <gpxtpx:cad>81</gpxtpx:cad>
          </gpxtpx:TrackPointExtension>
        </extensions>
      </trkpt>
      <trkpt lat="31.1274433136" lon="121.399446717">
        <ele>4.6</ele>
        <time>2026-09-09T23:38:44+08:00</time>
        <extensions>
          <gpxtpx:TrackPointExtension>
            <gpxtpx:hr>163</gpxtpx:hr>
            <gpxtpx:cad>80</gpxtpx:cad>
          </gpxtpx:TrackPointExtension>
        </extensions>
      </trkpt>
      <trkpt lat="31.12744499" lon="121.399401706">
        <ele>4.6</ele>
        <time>2026-09-09T23:38:46+08:00</time>
        <extensions>
          <gpxtpx:TrackPointExtension>
            <gpxtpx:hr>163</gpxtpx:hr>
            <gpxtpx:cad>80</gpxtpx:cad>
          </gpxtpx:TrackPointExtension>
        </extensions>
      </trkpt>
      <trkpt lat="31.1274482589" lon="121.399379997">
        <ele>4.6</ele>
        <time>2026-09-09T23:38:47+08:00</time>
        <extensions>
          <gpxtpx:TrackPointExtension>
            <gpxtpx:hr>0</gpxtpx:hr>
            <gpxtpx:cad>80</gpxtpx:cad>
          </gpxtpx:TrackPointExtension>
        </extensions>
      </trkpt>
      <trkpt lat="31.1274482589" lon="121.399358287">
        <ele>4.6</ele>
        <time>2026-09-09T23:38:48+08:00</time>
        <extensions>
          <gpxtpx:TrackPointExtension>
            <gpxtpx:hr>164</gpxtpx:hr>
            <gpxtpx:cad>80</gpxtpx:cad>
          </gpxtpx:TrackPointExtension>
        </extensions>
      </trkpt>
      <trkpt lat="31.1274500191" lon="121.399338339">
        <ele>4.6</ele>
        <time>2026-09-09T23:38:49+08:00</time>
        <extensions>
          <gpxtpx:TrackPointExtension>
            <gpxtpx:hr>0</gpxtpx:hr>
            <gpxtpx:cad>80</gpxtpx:cad>
          </gpxtpx:TrackPointExtension>
        </extensions>
      </trkpt>
      <trkpt lat="31.1274532881" lon="121.399321659">
        <ele>4.6</ele>
        <time>2026-09-09T23:38:50+08:00</time>
        <extensions>
          <gpxtpx:TrackPointExtension>
            <gpxtpx:hr>163</gpxtpx:hr>
            <gpxtpx:cad>80</gpxtpx:cad>
          </gpxtpx:TrackPointExtension>
        </extensions>
      </trkpt>
      <trkpt lat="31.1274516955" lon="121.399278324">
        <ele>4.6</ele>
        <time>2026-09-09T23:38:52+08:00</time>
        <extensions>
          <gpxtpx:TrackPointExtension>
            <gpxtpx:hr>163</gpxtpx:hr>
            <gpxtpx:cad>80</gpxtpx:cad>
          </gpxtpx:TrackPointExtension>
        </extensions>
      </trkpt>
      <trkpt lat="31.1274583172" lon="121.399236666">
        <ele>4.6</ele>
        <time>2026-09-09T23:38:54+08:00</time>
        <extensions>
          <gpxtpx:TrackPointExtension>
            <gpxtpx:hr>163</gpxtpx:hr>
            <gpxtpx:cad>80</gpxtpx:cad>
          </gpxtpx:TrackPointExtension>
        </extensions>
      </trkpt>
      <trkpt lat="31.1274599936" lon="121.399215041">
        <ele>4.4</ele>
        <time>2026-09-09T23:38:55+08:00</time>
        <extensions>
          <gpxtpx:TrackPointExtension>
            <gpxtpx:hr>0</gpxtpx:hr>
            <gpxtpx:cad>80</gpxtpx:cad>
          </gpxtpx:TrackPointExtension>
        </extensions>
      </trkpt>
      <trkpt lat="31.12746167" lon="121.399173299">
        <ele>4.6</ele>
        <time>2026-09-09T23:38:57+08:00</time>
        <extensions>
          <gpxtpx:TrackPointExtension>
            <gpxtpx:hr>0</gpxtpx:hr>
            <gpxtpx:cad>80</gpxtpx:cad>
          </gpxtpx:TrackPointExtension>
        </extensions>
      </trkpt>
      <trkpt lat="31.1274717283" lon="121.399110015">
        <ele>4.4</ele>
        <time>2026-09-09T23:39:00+08:00</time>
        <extensions>
          <gpxtpx:TrackPointExtension>
            <gpxtpx:hr>163</gpxtpx:hr>
            <gpxtpx:cad>80</gpxtpx:cad>
          </gpxtpx:TrackPointExtension>
        </extensions>
      </trkpt>
      <trkpt lat="31.1274749972" lon="121.399091659">
        <ele>4.4</ele>
        <time>2026-09-09T23:39:01+08:00</time>
        <extensions>
          <gpxtpx:TrackPointExtension>
            <gpxtpx:hr>0</gpxtpx:hr>
            <gpxtpx:cad>80</gpxtpx:cad>
          </gpxtpx:TrackPointExtension>
        </extensions>
      </trkpt>
      <trkpt lat="31.1274817027" lon="121.399028292">
        <ele>4.4</ele>
        <time>2026-09-09T23:39:04+08:00</time>
        <extensions>
          <gpxtpx:TrackPointExtension>
            <gpxtpx:hr>164</gpxtpx:hr>
            <gpxtpx:cad>80</gpxtpx:cad>
          </gpxtpx:TrackPointExtension>
        </extensions>
      </trkpt>
      <trkpt lat="31.1274832953" lon="121.399010019">
        <ele>4.4</ele>
        <time>2026-09-09T23:39:05+08:00</time>
        <extensions>
          <gpxtpx:TrackPointExtension>
            <gpxtpx:hr>0</gpxtpx:hr>
            <gpxtpx:cad>80</gpxtpx:cad>
          </gpxtpx:TrackPointExtension>
        </extensions>
      </trkpt>
      <trkpt lat="31.1274932697" lon="121.398971714">
        <ele>4.6</ele>
        <time>2026-09-09T23:39:07+08:00</time>
        <extensions>
          <gpxtpx:TrackPointExtension>
            <gpxtpx:hr>0</gpxtpx:hr>
            <gpxtpx:cad>80</gpxtpx:cad>
          </gpxtpx:TrackPointExtension>
        </extensions>
      </trkpt>
      <trkpt lat="31.1275050044" lon="121.398931732">
        <ele>4.6</ele>
        <time>2026-09-09T23:39:09+08:00</time>
        <extensions>
          <gpxtpx:TrackPointExtension>
            <gpxtpx:hr>0</gpxtpx:hr>
            <gpxtpx:cad>80</gpxtpx:cad>
          </gpxtpx:TrackPointExtension>
        </extensions>
      </trkpt>
      <trkpt lat="31.1275100335" lon="121.398888314">
        <ele>4.6</ele>
        <time>2026-09-09T23:39:11+08:00</time>
        <extensions>
          <gpxtpx:TrackPointExtension>
            <gpxtpx:hr>0</gpxtpx:hr>
            <gpxtpx:cad>80</gpxtpx:cad>
          </gpxtpx:TrackPointExtension>
        </extensions>
      </trkpt>
      <trkpt lat="31.1275149789" lon="121.398870042">
        <ele>4.6</ele>
        <time>2026-09-09T23:39:12+08:00</time>
        <extensions>
          <gpxtpx:TrackPointExtension>
            <gpxtpx:hr>165</gpxtpx:hr>
            <gpxtpx:cad>80</gpxtpx:cad>
          </gpxtpx:TrackPointExtension>
        </extensions>
      </trkpt>
      <trkpt lat="31.1275250372" lon="121.3988283">
        <ele>4.6</ele>
        <time>2026-09-09T23:39:14+08:00</time>
        <extensions>
          <gpxtpx:TrackPointExtension>
            <gpxtpx:hr>164</gpxtpx:hr>
            <gpxtpx:cad>80</gpxtpx:cad>
          </gpxtpx:TrackPointExtension>
        </extensions>
      </trkpt>
      <trkpt lat="31.1275350116" lon="121.398788318">
        <ele>4.6</ele>
        <time>2026-09-09T23:39:16+08:00</time>
        <extensions>
          <gpxtpx:TrackPointExtension>
            <gpxtpx:hr>164</gpxtpx:hr>
            <gpxtpx:cad>80</gpxtpx:cad>
          </gpxtpx:TrackPointExtension>
        </extensions>
      </trkpt>
      <trkpt lat="31.1275433097" lon="121.398748336">
        <ele>4.6</ele>
        <time>2026-09-09T23:39:18+08:00</time>
        <extensions>
          <gpxtpx:TrackPointExtension>
            <gpxtpx:hr>163</gpxtpx:hr>
            <gpxtpx:cad>80</gpxtpx:cad>
          </gpxtpx:TrackPointExtension>
        </extensions>
      </trkpt>
      <trkpt lat="31.1275500152" lon="121.398706678">
        <ele>4.6</ele>
        <time>2026-09-09T23:39:20+08:00</time>
        <extensions>
          <gpxtpx:TrackPointExtension>
            <gpxtpx:hr>163</gpxtpx:hr>
            <gpxtpx:cad>80</gpxtpx:cad>
          </gpxtpx:TrackPointExtension>
        </extensions>
      </trkpt>
      <trkpt lat="31.1275532842" lon="121.398686729">
        <ele>4.6</ele>
        <time>2026-09-09T23:39:21+08:00</time>
        <extensions>
          <gpxtpx:TrackPointExtension>
            <gpxtpx:hr>0</gpxtpx:hr>
            <gpxtpx:cad>80</gpxtpx:cad>
          </gpxtpx:TrackPointExtension>
        </extensions>
      </trkpt>
      <trkpt lat="31.1275666952" lon="121.398625039">
        <ele>4.6</ele>
        <time>2026-09-09T23:39:24+08:00</time>
        <extensions>
          <gpxtpx:TrackPointExtension>
            <gpxtpx:hr>163</gpxtpx:hr>
            <gpxtpx:cad>80</gpxtpx:cad>
          </gpxtpx:TrackPointExtension>
        </extensions>
      </trkpt>
      <trkpt lat="31.1275733169" lon="121.398605006">
        <ele>4.8</ele>
        <time>2026-09-09T23:39:25+08:00</time>
        <extensions>
          <gpxtpx:TrackPointExtension>
            <gpxtpx:hr>0</gpxtpx:hr>
            <gpxtpx:cad>80</gpxtpx:cad>
          </gpxtpx:TrackPointExtension>
        </extensions>
      </trkpt>
      <trkpt lat="31.1275782622" lon="121.398584973">
        <ele>4.8</ele>
        <time>2026-09-09T23:39:26+08:00</time>
        <extensions>
          <gpxtpx:TrackPointExtension>
            <gpxtpx:hr>163</gpxtpx:hr>
            <gpxtpx:cad>80</gpxtpx:cad>
          </gpxtpx:TrackPointExtension>
        </extensions>
      </trkpt>
      <trkpt lat="31.1275916733" lon="121.39852169">
        <ele>4.8</ele>
        <time>2026-09-09T23:39:29+08:00</time>
        <extensions>
          <gpxtpx:TrackPointExtension>
            <gpxtpx:hr>0</gpxtpx:hr>
            <gpxtpx:cad>80</gpxtpx:cad>
          </gpxtpx:TrackPointExtension>
        </extensions>
      </trkpt>
      <trkpt lat="31.127595026" lon="121.398501741">
        <ele>4.8</ele>
        <time>2026-09-09T23:39:30+08:00</time>
        <extensions>
          <gpxtpx:TrackPointExtension>
            <gpxtpx:hr>163</gpxtpx:hr>
            <gpxtpx:cad>80</gpxtpx:cad>
          </gpxtpx:TrackPointExtension>
        </extensions>
      </trkpt>
      <trkpt lat="31.127598295" lon="121.398483301">
        <ele>4.8</ele>
        <time>2026-09-09T23:39:31+08:00</time>
        <extensions>
          <gpxtpx:TrackPointExtension>
            <gpxtpx:hr>0</gpxtpx:hr>
            <gpxtpx:cad>81</gpxtpx:cad>
          </gpxtpx:TrackPointExtension>
        </extensions>
      </trkpt>
      <trkpt lat="31.1276082695" lon="121.398444995">
        <ele>4.6</ele>
        <time>2026-09-09T23:39:33+08:00</time>
        <extensions>
          <gpxtpx:TrackPointExtension>
            <gpxtpx:hr>0</gpxtpx:hr>
            <gpxtpx:cad>81</gpxtpx:cad>
          </gpxtpx:TrackPointExtension>
        </extensions>
      </trkpt>
      <trkpt lat="31.1276216805" lon="121.398405014">
        <ele>4.8</ele>
        <time>2026-09-09T23:39:35+08:00</time>
        <extensions>
          <gpxtpx:TrackPointExtension>
            <gpxtpx:hr>0</gpxtpx:hr>
            <gpxtpx:cad>81</gpxtpx:cad>
          </gpxtpx:TrackPointExtension>
        </extensions>
      </trkpt>
      <trkpt lat="31.1276250333" lon="121.398384981">
        <ele>4.8</ele>
        <time>2026-09-09T23:39:36+08:00</time>
        <extensions>
          <gpxtpx:TrackPointExtension>
            <gpxtpx:hr>164</gpxtpx:hr>
            <gpxtpx:cad>81</gpxtpx:cad>
          </gpxtpx:TrackPointExtension>
        </extensions>
      </trkpt>
      <trkpt lat="31.1276350077" lon="121.398343323">
        <ele>4.8</ele>
        <time>2026-09-09T23:39:38+08:00</time>
        <extensions>
          <gpxtpx:TrackPointExtension>
            <gpxtpx:hr>163</gpxtpx:hr>
            <gpxtpx:cad>81</gpxtpx:cad>
          </gpxtpx:TrackPointExtension>
        </extensions>
      </trkpt>
      <trkpt lat="31.1276466586" lon="121.398303341">
        <ele>4.8</ele>
        <time>2026-09-09T23:39:40+08:00</time>
        <extensions>
          <gpxtpx:TrackPointExtension>
            <gpxtpx:hr>164</gpxtpx:hr>
            <gpxtpx:cad>81</gpxtpx:cad>
          </gpxtpx:TrackPointExtension>
        </extensions>
      </trkpt>
      <trkpt lat="31.1276516877" lon="121.398265036">
        <ele>4.8</ele>
        <time>2026-09-09T23:39:42+08:00</time>
        <extensions>
          <gpxtpx:TrackPointExtension>
            <gpxtpx:hr>163</gpxtpx:hr>
            <gpxtpx:cad>81</gpxtpx:cad>
          </gpxtpx:TrackPointExtension>
        </extensions>
      </trkpt>
      <trkpt lat="31.1276583094" lon="121.398223294">
        <ele>4.8</ele>
        <time>2026-09-09T23:39:44+08:00</time>
        <extensions>
          <gpxtpx:TrackPointExtension>
            <gpxtpx:hr>163</gpxtpx:hr>
            <gpxtpx:cad>81</gpxtpx:cad>
          </gpxtpx:TrackPointExtension>
        </extensions>
      </trkpt>
      <trkpt lat="31.127673313" lon="121.39818172">
        <ele>4.8</ele>
        <time>2026-09-09T23:39:46+08:00</time>
        <extensions>
          <gpxtpx:TrackPointExtension>
            <gpxtpx:hr>163</gpxtpx:hr>
            <gpxtpx:cad>81</gpxtpx:cad>
          </gpxtpx:TrackPointExtension>
        </extensions>
      </trkpt>
      <trkpt lat="31.1276816949" lon="121.398161687">
        <ele>4.8</ele>
        <time>2026-09-09T23:39:47+08:00</time>
        <extensions>
          <gpxtpx:TrackPointExtension>
            <gpxtpx:hr>0</gpxtpx:hr>
            <gpxtpx:cad>81</gpxtpx:cad>
          </gpxtpx:TrackPointExtension>
        </extensions>
      </trkpt>
      <trkpt lat="31.1276950222" lon="121.398121705">
        <ele>4.8</ele>
        <time>2026-09-09T23:39:49+08:00</time>
        <extensions>
          <gpxtpx:TrackPointExtension>
            <gpxtpx:hr>0</gpxtpx:hr>
            <gpxtpx:cad>81</gpxtpx:cad>
          </gpxtpx:TrackPointExtension>
        </extensions>
      </trkpt>
      <trkpt lat="31.1277049966" lon="121.398081724">
        <ele>5.0</ele>
        <time>2026-09-09T23:39:51+08:00</time>
        <extensions>
          <gpxtpx:TrackPointExtension>
            <gpxtpx:hr>0</gpxtpx:hr>
            <gpxtpx:cad>81</gpxtpx:cad>
          </gpxtpx:TrackPointExtension>
        </extensions>
      </trkpt>
      <trkpt lat="31.1277232692" lon="121.398039982">
        <ele>5.0</ele>
        <time>2026-09-09T23:39:53+08:00</time>
        <extensions>
          <gpxtpx:TrackPointExtension>
            <gpxtpx:hr>0</gpxtpx:hr>
            <gpxtpx:cad>81</gpxtpx:cad>
          </gpxtpx:TrackPointExtension>
        </extensions>
      </trkpt>
      <trkpt lat="31.1277299747" lon="121.398018273">
        <ele>5.0</ele>
        <time>2026-09-09T23:39:54+08:00</time>
        <extensions>
          <gpxtpx:TrackPointExtension>
            <gpxtpx:hr>162</gpxtpx:hr>
            <gpxtpx:cad>81</gpxtpx:cad>
          </gpxtpx:TrackPointExtension>
        </extensions>
      </trkpt>
      <trkpt lat="31.1277366802" lon="121.397998324">
        <ele>4.8</ele>
        <time>2026-09-09T23:39:55+08:00</time>
        <extensions>
          <gpxtpx:TrackPointExtension>
            <gpxtpx:hr>0</gpxtpx:hr>
            <gpxtpx:cad>81</gpxtpx:cad>
          </gpxtpx:TrackPointExtension>
        </extensions>
      </trkpt>
      <trkpt lat="31.1277433019" lon="121.397976698">
        <ele>4.8</ele>
        <time>2026-09-09T23:39:56+08:00</time>
        <extensions>
          <gpxtpx:TrackPointExtension>
            <gpxtpx:hr>162</gpxtpx:hr>
            <gpxtpx:cad>81</gpxtpx:cad>
          </gpxtpx:TrackPointExtension>
        </extensions>
      </trkpt>
      <trkpt lat="31.1277532764" lon="121.397938309">
        <ele>4.8</ele>
        <time>2026-09-09T23:39:58+08:00</time>
        <extensions>
          <gpxtpx:TrackPointExtension>
            <gpxtpx:hr>161</gpxtpx:hr>
            <gpxtpx:cad>81</gpxtpx:cad>
          </gpxtpx:TrackPointExtension>
        </extensions>
      </trkpt>
      <trkpt lat="31.12776828" lon="121.397900004">
        <ele>4.8</ele>
        <time>2026-09-09T23:40:00+08:00</time>
        <extensions>
          <gpxtpx:TrackPointExtension>
            <gpxtpx:hr>160</gpxtpx:hr>
            <gpxtpx:cad>81</gpxtpx:cad>
          </gpxtpx:TrackPointExtension>
        </extensions>
      </trkpt>
      <trkpt lat="31.1277800146" lon="121.397854993">
        <ele>4.8</ele>
        <time>2026-09-09T23:40:02+08:00</time>
        <extensions>
          <gpxtpx:TrackPointExtension>
            <gpxtpx:hr>160</gpxtpx:hr>
            <gpxtpx:cad>81</gpxtpx:cad>
          </gpxtpx:TrackPointExtension>
        </extensions>
      </trkpt>
      <trkpt lat="31.1277832836" lon="121.39783496">
        <ele>4.8</ele>
        <time>2026-09-09T23:40:03+08:00</time>
        <extensions>
          <gpxtpx:TrackPointExtension>
            <gpxtpx:hr>0</gpxtpx:hr>
            <gpxtpx:cad>81</gpxtpx:cad>
          </gpxtpx:TrackPointExtension>
        </extensions>
      </trkpt>
      <trkpt lat="31.1277916655" lon="121.397793302">
        <ele>4.8</ele>
        <time>2026-09-09T23:40:05+08:00</time>
        <extensions>
          <gpxtpx:TrackPointExtension>
            <gpxtpx:hr>0</gpxtpx:hr>
            <gpxtpx:cad>81</gpxtpx:cad>
          </gpxtpx:TrackPointExtension>
        </extensions>
      </trkpt>
      <trkpt lat="31.1277999636" lon="121.397751728">
        <ele>4.6</ele>
        <time>2026-09-09T23:40:07+08:00</time>
        <extensions>
          <gpxtpx:TrackPointExtension>
            <gpxtpx:hr>0</gpxtpx:hr>
            <gpxtpx:cad>81</gpxtpx:cad>
          </gpxtpx:TrackPointExtension>
        </extensions>
      </trkpt>
      <trkpt lat="31.1278116982" lon="121.39770831">
        <ele>4.6</ele>
        <time>2026-09-09T23:40:09+08:00</time>
        <extensions>
          <gpxtpx:TrackPointExtension>
            <gpxtpx:hr>0</gpxtpx:hr>
            <gpxtpx:cad>80</gpxtpx:cad>
          </gpxtpx:TrackPointExtension>
        </extensions>
      </trkpt>
      <trkpt lat="31.1278216727" lon="121.397688277">
        <ele>4.6</ele>
        <time>2026-09-09T23:40:10+08:00</time>
        <extensions>
          <gpxtpx:TrackPointExtension>
            <gpxtpx:hr>157</gpxtpx:hr>
            <gpxtpx:cad>80</gpxtpx:cad>
          </gpxtpx:TrackPointExtension>
        </extensions>
      </trkpt>
      <trkpt lat="31.1278282944" lon="121.397670005">
        <ele>4.8</ele>
        <time>2026-09-09T23:40:11+08:00</time>
        <extensions>
          <gpxtpx:TrackPointExtension>
            <gpxtpx:hr>0</gpxtpx:hr>
            <gpxtpx:cad>80</gpxtpx:cad>
          </gpxtpx:TrackPointExtension>
        </extensions>
      </trkpt>
      <trkpt lat="31.1278366763" lon="121.397649972">
        <ele>4.8</ele>
        <time>2026-09-09T23:40:12+08:00</time>
        <extensions>
          <gpxtpx:TrackPointExtension>
            <gpxtpx:hr>157</gpxtpx:hr>
            <gpxtpx:cad>80</gpxtpx:cad>
          </gpxtpx:TrackPointExtension>
        </extensions>
      </trkpt>
      <trkpt lat="31.1278500035" lon="121.397613259">
        <ele>4.6</ele>
        <time>2026-09-09T23:40:14+08:00</time>
        <extensions>
          <gpxtpx:TrackPointExtension>
            <gpxtpx:hr>157</gpxtpx:hr>
            <gpxtpx:cad>80</gpxtpx:cad>
          </gpxtpx:TrackPointExtension>
        </extensions>
      </trkpt>
      <trkpt lat="31.1278532725" lon="121.397596663">
        <ele>4.6</ele>
        <time>2026-09-09T23:40:15+08:00</time>
        <extensions>
          <gpxtpx:TrackPointExtension>
            <gpxtpx:hr>0</gpxtpx:hr>
            <gpxtpx:cad>80</gpxtpx:cad>
          </gpxtpx:TrackPointExtension>
        </extensions>
      </trkpt>
      <trkpt lat="31.1278617382" lon="121.397558274">
        <ele>4.6</ele>
        <time>2026-09-09T23:40:17+08:00</time>
        <extensions>
          <gpxtpx:TrackPointExtension>
            <gpxtpx:hr>0</gpxtpx:hr>
            <gpxtpx:cad>80</gpxtpx:cad>
          </gpxtpx:TrackPointExtension>
        </extensions>
      </trkpt>
      <trkpt lat="31.1278700363" lon="121.397521729">
        <ele>4.6</ele>
        <time>2026-09-09T23:40:19+08:00</time>
        <extensions>
          <gpxtpx:TrackPointExtension>
            <gpxtpx:hr>157</gpxtpx:hr>
            <gpxtpx:cad>80</gpxtpx:cad>
          </gpxtpx:TrackPointExtension>
        </extensions>
      </trkpt>
      <trkpt lat="31.1278816871" lon="121.397485016">
        <ele>4.6</ele>
        <time>2026-09-09T23:40:21+08:00</time>
        <extensions>
          <gpxtpx:TrackPointExtension>
            <gpxtpx:hr>156</gpxtpx:hr>
            <gpxtpx:cad>80</gpxtpx:cad>
          </gpxtpx:TrackPointExtension>
        </extensions>
      </trkpt>
      <trkpt lat="31.127893338" lon="121.397448303">
        <ele>4.6</ele>
        <time>2026-09-09T23:40:23+08:00</time>
        <extensions>
          <gpxtpx:TrackPointExtension>
            <gpxtpx:hr>156</gpxtpx:hr>
            <gpxtpx:cad>80</gpxtpx:cad>
          </gpxtpx:TrackPointExtension>
        </extensions>
      </trkpt>
      <trkpt lat="31.1279066652" lon="121.397409998">
        <ele>4.6</ele>
        <time>2026-09-09T23:40:25+08:00</time>
        <extensions>
          <gpxtpx:TrackPointExtension>
            <gpxtpx:hr>156</gpxtpx:hr>
            <gpxtpx:cad>80</gpxtpx:cad>
          </gpxtpx:TrackPointExtension>
        </extensions>
      </trkpt>
      <trkpt lat="31.1279183161" lon="121.397373285">
        <ele>4.6</ele>
        <time>2026-09-09T23:40:27+08:00</time>
        <extensions>
          <gpxtpx:TrackPointExtension>
            <gpxtpx:hr>155</gpxtpx:hr>
            <gpxtpx:cad>80</gpxtpx:cad>
          </gpxtpx:TrackPointExtension>
        </extensions>
      </trkpt>
      <trkpt lat="31.1279282905" lon="121.39733498">
        <ele>4.6</ele>
        <time>2026-09-09T23:40:29+08:00</time>
        <extensions>
          <gpxtpx:TrackPointExtension>
            <gpxtpx:hr>155</gpxtpx:hr>
            <gpxtpx:cad>80</gpxtpx:cad>
          </gpxtpx:TrackPointExtension>
        </extensions>
      </trkpt>
      <trkpt lat="31.1279417016" lon="121.397298267">
        <ele>4.6</ele>
        <time>2026-09-09T23:40:31+08:00</time>
        <extensions>
          <gpxtpx:TrackPointExtension>
            <gpxtpx:hr>156</gpxtpx:hr>
            <gpxtpx:cad>80</gpxtpx:cad>
          </gpxtpx:TrackPointExtension>
        </extensions>
      </trkpt>
      <trkpt lat="31.1279550288" lon="121.397263315">
        <ele>4.4</ele>
        <time>2026-09-09T23:40:33+08:00</time>
        <extensions>
          <gpxtpx:TrackPointExtension>
            <gpxtpx:hr>157</gpxtpx:hr>
            <gpxtpx:cad>80</gpxtpx:cad>
          </gpxtpx:TrackPointExtension>
        </extensions>
      </trkpt>
      <trkpt lat="31.1279666796" lon="121.397226686">
        <ele>4.6</ele>
        <time>2026-09-09T23:40:35+08:00</time>
        <extensions>
          <gpxtpx:TrackPointExtension>
            <gpxtpx:hr>157</gpxtpx:hr>
            <gpxtpx:cad>80</gpxtpx:cad>
          </gpxtpx:TrackPointExtension>
        </extensions>
      </trkpt>
      <trkpt lat="31.1279832758" lon="121.397188297">
        <ele>4.6</ele>
        <time>2026-09-09T23:40:37+08:00</time>
        <extensions>
          <gpxtpx:TrackPointExtension>
            <gpxtpx:hr>156</gpxtpx:hr>
            <gpxtpx:cad>80</gpxtpx:cad>
          </gpxtpx:TrackPointExtension>
        </extensions>
      </trkpt>
      <trkpt lat="31.1279883049" lon="121.397170024">
        <ele>4.6</ele>
        <time>2026-09-09T23:40:38+08:00</time>
        <extensions>
          <gpxtpx:TrackPointExtension>
            <gpxtpx:hr>156</gpxtpx:hr>
            <gpxtpx:cad>80</gpxtpx:cad>
          </gpxtpx:TrackPointExtension>
        </extensions>
      </trkpt>
      <trkpt lat="31.1280049849" lon="121.397133311">
        <ele>4.6</ele>
        <time>2026-09-09T23:40:40+08:00</time>
        <extensions>
          <gpxtpx:TrackPointExtension>
            <gpxtpx:hr>155</gpxtpx:hr>
            <gpxtpx:cad>80</gpxtpx:cad>
          </gpxtpx:TrackPointExtension>
        </extensions>
      </trkpt>
      <trkpt lat="31.1280216649" lon="121.397101711">
        <ele>4.6</ele>
        <time>2026-09-09T23:40:42+08:00</time>
        <extensions>
          <gpxtpx:TrackPointExtension>
            <gpxtpx:hr>155</gpxtpx:hr>
            <gpxtpx:cad>79</gpxtpx:cad>
          </gpxtpx:TrackPointExtension>
        </extensions>
      </trkpt>
      <trkpt lat="31.1280382611" lon="121.397066675">
        <ele>4.6</ele>
        <time>2026-09-09T23:40:44+08:00</time>
        <extensions>
          <gpxtpx:TrackPointExtension>
            <gpxtpx:hr>155</gpxtpx:hr>
            <gpxtpx:cad>79</gpxtpx:cad>
          </gpxtpx:TrackPointExtension>
        </extensions>
      </trkpt>
      <trkpt lat="31.1280550249" lon="121.397031723">
        <ele>4.6</ele>
        <time>2026-09-09T23:40:46+08:00</time>
        <extensions>
          <gpxtpx:TrackPointExtension>
            <gpxtpx:hr>155</gpxtpx:hr>
            <gpxtpx:cad>79</gpxtpx:cad>
          </gpxtpx:TrackPointExtension>
        </extensions>
      </trkpt>
      <trkpt lat="31.1280717049" lon="121.396996686">
        <ele>4.8</ele>
        <time>2026-09-09T23:40:48+08:00</time>
        <extensions>
          <gpxtpx:TrackPointExtension>
            <gpxtpx:hr>155</gpxtpx:hr>
            <gpxtpx:cad>79</gpxtpx:cad>
          </gpxtpx:TrackPointExtension>
        </extensions>
      </trkpt>
      <trkpt lat="31.1280899774" lon="121.396963326">
        <ele>4.6</ele>
        <time>2026-09-09T23:40:50+08:00</time>
        <extensions>
          <gpxtpx:TrackPointExtension>
            <gpxtpx:hr>155</gpxtpx:hr>
            <gpxtpx:cad>79</gpxtpx:cad>
          </gpxtpx:TrackPointExtension>
        </extensions>
      </trkpt>
      <trkpt lat="31.1281067412" lon="121.39692829">
        <ele>4.6</ele>
        <time>2026-09-09T23:40:52+08:00</time>
        <extensions>
          <gpxtpx:TrackPointExtension>
            <gpxtpx:hr>155</gpxtpx:hr>
            <gpxtpx:cad>79</gpxtpx:cad>
          </gpxtpx:TrackPointExtension>
        </extensions>
      </trkpt>
      <trkpt lat="31.1281282827" lon="121.39689669">
        <ele>4.6</ele>
        <time>2026-09-09T23:40:54+08:00</time>
        <extensions>
          <gpxtpx:TrackPointExtension>
            <gpxtpx:hr>155</gpxtpx:hr>
            <gpxtpx:cad>79</gpxtpx:cad>
          </gpxtpx:TrackPointExtension>
        </extensions>
      </trkpt>
      <trkpt lat="31.1281467229" lon="121.39686333">
        <ele>4.8</ele>
        <time>2026-09-09T23:40:56+08:00</time>
        <extensions>
          <gpxtpx:TrackPointExtension>
            <gpxtpx:hr>156</gpxtpx:hr>
            <gpxtpx:cad>79</gpxtpx:cad>
          </gpxtpx:TrackPointExtension>
        </extensions>
      </trkpt>
      <trkpt lat="31.1281666718" lon="121.396834999">
        <ele>5.0</ele>
        <time>2026-09-09T23:40:58+08:00</time>
        <extensions>
          <gpxtpx:TrackPointExtension>
            <gpxtpx:hr>0</gpxtpx:hr>
            <gpxtpx:cad>79</gpxtpx:cad>
          </gpxtpx:TrackPointExtension>
        </extensions>
      </trkpt>
      <trkpt lat="31.1281899735" lon="121.396799963">
        <ele>5.0</ele>
        <time>2026-09-09T23:41:00+08:00</time>
        <extensions>
          <gpxtpx:TrackPointExtension>
            <gpxtpx:hr>0</gpxtpx:hr>
            <gpxtpx:cad>79</gpxtpx:cad>
          </gpxtpx:TrackPointExtension>
        </extensions>
      </trkpt>
      <trkpt lat="31.1282017082" lon="121.396784959">
        <ele>5.0</ele>
        <time>2026-09-09T23:41:01+08:00</time>
        <extensions>
          <gpxtpx:TrackPointExtension>
            <gpxtpx:hr>156</gpxtpx:hr>
            <gpxtpx:cad>79</gpxtpx:cad>
          </gpxtpx:TrackPointExtension>
        </extensions>
      </trkpt>
      <trkpt lat="31.1282217409" lon="121.396761741">
        <ele>5.2</ele>
        <time>2026-09-09T23:41:03+08:00</time>
        <extensions>
          <gpxtpx:TrackPointExtension>
            <gpxtpx:hr>156</gpxtpx:hr>
            <gpxtpx:cad>79</gpxtpx:cad>
          </gpxtpx:TrackPointExtension>
        </extensions>
      </trkpt>
      <trkpt lat="31.1282400135" lon="121.396731734">
        <ele>5.2</ele>
        <time>2026-09-09T23:41:05+08:00</time>
        <extensions>
          <gpxtpx:TrackPointExtension>
            <gpxtpx:hr>156</gpxtpx:hr>
            <gpxtpx:cad>79</gpxtpx:cad>
          </gpxtpx:TrackPointExtension>
        </extensions>
      </trkpt>
      <trkpt lat="31.1282550171" lon="121.396695022">
        <ele>5.4</ele>
        <time>2026-09-09T23:41:07+08:00</time>
        <extensions>
          <gpxtpx:TrackPointExtension>
            <gpxtpx:hr>156</gpxtpx:hr>
            <gpxtpx:cad>79</gpxtpx:cad>
          </gpxtpx:TrackPointExtension>
        </extensions>
      </trkpt>
      <trkpt lat="31.1282649916" lon="121.396659985">
        <ele>5.6</ele>
        <time>2026-09-09T23:41:09+08:00</time>
        <extensions>
          <gpxtpx:TrackPointExtension>
            <gpxtpx:hr>156</gpxtpx:hr>
            <gpxtpx:cad>79</gpxtpx:cad>
          </gpxtpx:TrackPointExtension>
        </extensions>
      </trkpt>
      <trkpt lat="31.1282767262" lon="121.396625033">
        <ele>5.6</ele>
        <time>2026-09-09T23:41:11+08:00</time>
        <extensions>
          <gpxtpx:TrackPointExtension>
            <gpxtpx:hr>156</gpxtpx:hr>
            <gpxtpx:cad>80</gpxtpx:cad>
          </gpxtpx:TrackPointExtension>
        </extensions>
      </trkpt>
      <trkpt lat="31.1282882933" lon="121.396583291">
        <ele>5.6</ele>
        <time>2026-09-09T23:41:13+08:00</time>
        <extensions>
          <gpxtpx:TrackPointExtension>
            <gpxtpx:hr>156</gpxtpx:hr>
            <gpxtpx:cad>80</gpxtpx:cad>
          </gpxtpx:TrackPointExtension>
        </extensions>
      </trkpt>
      <trkpt lat="31.1283000279" lon="121.396541717">
        <ele>5.6</ele>
        <time>2026-09-09T23:41:15+08:00</time>
        <extensions>
          <gpxtpx:TrackPointExtension>
            <gpxtpx:hr>157</gpxtpx:hr>
            <gpxtpx:cad>80</gpxtpx:cad>
          </gpxtpx:TrackPointExtension>
        </extensions>
      </trkpt>
      <trkpt lat="31.1283067334" lon="121.396520007">
        <ele>5.6</ele>
        <time>2026-09-09T23:41:16+08:00</time>
        <extensions>
          <gpxtpx:TrackPointExtension>
            <gpxtpx:hr>0</gpxtpx:hr>
            <gpxtpx:cad>80</gpxtpx:cad>
          </gpxtpx:TrackPointExtension>
        </extensions>
      </trkpt>
      <trkpt lat="31.1283217371" lon="121.396483295">
        <ele>5.6</ele>
        <time>2026-09-09T23:41:18+08:00</time>
        <extensions>
          <gpxtpx:TrackPointExtension>
            <gpxtpx:hr>0</gpxtpx:hr>
            <gpxtpx:cad>80</gpxtpx:cad>
          </gpxtpx:TrackPointExtension>
        </extensions>
      </trkpt>
      <trkpt lat="31.128341686" lon="121.396448258">
        <ele>5.6</ele>
        <time>2026-09-09T23:41:20+08:00</time>
        <extensions>
          <gpxtpx:TrackPointExtension>
            <gpxtpx:hr>0</gpxtpx:hr>
            <gpxtpx:cad>81</gpxtpx:cad>
          </gpxtpx:TrackPointExtension>
        </extensions>
      </trkpt>
      <trkpt lat="31.1283533368" lon="121.396431662">
        <ele>5.6</ele>
        <time>2026-09-09T23:41:21+08:00</time>
        <extensions>
          <gpxtpx:TrackPointExtension>
            <gpxtpx:hr>158</gpxtpx:hr>
            <gpxtpx:cad>81</gpxtpx:cad>
          </gpxtpx:TrackPointExtension>
        </extensions>
      </trkpt>
      <trkpt lat="31.1283633113" lon="121.396413306">
        <ele>5.6</ele>
        <time>2026-09-09T23:41:22+08:00</time>
        <extensions>
          <gpxtpx:TrackPointExtension>
            <gpxtpx:hr>0</gpxtpx:hr>
            <gpxtpx:cad>81</gpxtpx:cad>
          </gpxtpx:TrackPointExtension>
        </extensions>
      </trkpt>
      <trkpt lat="31.1283749621" lon="121.39639671">
        <ele>5.6</ele>
        <time>2026-09-09T23:41:23+08:00</time>
        <extensions>
          <gpxtpx:TrackPointExtension>
            <gpxtpx:hr>158</gpxtpx:hr>
            <gpxtpx:cad>81</gpxtpx:cad>
          </gpxtpx:TrackPointExtension>
        </extensions>
      </trkpt>
      <trkpt lat="31.1283982638" lon="121.396363266">
        <ele>5.6</ele>
        <time>2026-09-09T23:41:25+08:00</time>
        <extensions>
          <gpxtpx:TrackPointExtension>
            <gpxtpx:hr>159</gpxtpx:hr>
            <gpxtpx:cad>81</gpxtpx:cad>
          </gpxtpx:TrackPointExtension>
        </extensions>
      </trkpt>
      <trkpt lat="31.1284132674" lon="121.396348262">
        <ele>5.6</ele>
        <time>2026-09-09T23:41:26+08:00</time>
        <extensions>
          <gpxtpx:TrackPointExtension>
            <gpxtpx:hr>0</gpxtpx:hr>
            <gpxtpx:cad>81</gpxtpx:cad>
          </gpxtpx:TrackPointExtension>
        </extensions>
      </trkpt>
      <trkpt lat="31.1284383293" lon="121.396314986">
        <ele>5.6</ele>
        <time>2026-09-09T23:41:28+08:00</time>
        <extensions>
          <gpxtpx:TrackPointExtension>
            <gpxtpx:hr>0</gpxtpx:hr>
            <gpxtpx:cad>81</gpxtpx:cad>
          </gpxtpx:TrackPointExtension>
        </extensions>
      </trkpt>
      <trkpt lat="31.1284499802" lon="121.396298306">
        <ele>5.6</ele>
        <time>2026-09-09T23:41:29+08:00</time>
        <extensions>
          <gpxtpx:TrackPointExtension>
            <gpxtpx:hr>159</gpxtpx:hr>
            <gpxtpx:cad>81</gpxtpx:cad>
          </gpxtpx:TrackPointExtension>
        </extensions>
      </trkpt>
      <trkpt lat="31.1284617148" lon="121.396283302">
        <ele>5.6</ele>
        <time>2026-09-09T23:41:30+08:00</time>
        <extensions>
          <gpxtpx:TrackPointExtension>
            <gpxtpx:hr>0</gpxtpx:hr>
            <gpxtpx:cad>81</gpxtpx:cad>
          </gpxtpx:TrackPointExtension>
        </extensions>
      </trkpt>
      <trkpt lat="31.1284732819" lon="121.396268299">
        <ele>5.6</ele>
        <time>2026-09-09T23:41:31+08:00</time>
        <extensions>
          <gpxtpx:TrackPointExtension>
            <gpxtpx:hr>159</gpxtpx:hr>
            <gpxtpx:cad>81</gpxtpx:cad>
          </gpxtpx:TrackPointExtension>
        </extensions>
      </trkpt>
      <trkpt lat="31.1285000201" lon="121.396235023">
        <ele>5.6</ele>
        <time>2026-09-09T23:41:33+08:00</time>
        <extensions>
          <gpxtpx:TrackPointExtension>
            <gpxtpx:hr>159</gpxtpx:hr>
            <gpxtpx:cad>81</gpxtpx:cad>
          </gpxtpx:TrackPointExtension>
        </extensions>
      </trkpt>
      <trkpt lat="31.128511671" lon="121.396220019">
        <ele>5.6</ele>
        <time>2026-09-09T23:41:34+08:00</time>
        <extensions>
          <gpxtpx:TrackPointExtension>
            <gpxtpx:hr>0</gpxtpx:hr>
            <gpxtpx:cad>81</gpxtpx:cad>
          </gpxtpx:TrackPointExtension>
        </extensions>
      </trkpt>
      <trkpt lat="31.1285233218" lon="121.396206692">
        <ele>5.6</ele>
        <time>2026-09-09T23:41:35+08:00</time>
        <extensions>
          <gpxtpx:TrackPointExtension>
            <gpxtpx:hr>159</gpxtpx:hr>
            <gpxtpx:cad>81</gpxtpx:cad>
          </gpxtpx:TrackPointExtension>
        </extensions>
      </trkpt>
      <trkpt lat="31.1285467073" lon="121.396180037">
        <ele>5.6</ele>
        <time>2026-09-09T23:41:37+08:00</time>
        <extensions>
          <gpxtpx:TrackPointExtension>
            <gpxtpx:hr>158</gpxtpx:hr>
            <gpxtpx:cad>81</gpxtpx:cad>
          </gpxtpx:TrackPointExtension>
        </extensions>
      </trkpt>
      <trkpt lat="31.1285683326" lon="121.39615003">
        <ele>5.6</ele>
        <time>2026-09-09T23:41:39+08:00</time>
        <extensions>
          <gpxtpx:TrackPointExtension>
            <gpxtpx:hr>157</gpxtpx:hr>
            <gpxtpx:cad>81</gpxtpx:cad>
          </gpxtpx:TrackPointExtension>
        </extensions>
      </trkpt>
      <trkpt lat="31.1285816599" lon="121.396111725">
        <ele>5.4</ele>
        <time>2026-09-09T23:41:41+08:00</time>
        <extensions>
          <gpxtpx:TrackPointExtension>
            <gpxtpx:hr>157</gpxtpx:hr>
            <gpxtpx:cad>81</gpxtpx:cad>
          </gpxtpx:TrackPointExtension>
        </extensions>
      </trkpt>
      <trkpt lat="31.1285917182" lon="121.396068307">
        <ele>5.4</ele>
        <time>2026-09-09T23:41:43+08:00</time>
        <extensions>
          <gpxtpx:TrackPointExtension>
            <gpxtpx:hr>155</gpxtpx:hr>
            <gpxtpx:cad>81</gpxtpx:cad>
          </gpxtpx:TrackPointExtension>
        </extensions>
      </trkpt>
      <trkpt lat="31.1285949871" lon="121.396050034">
        <ele>5.4</ele>
        <time>2026-09-09T23:41:44+08:00</time>
        <extensions>
          <gpxtpx:TrackPointExtension>
            <gpxtpx:hr>0</gpxtpx:hr>
            <gpxtpx:cad>81</gpxtpx:cad>
          </gpxtpx:TrackPointExtension>
        </extensions>
      </trkpt>
      <trkpt lat="31.1286049616" lon="121.395993289">
        <ele>5.4</ele>
        <time>2026-09-09T23:41:47+08:00</time>
        <extensions>
          <gpxtpx:TrackPointExtension>
            <gpxtpx:hr>154</gpxtpx:hr>
            <gpxtpx:cad>80</gpxtpx:cad>
          </gpxtpx:TrackPointExtension>
        </extensions>
      </trkpt>
      <trkpt lat="31.1286150198" lon="121.395951714">
        <ele>5.4</ele>
        <time>2026-09-09T23:41:49+08:00</time>
        <extensions>
          <gpxtpx:TrackPointExtension>
            <gpxtpx:hr>154</gpxtpx:hr>
            <gpxtpx:cad>80</gpxtpx:cad>
          </gpxtpx:TrackPointExtension>
        </extensions>
      </trkpt>
      <trkpt lat="31.1286182888" lon="121.395933274">
        <ele>5.4</ele>
        <time>2026-09-09T23:41:50+08:00</time>
        <extensions>
          <gpxtpx:TrackPointExtension>
            <gpxtpx:hr>0</gpxtpx:hr>
            <gpxtpx:cad>80</gpxtpx:cad>
          </gpxtpx:TrackPointExtension>
        </extensions>
      </trkpt>
      <trkpt lat="31.128636729" lon="121.395893293">
        <ele>5.6</ele>
        <time>2026-09-09T23:41:52+08:00</time>
        <extensions>
          <gpxtpx:TrackPointExtension>
            <gpxtpx:hr>0</gpxtpx:hr>
            <gpxtpx:cad>80</gpxtpx:cad>
          </gpxtpx:TrackPointExtension>
        </extensions>
      </trkpt>
      <trkpt lat="31.1286566779" lon="121.39585834">
        <ele>5.6</ele>
        <time>2026-09-09T23:41:54+08:00</time>
        <extensions>
          <gpxtpx:TrackPointExtension>
            <gpxtpx:hr>0</gpxtpx:hr>
            <gpxtpx:cad>80</gpxtpx:cad>
          </gpxtpx:TrackPointExtension>
        </extensions>
      </trkpt>
      <trkpt lat="31.1286667362" lon="121.39584166">
        <ele>5.6</ele>
        <time>2026-09-09T23:41:55+08:00</time>
        <extensions>
          <gpxtpx:TrackPointExtension>
            <gpxtpx:hr>154</gpxtpx:hr>
            <gpxtpx:cad>80</gpxtpx:cad>
          </gpxtpx:TrackPointExtension>
        </extensions>
      </trkpt>
      <trkpt lat="31.1286866851" lon="121.395806707">
        <ele>5.4</ele>
        <time>2026-09-09T23:41:57+08:00</time>
        <extensions>
          <gpxtpx:TrackPointExtension>
            <gpxtpx:hr>154</gpxtpx:hr>
            <gpxtpx:cad>80</gpxtpx:cad>
          </gpxtpx:TrackPointExtension>
        </extensions>
      </trkpt>
      <trkpt lat="31.1286949832" lon="121.395793296">
        <ele>5.4</ele>
        <time>2026-09-09T23:41:58+08:00</time>
        <extensions>
          <gpxtpx:TrackPointExtension>
            <gpxtpx:hr>0</gpxtpx:hr>
            <gpxtpx:cad>80</gpxtpx:cad>
          </gpxtpx:TrackPointExtension>
        </extensions>
      </trkpt>
      <trkpt lat="31.1287182849" lon="121.395761697">
        <ele>5.4</ele>
        <time>2026-09-09T23:42:00+08:00</time>
        <extensions>
          <gpxtpx:TrackPointExtension>
            <gpxtpx:hr>0</gpxtpx:hr>
            <gpxtpx:cad>80</gpxtpx:cad>
          </gpxtpx:TrackPointExtension>
        </extensions>
      </trkpt>
      <trkpt lat="31.1287349649" lon="121.395723308">
        <ele>5.4</ele>
        <time>2026-09-09T23:42:02+08:00</time>
        <extensions>
          <gpxtpx:TrackPointExtension>
            <gpxtpx:hr>0</gpxtpx:hr>
            <gpxtpx:cad>80</gpxtpx:cad>
          </gpxtpx:TrackPointExtension>
        </extensions>
      </trkpt>
      <trkpt lat="31.128756674" lon="121.395686679">
        <ele>5.2</ele>
        <time>2026-09-09T23:42:04+08:00</time>
        <extensions>
          <gpxtpx:TrackPointExtension>
            <gpxtpx:hr>0</gpxtpx:hr>
            <gpxtpx:cad>80</gpxtpx:cad>
          </gpxtpx:TrackPointExtension>
        </extensions>
      </trkpt>
      <trkpt lat="31.1287700012" lon="121.395668322">
        <ele>5.2</ele>
        <time>2026-09-09T23:42:05+08:00</time>
        <extensions>
          <gpxtpx:TrackPointExtension>
            <gpxtpx:hr>155</gpxtpx:hr>
            <gpxtpx:cad>80</gpxtpx:cad>
          </gpxtpx:TrackPointExtension>
        </extensions>
      </trkpt>
      <trkpt lat="31.1287949793" lon="121.395633286">
        <ele>5.0</ele>
        <time>2026-09-09T23:42:07+08:00</time>
        <extensions>
          <gpxtpx:TrackPointExtension>
            <gpxtpx:hr>155</gpxtpx:hr>
            <gpxtpx:cad>80</gpxtpx:cad>
          </gpxtpx:TrackPointExtension>
        </extensions>
      </trkpt>
      <trkpt lat="31.1288200412" lon="121.395601686">
        <ele>4.8</ele>
        <time>2026-09-09T23:42:09+08:00</time>
        <extensions>
          <gpxtpx:TrackPointExtension>
            <gpxtpx:hr>155</gpxtpx:hr>
            <gpxtpx:cad>80</gpxtpx:cad>
          </gpxtpx:TrackPointExtension>
        </extensions>
      </trkpt>
      <trkpt lat="31.1288300157" lon="121.39558333">
        <ele>4.8</ele>
        <time>2026-09-09T23:42:10+08:00</time>
        <extensions>
          <gpxtpx:TrackPointExtension>
            <gpxtpx:hr>0</gpxtpx:hr>
            <gpxtpx:cad>80</gpxtpx:cad>
          </gpxtpx:TrackPointExtension>
        </extensions>
      </trkpt>
      <trkpt lat="31.1288399901" lon="121.395563297">
        <ele>5.0</ele>
        <time>2026-09-09T23:42:11+08:00</time>
        <extensions>
          <gpxtpx:TrackPointExtension>
            <gpxtpx:hr>155</gpxtpx:hr>
            <gpxtpx:cad>80</gpxtpx:cad>
          </gpxtpx:TrackPointExtension>
        </extensions>
      </trkpt>
      <trkpt lat="31.1288517248" lon="121.395543264">
        <ele>5.0</ele>
        <time>2026-09-09T23:42:12+08:00</time>
        <extensions>
          <gpxtpx:TrackPointExtension>
            <gpxtpx:hr>0</gpxtpx:hr>
            <gpxtpx:cad>80</gpxtpx:cad>
          </gpxtpx:TrackPointExtension>
        </extensions>
      </trkpt>
      <trkpt lat="31.1288616993" lon="121.395523315">
        <ele>5.0</ele>
        <time>2026-09-09T23:42:13+08:00</time>
        <extensions>
          <gpxtpx:TrackPointExtension>
            <gpxtpx:hr>155</gpxtpx:hr>
            <gpxtpx:cad>80</gpxtpx:cad>
          </gpxtpx:TrackPointExtension>
        </extensions>
      </trkpt>
      <trkpt lat="31.1288616993" lon="121.395506719">
        <ele>5.0</ele>
        <time>2026-09-09T23:42:14+08:00</time>
        <extensions>
          <gpxtpx:TrackPointExtension>
            <gpxtpx:hr>0</gpxtpx:hr>
            <gpxtpx:cad>79</gpxtpx:cad>
          </gpxtpx:TrackPointExtension>
        </extensions>
      </trkpt>
      <trkpt lat="31.1288566701" lon="121.39550169">
        <ele>5.0</ele>
        <time>2026-09-09T23:42:15+08:00</time>
        <extensions>
          <gpxtpx:TrackPointExtension>
            <gpxtpx:hr>155</gpxtpx:hr>
            <gpxtpx:cad>79</gpxtpx:cad>
          </gpxtpx:TrackPointExtension>
        </extensions>
      </trkpt>
      <trkpt lat="31.1288432591" lon="121.395519963">
        <ele>5.2</ele>
        <time>2026-09-09T23:42:17+08:00</time>
        <extensions>
          <gpxtpx:TrackPointExtension>
            <gpxtpx:hr>155</gpxtpx:hr>
            <gpxtpx:cad>80</gpxtpx:cad>
          </gpxtpx:TrackPointExtension>
        </extensions>
      </trkpt>
      <trkpt lat="31.1288266629" lon="121.395554999">
        <ele>5.2</ele>
        <time>2026-09-09T23:42:19+08:00</time>
        <extensions>
          <gpxtpx:TrackPointExtension>
            <gpxtpx:hr>153</gpxtpx:hr>
            <gpxtpx:cad>80</gpxtpx:cad>
          </gpxtpx:TrackPointExtension>
        </extensions>
      </trkpt>
      <trkpt lat="31.1288016848" lon="121.395591712">
        <ele>5.2</ele>
        <time>2026-09-09T23:42:21+08:00</time>
        <extensions>
          <gpxtpx:TrackPointExtension>
            <gpxtpx:hr>153</gpxtpx:hr>
            <gpxtpx:cad>80</gpxtpx:cad>
          </gpxtpx:TrackPointExtension>
        </extensions>
      </trkpt>
      <trkpt lat="31.1287917104" lon="121.395609984">
        <ele>5.2</ele>
        <time>2026-09-09T23:42:22+08:00</time>
        <extensions>
          <gpxtpx:TrackPointExtension>
            <gpxtpx:hr>0</gpxtpx:hr>
            <gpxtpx:cad>80</gpxtpx:cad>
          </gpxtpx:TrackPointExtension>
        </extensions>
      </trkpt>
      <trkpt lat="31.1287700012" lon="121.395646697">
        <ele>5.2</ele>
        <time>2026-09-09T23:42:24+08:00</time>
        <extensions>
          <gpxtpx:TrackPointExtension>
            <gpxtpx:hr>0</gpxtpx:hr>
            <gpxtpx:cad>80</gpxtpx:cad>
          </gpxtpx:TrackPointExtension>
        </extensions>
      </trkpt>
      <trkpt lat="31.1287533212" lon="121.395683326">
        <ele>5.2</ele>
        <time>2026-09-09T23:42:26+08:00</time>
        <extensions>
          <gpxtpx:TrackPointExtension>
            <gpxtpx:hr>0</gpxtpx:hr>
            <gpxtpx:cad>80</gpxtpx:cad>
          </gpxtpx:TrackPointExtension>
        </extensions>
      </trkpt>
      <trkpt lat="31.1287383176" lon="121.395724984">
        <ele>5.2</ele>
        <time>2026-09-09T23:42:28+08:00</time>
        <extensions>
          <gpxtpx:TrackPointExtension>
            <gpxtpx:hr>0</gpxtpx:hr>
            <gpxtpx:cad>80</gpxtpx:cad>
          </gpxtpx:TrackPointExtension>
        </extensions>
      </trkpt>
      <trkpt lat="31.1287300196" lon="121.395745017">
        <ele>5.2</ele>
        <time>2026-09-09T23:42:29+08:00</time>
        <extensions>
          <gpxtpx:TrackPointExtension>
            <gpxtpx:hr>153</gpxtpx:hr>
            <gpxtpx:cad>80</gpxtpx:cad>
          </gpxtpx:TrackPointExtension>
        </extensions>
      </trkpt>
      <trkpt lat="31.1287182849" lon="121.395763289">
        <ele>5.2</ele>
        <time>2026-09-09T23:42:30+08:00</time>
        <extensions>
          <gpxtpx:TrackPointExtension>
            <gpxtpx:hr>0</gpxtpx:hr>
            <gpxtpx:cad>80</gpxtpx:cad>
          </gpxtpx:TrackPointExtension>
        </extensions>
      </trkpt>
      <trkpt lat="31.1287099868" lon="121.395784998">
        <ele>5.2</ele>
        <time>2026-09-09T23:42:31+08:00</time>
        <extensions>
          <gpxtpx:TrackPointExtension>
            <gpxtpx:hr>153</gpxtpx:hr>
            <gpxtpx:cad>80</gpxtpx:cad>
          </gpxtpx:TrackPointExtension>
        </extensions>
      </trkpt>
      <trkpt lat="31.1286900379" lon="121.39582674">
        <ele>5.2</ele>
        <time>2026-09-09T23:42:33+08:00</time>
        <extensions>
          <gpxtpx:TrackPointExtension>
            <gpxtpx:hr>153</gpxtpx:hr>
            <gpxtpx:cad>80</gpxtpx:cad>
          </gpxtpx:TrackPointExtension>
        </extensions>
      </trkpt>
      <trkpt lat="31.1286833324" lon="121.395846689">
        <ele>5.2</ele>
        <time>2026-09-09T23:42:34+08:00</time>
        <extensions>
          <gpxtpx:TrackPointExtension>
            <gpxtpx:hr>0</gpxtpx:hr>
            <gpxtpx:cad>80</gpxtpx:cad>
          </gpxtpx:TrackPointExtension>
        </extensions>
      </trkpt>
      <trkpt lat="31.1286783032" lon="121.395863285">
        <ele>5.2</ele>
        <time>2026-09-09T23:42:35+08:00</time>
        <extensions>
          <gpxtpx:TrackPointExtension>
            <gpxtpx:hr>152</gpxtpx:hr>
            <gpxtpx:cad>80</gpxtpx:cad>
          </gpxtpx:TrackPointExtension>
        </extensions>
      </trkpt>
      <trkpt lat="31.1286600307" lon="121.395905027">
        <ele>5.2</ele>
        <time>2026-09-09T23:42:37+08:00</time>
        <extensions>
          <gpxtpx:TrackPointExtension>
            <gpxtpx:hr>152</gpxtpx:hr>
            <gpxtpx:cad>80</gpxtpx:cad>
          </gpxtpx:TrackPointExtension>
        </extensions>
      </trkpt>
      <trkpt lat="31.1286499724" lon="121.395921707">
        <ele>5.2</ele>
        <time>2026-09-09T23:42:38+08:00</time>
        <extensions>
          <gpxtpx:TrackPointExtension>
            <gpxtpx:hr>0</gpxtpx:hr>
            <gpxtpx:cad>80</gpxtpx:cad>
          </gpxtpx:TrackPointExtension>
        </extensions>
      </trkpt>
      <trkpt lat="31.1286432669" lon="121.395938303">
        <ele>5.2</ele>
        <time>2026-09-09T23:42:39+08:00</time>
        <extensions>
          <gpxtpx:TrackPointExtension>
            <gpxtpx:hr>153</gpxtpx:hr>
            <gpxtpx:cad>80</gpxtpx:cad>
          </gpxtpx:TrackPointExtension>
        </extensions>
      </trkpt>
      <trkpt lat="31.1286316998" lon="121.395983314">
        <ele>5.2</ele>
        <time>2026-09-09T23:42:41+08:00</time>
        <extensions>
          <gpxtpx:TrackPointExtension>
            <gpxtpx:hr>153</gpxtpx:hr>
            <gpxtpx:cad>80</gpxtpx:cad>
          </gpxtpx:TrackPointExtension>
        </extensions>
      </trkpt>
      <trkpt lat="31.1286266707" lon="121.396009969">
        <ele>5.2</ele>
        <time>2026-09-09T23:42:42+08:00</time>
        <extensions>
          <gpxtpx:TrackPointExtension>
            <gpxtpx:hr>0</gpxtpx:hr>
            <gpxtpx:cad>80</gpxtpx:cad>
          </gpxtpx:TrackPointExtension>
        </extensions>
      </trkpt>
      <trkpt lat="31.1286217254" lon="121.396036707">
        <ele>5.2</ele>
        <time>2026-09-09T23:42:43+08:00</time>
        <extensions>
          <gpxtpx:TrackPointExtension>
            <gpxtpx:hr>153</gpxtpx:hr>
            <gpxtpx:cad>80</gpxtpx:cad>
          </gpxtpx:TrackPointExtension>
        </extensions>
      </trkpt>
      <trkpt lat="31.1286182888" lon="121.396061685">
        <ele>5.2</ele>
        <time>2026-09-09T23:42:44+08:00</time>
        <extensions>
          <gpxtpx:TrackPointExtension>
            <gpxtpx:hr>0</gpxtpx:hr>
            <gpxtpx:cad>80</gpxtpx:cad>
          </gpxtpx:TrackPointExtension>
        </extensions>
      </trkpt>
      <trkpt lat="31.1286049616" lon="121.396113317">
        <ele>5.4</ele>
        <time>2026-09-09T23:42:46+08:00</time>
        <extensions>
          <gpxtpx:TrackPointExtension>
            <gpxtpx:hr>0</gpxtpx:hr>
            <gpxtpx:cad>80</gpxtpx:cad>
          </gpxtpx:TrackPointExtension>
        </extensions>
      </trkpt>
      <trkpt lat="31.1285949871" lon="121.396136703">
        <ele>5.4</ele>
        <time>2026-09-09T23:42:47+08:00</time>
        <extensions>
          <gpxtpx:TrackPointExtension>
            <gpxtpx:hr>153</gpxtpx:hr>
            <gpxtpx:cad>80</gpxtpx:cad>
          </gpxtpx:TrackPointExtension>
        </extensions>
      </trkpt>
      <trkpt lat="31.1285882816" lon="121.396153299">
        <ele>5.4</ele>
        <time>2026-09-09T23:42:48+08:00</time>
        <extensions>
          <gpxtpx:TrackPointExtension>
            <gpxtpx:hr>0</gpxtpx:hr>
            <gpxtpx:cad>80</gpxtpx:cad>
          </gpxtpx:TrackPointExtension>
        </extensions>
      </trkpt>
      <trkpt lat="31.1285783071" lon="121.39616671">
        <ele>5.4</ele>
        <time>2026-09-09T23:42:49+08:00</time>
        <extensions>
          <gpxtpx:TrackPointExtension>
            <gpxtpx:hr>154</gpxtpx:hr>
            <gpxtpx:cad>80</gpxtpx:cad>
          </gpxtpx:TrackPointExtension>
        </extensions>
      </trkpt>
      <trkpt lat="31.1285550054" lon="121.396199986">
        <ele>5.4</ele>
        <time>2026-09-09T23:42:51+08:00</time>
        <extensions>
          <gpxtpx:TrackPointExtension>
            <gpxtpx:hr>154</gpxtpx:hr>
            <gpxtpx:cad>80</gpxtpx:cad>
          </gpxtpx:TrackPointExtension>
        </extensions>
      </trkpt>
      <trkpt lat="31.1285233218" lon="121.39623167">
        <ele>5.4</ele>
        <time>2026-09-09T23:42:53+08:00</time>
        <extensions>
          <gpxtpx:TrackPointExtension>
            <gpxtpx:hr>155</gpxtpx:hr>
            <gpxtpx:cad>80</gpxtpx:cad>
          </gpxtpx:TrackPointExtension>
        </extensions>
      </trkpt>
      <trkpt lat="31.1285083182" lon="121.396248266">
        <ele>5.4</ele>
        <time>2026-09-09T23:42:54+08:00</time>
        <extensions>
          <gpxtpx:TrackPointExtension>
            <gpxtpx:hr>0</gpxtpx:hr>
            <gpxtpx:cad>80</gpxtpx:cad>
          </gpxtpx:TrackPointExtension>
        </extensions>
      </trkpt>
      <trkpt lat="31.1284767184" lon="121.396283302">
        <ele>5.6</ele>
        <time>2026-09-09T23:42:56+08:00</time>
        <extensions>
          <gpxtpx:TrackPointExtension>
            <gpxtpx:hr>0</gpxtpx:hr>
            <gpxtpx:cad>81</gpxtpx:cad>
          </gpxtpx:TrackPointExtension>
        </extensions>
      </trkpt>
      <trkpt lat="31.1284483038" lon="121.396308281">
        <ele>5.6</ele>
        <time>2026-09-09T23:42:58+08:00</time>
        <extensions>
          <gpxtpx:TrackPointExtension>
            <gpxtpx:hr>0</gpxtpx:hr>
            <gpxtpx:cad>81</gpxtpx:cad>
          </gpxtpx:TrackPointExtension>
        </extensions>
      </trkpt>
      <trkpt lat="31.1284349766" lon="121.396323284">
        <ele>5.6</ele>
        <time>2026-09-09T23:42:59+08:00</time>
        <extensions>
          <gpxtpx:TrackPointExtension>
            <gpxtpx:hr>155</gpxtpx:hr>
            <gpxtpx:cad>81</gpxtpx:cad>
          </gpxtpx:TrackPointExtension>
        </extensions>
      </trkpt>
      <trkpt lat="31.1284067295" lon="121.396351699">
        <ele>5.4</ele>
        <time>2026-09-09T23:43:01+08:00</time>
        <extensions>
          <gpxtpx:TrackPointExtension>
            <gpxtpx:hr>156</gpxtpx:hr>
            <gpxtpx:cad>81</gpxtpx:cad>
          </gpxtpx:TrackPointExtension>
        </extensions>
      </trkpt>
      <trkpt lat="31.1283933185" lon="121.396371732">
        <ele>5.4</ele>
        <time>2026-09-09T23:43:02+08:00</time>
        <extensions>
          <gpxtpx:TrackPointExtension>
            <gpxtpx:hr>0</gpxtpx:hr>
            <gpxtpx:cad>81</gpxtpx:cad>
          </gpxtpx:TrackPointExtension>
        </extensions>
      </trkpt>
      <trkpt lat="31.1283850204" lon="121.396390004">
        <ele>5.4</ele>
        <time>2026-09-09T23:43:03+08:00</time>
        <extensions>
          <gpxtpx:TrackPointExtension>
            <gpxtpx:hr>155</gpxtpx:hr>
            <gpxtpx:cad>81</gpxtpx:cad>
          </gpxtpx:TrackPointExtension>
        </extensions>
      </trkpt>
      <trkpt lat="31.1283732858" lon="121.396411713">
        <ele>5.4</ele>
        <time>2026-09-09T23:43:04+08:00</time>
        <extensions>
          <gpxtpx:TrackPointExtension>
            <gpxtpx:hr>0</gpxtpx:hr>
            <gpxtpx:cad>81</gpxtpx:cad>
          </gpxtpx:TrackPointExtension>
        </extensions>
      </trkpt>
      <trkpt lat="31.1283533368" lon="121.396451695">
        <ele>5.6</ele>
        <time>2026-09-09T23:43:06+08:00</time>
        <extensions>
          <gpxtpx:TrackPointExtension>
            <gpxtpx:hr>0</gpxtpx:hr>
            <gpxtpx:cad>81</gpxtpx:cad>
          </gpxtpx:TrackPointExtension>
        </extensions>
      </trkpt>
      <trkpt lat="31.128341686" lon="121.39647332">
        <ele>5.6</ele>
        <time>2026-09-09T23:43:07+08:00</time>
        <extensions>
          <gpxtpx:TrackPointExtension>
            <gpxtpx:hr>153</gpxtpx:hr>
            <gpxtpx:cad>82</gpxtpx:cad>
          </gpxtpx:TrackPointExtension>
        </extensions>
      </trkpt>
      <trkpt lat="31.1283333041" lon="121.396493269">
        <ele>5.6</ele>
        <time>2026-09-09T23:43:08+08:00</time>
        <extensions>
          <gpxtpx:TrackPointExtension>
            <gpxtpx:hr>0</gpxtpx:hr>
            <gpxtpx:cad>82</gpxtpx:cad>
          </gpxtpx:TrackPointExtension>
        </extensions>
      </trkpt>
      <trkpt lat="31.1283266824" lon="121.396513302">
        <ele>5.6</ele>
        <time>2026-09-09T23:43:09+08:00</time>
        <extensions>
          <gpxtpx:TrackPointExtension>
            <gpxtpx:hr>153</gpxtpx:hr>
            <gpxtpx:cad>82</gpxtpx:cad>
          </gpxtpx:TrackPointExtension>
        </extensions>
      </trkpt>
      <trkpt lat="31.1283183005" lon="121.396533335">
        <ele>5.6</ele>
        <time>2026-09-09T23:43:10+08:00</time>
        <extensions>
          <gpxtpx:TrackPointExtension>
            <gpxtpx:hr>0</gpxtpx:hr>
            <gpxtpx:cad>82</gpxtpx:cad>
          </gpxtpx:TrackPointExtension>
        </extensions>
      </trkpt>
      <trkpt lat="31.1283116788" lon="121.396553284">
        <ele>5.4</ele>
        <time>2026-09-09T23:43:11+08:00</time>
        <extensions>
          <gpxtpx:TrackPointExtension>
            <gpxtpx:hr>153</gpxtpx:hr>
            <gpxtpx:cad>82</gpxtpx:cad>
          </gpxtpx:TrackPointExtension>
        </extensions>
      </trkpt>
      <trkpt lat="31.1283032969" lon="121.396578262">
        <ele>5.4</ele>
        <time>2026-09-09T23:43:12+08:00</time>
        <extensions>
          <gpxtpx:TrackPointExtension>
            <gpxtpx:hr>0</gpxtpx:hr>
            <gpxtpx:cad>82</gpxtpx:cad>
          </gpxtpx:TrackPointExtension>
        </extensions>
      </trkpt>
      <trkpt lat="31.1282982677" lon="121.396601731">
        <ele>5.4</ele>
        <time>2026-09-09T23:43:13+08:00</time>
        <extensions>
          <gpxtpx:TrackPointExtension>
            <gpxtpx:hr>154</gpxtpx:hr>
            <gpxtpx:cad>82</gpxtpx:cad>
          </gpxtpx:TrackPointExtension>
        </extensions>
      </trkpt>
      <trkpt lat="31.1282899696" lon="121.39662168">
        <ele>5.4</ele>
        <time>2026-09-09T23:43:14+08:00</time>
        <extensions>
          <gpxtpx:TrackPointExtension>
            <gpxtpx:hr>0</gpxtpx:hr>
            <gpxtpx:cad>82</gpxtpx:cad>
          </gpxtpx:TrackPointExtension>
        </extensions>
      </trkpt>
      <trkpt lat="31.1282832641" lon="121.396643305">
        <ele>5.4</ele>
        <time>2026-09-09T23:43:15+08:00</time>
        <extensions>
          <gpxtpx:TrackPointExtension>
            <gpxtpx:hr>154</gpxtpx:hr>
            <gpxtpx:cad>82</gpxtpx:cad>
          </gpxtpx:TrackPointExtension>
        </extensions>
      </trkpt>
      <trkpt lat="31.1282783188" lon="121.396666691">
        <ele>5.4</ele>
        <time>2026-09-09T23:43:16+08:00</time>
        <extensions>
          <gpxtpx:TrackPointExtension>
            <gpxtpx:hr>0</gpxtpx:hr>
            <gpxtpx:cad>82</gpxtpx:cad>
          </gpxtpx:TrackPointExtension>
        </extensions>
      </trkpt>
      <trkpt lat="31.1282767262" lon="121.396684963">
        <ele>5.4</ele>
        <time>2026-09-09T23:43:17+08:00</time>
        <extensions>
          <gpxtpx:TrackPointExtension>
            <gpxtpx:hr>155</gpxtpx:hr>
            <gpxtpx:cad>82</gpxtpx:cad>
          </gpxtpx:TrackPointExtension>
        </extensions>
      </trkpt>
      <trkpt lat="31.1282716971" lon="121.396706672">
        <ele>5.4</ele>
        <time>2026-09-09T23:43:18+08:00</time>
        <extensions>
          <gpxtpx:TrackPointExtension>
            <gpxtpx:hr>0</gpxtpx:hr>
            <gpxtpx:cad>82</gpxtpx:cad>
          </gpxtpx:TrackPointExtension>
        </extensions>
      </trkpt>
      <trkpt lat="31.128258286" lon="121.396726705">
        <ele>5.4</ele>
        <time>2026-09-09T23:43:19+08:00</time>
        <extensions>
          <gpxtpx:TrackPointExtension>
            <gpxtpx:hr>155</gpxtpx:hr>
            <gpxtpx:cad>82</gpxtpx:cad>
          </gpxtpx:TrackPointExtension>
        </extensions>
      </trkpt>
      <trkpt lat="31.128246719" lon="121.396746738">
        <ele>5.4</ele>
        <time>2026-09-09T23:43:20+08:00</time>
        <extensions>
          <gpxtpx:TrackPointExtension>
            <gpxtpx:hr>0</gpxtpx:hr>
            <gpxtpx:cad>82</gpxtpx:cad>
          </gpxtpx:TrackPointExtension>
        </extensions>
      </trkpt>
      <trkpt lat="31.1282349844" lon="121.396768279">
        <ele>5.4</ele>
        <time>2026-09-09T23:43:21+08:00</time>
        <extensions>
          <gpxtpx:TrackPointExtension>
            <gpxtpx:hr>155</gpxtpx:hr>
            <gpxtpx:cad>82</gpxtpx:cad>
          </gpxtpx:TrackPointExtension>
        </extensions>
      </trkpt>
      <trkpt lat="31.1282233335" lon="121.396791665">
        <ele>5.4</ele>
        <time>2026-09-09T23:43:22+08:00</time>
        <extensions>
          <gpxtpx:TrackPointExtension>
            <gpxtpx:hr>0</gpxtpx:hr>
            <gpxtpx:cad>82</gpxtpx:cad>
          </gpxtpx:TrackPointExtension>
        </extensions>
      </trkpt>
      <trkpt lat="31.1282100063" lon="121.396811698">
        <ele>5.4</ele>
        <time>2026-09-09T23:43:23+08:00</time>
        <extensions>
          <gpxtpx:TrackPointExtension>
            <gpxtpx:hr>156</gpxtpx:hr>
            <gpxtpx:cad>82</gpxtpx:cad>
          </gpxtpx:TrackPointExtension>
        </extensions>
      </trkpt>
      <trkpt lat="31.1281950027" lon="121.39683173">
        <ele>5.4</ele>
        <time>2026-09-09T23:43:24+08:00</time>
        <extensions>
          <gpxtpx:TrackPointExtension>
            <gpxtpx:hr>0</gpxtpx:hr>
            <gpxtpx:cad>82</gpxtpx:cad>
          </gpxtpx:TrackPointExtension>
        </extensions>
      </trkpt>
      <trkpt lat="31.1281816754" lon="121.396850003">
        <ele>5.4</ele>
        <time>2026-09-09T23:43:25+08:00</time>
        <extensions>
          <gpxtpx:TrackPointExtension>
            <gpxtpx:hr>156</gpxtpx:hr>
            <gpxtpx:cad>82</gpxtpx:cad>
          </gpxtpx:TrackPointExtension>
        </extensions>
      </trkpt>
      <trkpt lat="31.1281649955" lon="121.396868275">
        <ele>5.4</ele>
        <time>2026-09-09T23:43:26+08:00</time>
        <extensions>
          <gpxtpx:TrackPointExtension>
            <gpxtpx:hr>0</gpxtpx:hr>
            <gpxtpx:cad>82</gpxtpx:cad>
          </gpxtpx:TrackPointExtension>
        </extensions>
      </trkpt>
      <trkpt lat="31.1281516682" lon="121.396886716">
        <ele>5.4</ele>
        <time>2026-09-09T23:43:27+08:00</time>
        <extensions>
          <gpxtpx:TrackPointExtension>
            <gpxtpx:hr>156</gpxtpx:hr>
            <gpxtpx:cad>82</gpxtpx:cad>
          </gpxtpx:TrackPointExtension>
        </extensions>
      </trkpt>
      <trkpt lat="31.1281366646" lon="121.396906665">
        <ele>5.4</ele>
        <time>2026-09-09T23:43:28+08:00</time>
        <extensions>
          <gpxtpx:TrackPointExtension>
            <gpxtpx:hr>0</gpxtpx:hr>
            <gpxtpx:cad>82</gpxtpx:cad>
          </gpxtpx:TrackPointExtension>
        </extensions>
      </trkpt>
      <trkpt lat="31.1281083338" lon="121.396943294">
        <ele>5.2</ele>
        <time>2026-09-09T23:43:30+08:00</time>
        <extensions>
          <gpxtpx:TrackPointExtension>
            <gpxtpx:hr>0</gpxtpx:hr>
            <gpxtpx:cad>82</gpxtpx:cad>
          </gpxtpx:TrackPointExtension>
        </extensions>
      </trkpt>
      <trkpt lat="31.1280982755" lon="121.396966679">
        <ele>5.2</ele>
        <time>2026-09-09T23:43:31+08:00</time>
        <extensions>
          <gpxtpx:TrackPointExtension>
            <gpxtpx:hr>157</gpxtpx:hr>
            <gpxtpx:cad>82</gpxtpx:cad>
          </gpxtpx:TrackPointExtension>
        </extensions>
      </trkpt>
      <trkpt lat="31.1280867085" lon="121.396986712">
        <ele>5.4</ele>
        <time>2026-09-09T23:43:32+08:00</time>
        <extensions>
          <gpxtpx:TrackPointExtension>
            <gpxtpx:hr>0</gpxtpx:hr>
            <gpxtpx:cad>82</gpxtpx:cad>
          </gpxtpx:TrackPointExtension>
        </extensions>
      </trkpt>
      <trkpt lat="31.128076734" lon="121.397010013">
        <ele>5.4</ele>
        <time>2026-09-09T23:43:33+08:00</time>
        <extensions>
          <gpxtpx:TrackPointExtension>
            <gpxtpx:hr>157</gpxtpx:hr>
            <gpxtpx:cad>82</gpxtpx:cad>
          </gpxtpx:TrackPointExtension>
        </extensions>
      </trkpt>
      <trkpt lat="31.1280682683" lon="121.397028286">
        <ele>5.4</ele>
        <time>2026-09-09T23:43:34+08:00</time>
        <extensions>
          <gpxtpx:TrackPointExtension>
            <gpxtpx:hr>0</gpxtpx:hr>
            <gpxtpx:cad>82</gpxtpx:cad>
          </gpxtpx:TrackPointExtension>
        </extensions>
      </trkpt>
      <trkpt lat="31.1280599702" lon="121.397051672">
        <ele>5.4</ele>
        <time>2026-09-09T23:43:35+08:00</time>
        <extensions>
          <gpxtpx:TrackPointExtension>
            <gpxtpx:hr>157</gpxtpx:hr>
            <gpxtpx:cad>82</gpxtpx:cad>
          </gpxtpx:TrackPointExtension>
        </extensions>
      </trkpt>
      <trkpt lat="31.1280516721" lon="121.397074973">
        <ele>5.4</ele>
        <time>2026-09-09T23:43:36+08:00</time>
        <extensions>
          <gpxtpx:TrackPointExtension>
            <gpxtpx:hr>0</gpxtpx:hr>
            <gpxtpx:cad>82</gpxtpx:cad>
          </gpxtpx:TrackPointExtension>
        </extensions>
      </trkpt>
      <trkpt lat="31.1280416977" lon="121.397101711">
        <ele>5.2</ele>
        <time>2026-09-09T23:43:37+08:00</time>
        <extensions>
          <gpxtpx:TrackPointExtension>
            <gpxtpx:hr>157</gpxtpx:hr>
            <gpxtpx:cad>82</gpxtpx:cad>
          </gpxtpx:TrackPointExtension>
        </extensions>
      </trkpt>
      <trkpt lat="31.1280366685" lon="121.397129958">
        <ele>5.2</ele>
        <time>2026-09-09T23:43:38+08:00</time>
        <extensions>
          <gpxtpx:TrackPointExtension>
            <gpxtpx:hr>0</gpxtpx:hr>
            <gpxtpx:cad>82</gpxtpx:cad>
          </gpxtpx:TrackPointExtension>
        </extensions>
      </trkpt>
      <trkpt lat="31.1280282866" lon="121.39715502">
        <ele>5.2</ele>
        <time>2026-09-09T23:43:39+08:00</time>
        <extensions>
          <gpxtpx:TrackPointExtension>
            <gpxtpx:hr>157</gpxtpx:hr>
            <gpxtpx:cad>82</gpxtpx:cad>
          </gpxtpx:TrackPointExtension>
        </extensions>
      </trkpt>
      <trkpt lat="31.1280216649" lon="121.397181675">
        <ele>5.2</ele>
        <time>2026-09-09T23:43:40+08:00</time>
        <extensions>
          <gpxtpx:TrackPointExtension>
            <gpxtpx:hr>0</gpxtpx:hr>
            <gpxtpx:cad>82</gpxtpx:cad>
          </gpxtpx:TrackPointExtension>
        </extensions>
      </trkpt>
      <trkpt lat="31.1280116905" lon="121.397206737">
        <ele>5.2</ele>
        <time>2026-09-09T23:43:41+08:00</time>
        <extensions>
          <gpxtpx:TrackPointExtension>
            <gpxtpx:hr>157</gpxtpx:hr>
            <gpxtpx:cad>82</gpxtpx:cad>
          </gpxtpx:TrackPointExtension>
        </extensions>
      </trkpt>
      <trkpt lat="31.1279982794" lon="121.397231715">
        <ele>5.4</ele>
        <time>2026-09-09T23:43:42+08:00</time>
        <extensions>
          <gpxtpx:TrackPointExtension>
            <gpxtpx:hr>0</gpxtpx:hr>
            <gpxtpx:cad>82</gpxtpx:cad>
          </gpxtpx:TrackPointExtension>
        </extensions>
      </trkpt>
      <trkpt lat="31.1279883049" lon="121.397258285">
        <ele>5.4</ele>
        <time>2026-09-09T23:43:43+08:00</time>
        <extensions>
          <gpxtpx:TrackPointExtension>
            <gpxtpx:hr>157</gpxtpx:hr>
            <gpxtpx:cad>82</gpxtpx:cad>
          </gpxtpx:TrackPointExtension>
        </extensions>
      </trkpt>
      <trkpt lat="31.1279767379" lon="121.397285024">
        <ele>5.2</ele>
        <time>2026-09-09T23:43:44+08:00</time>
        <extensions>
          <gpxtpx:TrackPointExtension>
            <gpxtpx:hr>0</gpxtpx:hr>
            <gpxtpx:cad>82</gpxtpx:cad>
          </gpxtpx:TrackPointExtension>
        </extensions>
      </trkpt>
      <trkpt lat="31.1279650033" lon="121.397313271">
        <ele>5.2</ele>
        <time>2026-09-09T23:43:45+08:00</time>
        <extensions>
          <gpxtpx:TrackPointExtension>
            <gpxtpx:hr>157</gpxtpx:hr>
            <gpxtpx:cad>82</gpxtpx:cad>
          </gpxtpx:TrackPointExtension>
        </extensions>
      </trkpt>
      <trkpt lat="31.1279550288" lon="121.397340009">
        <ele>5.2</ele>
        <time>2026-09-09T23:43:46+08:00</time>
        <extensions>
          <gpxtpx:TrackPointExtension>
            <gpxtpx:hr>0</gpxtpx:hr>
            <gpxtpx:cad>82</gpxtpx:cad>
          </gpxtpx:TrackPointExtension>
        </extensions>
      </trkpt>
      <trkpt lat="31.1279483233" lon="121.397370016">
        <ele>5.2</ele>
        <time>2026-09-09T23:43:47+08:00</time>
        <extensions>
          <gpxtpx:TrackPointExtension>
            <gpxtpx:hr>157</gpxtpx:hr>
            <gpxtpx:cad>82</gpxtpx:cad>
          </gpxtpx:TrackPointExtension>
        </extensions>
      </trkpt>
      <trkpt lat="31.1279400252" lon="121.397396671">
        <ele>5.2</ele>
        <time>2026-09-09T23:43:48+08:00</time>
        <extensions>
          <gpxtpx:TrackPointExtension>
            <gpxtpx:hr>0</gpxtpx:hr>
            <gpxtpx:cad>82</gpxtpx:cad>
          </gpxtpx:TrackPointExtension>
        </extensions>
      </trkpt>
      <trkpt lat="31.1279282905" lon="121.397421733">
        <ele>5.2</ele>
        <time>2026-09-09T23:43:49+08:00</time>
        <extensions>
          <gpxtpx:TrackPointExtension>
            <gpxtpx:hr>157</gpxtpx:hr>
            <gpxtpx:cad>82</gpxtpx:cad>
          </gpxtpx:TrackPointExtension>
        </extensions>
      </trkpt>
      <trkpt lat="31.1279033124" lon="121.397468336">
        <ele>5.2</ele>
        <time>2026-09-09T23:43:51+08:00</time>
        <extensions>
          <gpxtpx:TrackPointExtension>
            <gpxtpx:hr>158</gpxtpx:hr>
            <gpxtpx:cad>82</gpxtpx:cad>
          </gpxtpx:TrackPointExtension>
        </extensions>
      </trkpt>
      <trkpt lat="31.127893338" lon="121.397491721">
        <ele>5.0</ele>
        <time>2026-09-09T23:43:52+08:00</time>
        <extensions>
          <gpxtpx:TrackPointExtension>
            <gpxtpx:hr>0</gpxtpx:hr>
            <gpxtpx:cad>82</gpxtpx:cad>
          </gpxtpx:TrackPointExtension>
        </extensions>
      </trkpt>
      <trkpt lat="31.1278832797" lon="121.397518292">
        <ele>5.0</ele>
        <time>2026-09-09T23:43:53+08:00</time>
        <extensions>
          <gpxtpx:TrackPointExtension>
            <gpxtpx:hr>158</gpxtpx:hr>
            <gpxtpx:cad>82</gpxtpx:cad>
          </gpxtpx:TrackPointExtension>
        </extensions>
      </trkpt>
      <trkpt lat="31.1278767418" lon="121.39754327">
        <ele>4.8</ele>
        <time>2026-09-09T23:43:54+08:00</time>
        <extensions>
          <gpxtpx:TrackPointExtension>
            <gpxtpx:hr>0</gpxtpx:hr>
            <gpxtpx:cad>82</gpxtpx:cad>
          </gpxtpx:TrackPointExtension>
        </extensions>
      </trkpt>
      <trkpt lat="31.1278700363" lon="121.397570008">
        <ele>4.8</ele>
        <time>2026-09-09T23:43:55+08:00</time>
        <extensions>
          <gpxtpx:TrackPointExtension>
            <gpxtpx:hr>158</gpxtpx:hr>
            <gpxtpx:cad>82</gpxtpx:cad>
          </gpxtpx:TrackPointExtension>
        </extensions>
      </trkpt>
      <trkpt lat="31.1278617382" lon="121.397594986">
        <ele>5.0</ele>
        <time>2026-09-09T23:43:56+08:00</time>
        <extensions>
          <gpxtpx:TrackPointExtension>
            <gpxtpx:hr>0</gpxtpx:hr>
            <gpxtpx:cad>82</gpxtpx:cad>
          </gpxtpx:TrackPointExtension>
        </extensions>
      </trkpt>
      <trkpt lat="31.1278550327" lon="121.397619965">
        <ele>5.0</ele>
        <time>2026-09-09T23:43:57+08:00</time>
        <extensions>
          <gpxtpx:TrackPointExtension>
            <gpxtpx:hr>158</gpxtpx:hr>
            <gpxtpx:cad>82</gpxtpx:cad>
          </gpxtpx:TrackPointExtension>
        </extensions>
      </trkpt>
      <trkpt lat="31.1278483272" lon="121.397643266">
        <ele>5.0</ele>
        <time>2026-09-09T23:43:58+08:00</time>
        <extensions>
          <gpxtpx:TrackPointExtension>
            <gpxtpx:hr>0</gpxtpx:hr>
            <gpxtpx:cad>82</gpxtpx:cad>
          </gpxtpx:TrackPointExtension>
        </extensions>
      </trkpt>
      <trkpt lat="31.1278400291" lon="121.397666736">
        <ele>5.0</ele>
        <time>2026-09-09T23:43:59+08:00</time>
        <extensions>
          <gpxtpx:TrackPointExtension>
            <gpxtpx:hr>159</gpxtpx:hr>
            <gpxtpx:cad>82</gpxtpx:cad>
          </gpxtpx:TrackPointExtension>
        </extensions>
      </trkpt>
      <trkpt lat="31.1278366763" lon="121.397691714">
        <ele>5.0</ele>
        <time>2026-09-09T23:44:00+08:00</time>
        <extensions>
          <gpxtpx:TrackPointExtension>
            <gpxtpx:hr>0</gpxtpx:hr>
            <gpxtpx:cad>82</gpxtpx:cad>
          </gpxtpx:TrackPointExtension>
        </extensions>
      </trkpt>
      <trkpt lat="31.127831731" lon="121.397718284">
        <ele>5.0</ele>
        <time>2026-09-09T23:44:01+08:00</time>
        <extensions>
          <gpxtpx:TrackPointExtension>
            <gpxtpx:hr>159</gpxtpx:hr>
            <gpxtpx:cad>82</gpxtpx:cad>
          </gpxtpx:TrackPointExtension>
        </extensions>
      </trkpt>
      <trkpt lat="31.1278250255" lon="121.397739993">
        <ele>5.0</ele>
        <time>2026-09-09T23:44:02+08:00</time>
        <extensions>
          <gpxtpx:TrackPointExtension>
            <gpxtpx:hr>0</gpxtpx:hr>
            <gpxtpx:cad>81</gpxtpx:cad>
          </gpxtpx:TrackPointExtension>
        </extensions>
      </trkpt>
      <trkpt lat="31.1278167274" lon="121.397764971">
        <ele>5.0</ele>
        <time>2026-09-09T23:44:03+08:00</time>
        <extensions>
          <gpxtpx:TrackPointExtension>
            <gpxtpx:hr>160</gpxtpx:hr>
            <gpxtpx:cad>81</gpxtpx:cad>
          </gpxtpx:TrackPointExtension>
        </extensions>
      </trkpt>
      <trkpt lat="31.1278100219" lon="121.39779171">
        <ele>5.0</ele>
        <time>2026-09-09T23:44:04+08:00</time>
        <extensions>
          <gpxtpx:TrackPointExtension>
            <gpxtpx:hr>0</gpxtpx:hr>
            <gpxtpx:cad>81</gpxtpx:cad>
          </gpxtpx:TrackPointExtension>
        </extensions>
      </trkpt>
      <trkpt lat="31.1277999636" lon="121.397815011">
        <ele>5.0</ele>
        <time>2026-09-09T23:44:05+08:00</time>
        <extensions>
          <gpxtpx:TrackPointExtension>
            <gpxtpx:hr>161</gpxtpx:hr>
            <gpxtpx:cad>81</gpxtpx:cad>
          </gpxtpx:TrackPointExtension>
        </extensions>
      </trkpt>
      <trkpt lat="31.1277916655" lon="121.397838313">
        <ele>5.0</ele>
        <time>2026-09-09T23:44:06+08:00</time>
        <extensions>
          <gpxtpx:TrackPointExtension>
            <gpxtpx:hr>0</gpxtpx:hr>
            <gpxtpx:cad>81</gpxtpx:cad>
          </gpxtpx:TrackPointExtension>
        </extensions>
      </trkpt>
      <trkpt lat="31.1277800146" lon="121.397860022">
        <ele>5.0</ele>
        <time>2026-09-09T23:44:07+08:00</time>
        <extensions>
          <gpxtpx:TrackPointExtension>
            <gpxtpx:hr>165</gpxtpx:hr>
            <gpxtpx:cad>81</gpxtpx:cad>
          </gpxtpx:TrackPointExtension>
        </extensions>
      </trkpt>
      <trkpt lat="31.1277700402" lon="121.397881731">
        <ele>5.0</ele>
        <time>2026-09-09T23:44:08+08:00</time>
        <extensions>
          <gpxtpx:TrackPointExtension>
            <gpxtpx:hr>0</gpxtpx:hr>
            <gpxtpx:cad>81</gpxtpx:cad>
          </gpxtpx:TrackPointExtension>
        </extensions>
      </trkpt>
      <trkpt lat="31.1277616583" lon="121.397909978">
        <ele>5.2</ele>
        <time>2026-09-09T23:44:09+08:00</time>
        <extensions>
          <gpxtpx:TrackPointExtension>
            <gpxtpx:hr>167</gpxtpx:hr>
            <gpxtpx:cad>81</gpxtpx:cad>
          </gpxtpx:TrackPointExtension>
        </extensions>
      </trkpt>
      <trkpt lat="31.1277532764" lon="121.39793504">
        <ele>5.2</ele>
        <time>2026-09-09T23:44:10+08:00</time>
        <extensions>
          <gpxtpx:TrackPointExtension>
            <gpxtpx:hr>0</gpxtpx:hr>
            <gpxtpx:cad>81</gpxtpx:cad>
          </gpxtpx:TrackPointExtension>
        </extensions>
      </trkpt>
      <trkpt lat="31.1277467385" lon="121.397963287">
        <ele>5.2</ele>
        <time>2026-09-09T23:44:11+08:00</time>
        <extensions>
          <gpxtpx:TrackPointExtension>
            <gpxtpx:hr>168</gpxtpx:hr>
            <gpxtpx:cad>80</gpxtpx:cad>
          </gpxtpx:TrackPointExtension>
        </extensions>
      </trkpt>
      <trkpt lat="31.1277433019" lon="121.397990026">
        <ele>5.2</ele>
        <time>2026-09-09T23:44:12+08:00</time>
        <extensions>
          <gpxtpx:TrackPointExtension>
            <gpxtpx:hr>0</gpxtpx:hr>
            <gpxtpx:cad>80</gpxtpx:cad>
          </gpxtpx:TrackPointExtension>
        </extensions>
      </trkpt>
      <trkpt lat="31.1277449783" lon="121.398015004">
        <ele>5.2</ele>
        <time>2026-09-09T23:44:13+08:00</time>
        <extensions>
          <gpxtpx:TrackPointExtension>
            <gpxtpx:hr>168</gpxtpx:hr>
            <gpxtpx:cad>80</gpxtpx:cad>
          </gpxtpx:TrackPointExtension>
        </extensions>
      </trkpt>
      <trkpt lat="31.1277449783" lon="121.398039982">
        <ele>5.2</ele>
        <time>2026-09-09T23:44:14+08:00</time>
        <extensions>
          <gpxtpx:TrackPointExtension>
            <gpxtpx:hr>0</gpxtpx:hr>
            <gpxtpx:cad>80</gpxtpx:cad>
          </gpxtpx:TrackPointExtension>
        </extensions>
      </trkpt>
      <trkpt lat="31.1277449783" lon="121.398063283">
        <ele>5.0</ele>
        <time>2026-09-09T23:44:15+08:00</time>
        <extensions>
          <gpxtpx:TrackPointExtension>
            <gpxtpx:hr>167</gpxtpx:hr>
            <gpxtpx:cad>80</gpxtpx:cad>
          </gpxtpx:TrackPointExtension>
        </extensions>
      </trkpt>
      <trkpt lat="31.1277317349" lon="121.398113323">
        <ele>5.2</ele>
        <time>2026-09-09T23:44:17+08:00</time>
        <extensions>
          <gpxtpx:TrackPointExtension>
            <gpxtpx:hr>167</gpxtpx:hr>
            <gpxtpx:cad>80</gpxtpx:cad>
          </gpxtpx:TrackPointExtension>
        </extensions>
      </trkpt>
      <trkpt lat="31.1277282983" lon="121.398139978">
        <ele>5.2</ele>
        <time>2026-09-09T23:44:18+08:00</time>
        <extensions>
          <gpxtpx:TrackPointExtension>
            <gpxtpx:hr>0</gpxtpx:hr>
            <gpxtpx:cad>80</gpxtpx:cad>
          </gpxtpx:TrackPointExtension>
        </extensions>
      </trkpt>
      <trkpt lat="31.1277200002" lon="121.398166716">
        <ele>5.2</ele>
        <time>2026-09-09T23:44:19+08:00</time>
        <extensions>
          <gpxtpx:TrackPointExtension>
            <gpxtpx:hr>166</gpxtpx:hr>
            <gpxtpx:cad>80</gpxtpx:cad>
          </gpxtpx:TrackPointExtension>
        </extensions>
      </trkpt>
      <trkpt lat="31.1277117021" lon="121.398190018">
        <ele>5.2</ele>
        <time>2026-09-09T23:44:20+08:00</time>
        <extensions>
          <gpxtpx:TrackPointExtension>
            <gpxtpx:hr>0</gpxtpx:hr>
            <gpxtpx:cad>80</gpxtpx:cad>
          </gpxtpx:TrackPointExtension>
        </extensions>
      </trkpt>
      <trkpt lat="31.1277033202" lon="121.398213319">
        <ele>5.2</ele>
        <time>2026-09-09T23:44:21+08:00</time>
        <extensions>
          <gpxtpx:TrackPointExtension>
            <gpxtpx:hr>165</gpxtpx:hr>
            <gpxtpx:cad>80</gpxtpx:cad>
          </gpxtpx:TrackPointExtension>
        </extensions>
      </trkpt>
      <trkpt lat="31.1276966985" lon="121.398235029">
        <ele>5.2</ele>
        <time>2026-09-09T23:44:22+08:00</time>
        <extensions>
          <gpxtpx:TrackPointExtension>
            <gpxtpx:hr>0</gpxtpx:hr>
            <gpxtpx:cad>80</gpxtpx:cad>
          </gpxtpx:TrackPointExtension>
        </extensions>
      </trkpt>
      <trkpt lat="31.1276916694" lon="121.398261683">
        <ele>5.2</ele>
        <time>2026-09-09T23:44:23+08:00</time>
        <extensions>
          <gpxtpx:TrackPointExtension>
            <gpxtpx:hr>165</gpxtpx:hr>
            <gpxtpx:cad>80</gpxtpx:cad>
          </gpxtpx:TrackPointExtension>
        </extensions>
      </trkpt>
      <trkpt lat="31.1276867241" lon="121.398286661">
        <ele>5.2</ele>
        <time>2026-09-09T23:44:24+08:00</time>
        <extensions>
          <gpxtpx:TrackPointExtension>
            <gpxtpx:hr>0</gpxtpx:hr>
            <gpxtpx:cad>80</gpxtpx:cad>
          </gpxtpx:TrackPointExtension>
        </extensions>
      </trkpt>
      <trkpt lat="31.1276766658" lon="121.398313316">
        <ele>5.2</ele>
        <time>2026-09-09T23:44:25+08:00</time>
        <extensions>
          <gpxtpx:TrackPointExtension>
            <gpxtpx:hr>165</gpxtpx:hr>
            <gpxtpx:cad>80</gpxtpx:cad>
          </gpxtpx:TrackPointExtension>
        </extensions>
      </trkpt>
      <trkpt lat="31.1276699603" lon="121.398338294">
        <ele>5.2</ele>
        <time>2026-09-09T23:44:26+08:00</time>
        <extensions>
          <gpxtpx:TrackPointExtension>
            <gpxtpx:hr>0</gpxtpx:hr>
            <gpxtpx:cad>80</gpxtpx:cad>
          </gpxtpx:TrackPointExtension>
        </extensions>
      </trkpt>
      <trkpt lat="31.1276633386" lon="121.398361679">
        <ele>5.2</ele>
        <time>2026-09-09T23:44:27+08:00</time>
        <extensions>
          <gpxtpx:TrackPointExtension>
            <gpxtpx:hr>166</gpxtpx:hr>
            <gpxtpx:cad>80</gpxtpx:cad>
          </gpxtpx:TrackPointExtension>
        </extensions>
      </trkpt>
      <trkpt lat="31.1276599858" lon="121.39839001">
        <ele>5.2</ele>
        <time>2026-09-09T23:44:28+08:00</time>
        <extensions>
          <gpxtpx:TrackPointExtension>
            <gpxtpx:hr>0</gpxtpx:hr>
            <gpxtpx:cad>80</gpxtpx:cad>
          </gpxtpx:TrackPointExtension>
        </extensions>
      </trkpt>
      <trkpt lat="31.1276516877" lon="121.398418341">
        <ele>5.4</ele>
        <time>2026-09-09T23:44:29+08:00</time>
        <extensions>
          <gpxtpx:TrackPointExtension>
            <gpxtpx:hr>166</gpxtpx:hr>
            <gpxtpx:cad>80</gpxtpx:cad>
          </gpxtpx:TrackPointExtension>
        </extensions>
      </trkpt>
      <trkpt lat="31.1276449822" lon="121.398446672">
        <ele>5.4</ele>
        <time>2026-09-09T23:44:30+08:00</time>
        <extensions>
          <gpxtpx:TrackPointExtension>
            <gpxtpx:hr>167</gpxtpx:hr>
            <gpxtpx:cad>80</gpxtpx:cad>
          </gpxtpx:TrackPointExtension>
        </extensions>
      </trkpt>
      <trkpt lat="31.1276382767" lon="121.398476679">
        <ele>5.4</ele>
        <time>2026-09-09T23:44:31+08:00</time>
        <extensions>
          <gpxtpx:TrackPointExtension>
            <gpxtpx:hr>167</gpxtpx:hr>
            <gpxtpx:cad>80</gpxtpx:cad>
          </gpxtpx:TrackPointExtension>
        </extensions>
      </trkpt>
      <trkpt lat="31.1276317388" lon="121.398503333">
        <ele>5.2</ele>
        <time>2026-09-09T23:44:32+08:00</time>
        <extensions>
          <gpxtpx:TrackPointExtension>
            <gpxtpx:hr>168</gpxtpx:hr>
            <gpxtpx:cad>80</gpxtpx:cad>
          </gpxtpx:TrackPointExtension>
        </extensions>
      </trkpt>
      <trkpt lat="31.1276250333" lon="121.398533341">
        <ele>5.2</ele>
        <time>2026-09-09T23:44:33+08:00</time>
        <extensions>
          <gpxtpx:TrackPointExtension>
            <gpxtpx:hr>168</gpxtpx:hr>
            <gpxtpx:cad>80</gpxtpx:cad>
          </gpxtpx:TrackPointExtension>
        </extensions>
      </trkpt>
      <trkpt lat="31.1276167352" lon="121.398563264">
        <ele>5.4</ele>
        <time>2026-09-09T23:44:34+08:00</time>
        <extensions>
          <gpxtpx:TrackPointExtension>
            <gpxtpx:hr>169</gpxtpx:hr>
            <gpxtpx:cad>80</gpxtpx:cad>
          </gpxtpx:TrackPointExtension>
        </extensions>
      </trkpt>
      <trkpt lat="31.127611706" lon="121.398593271">
        <ele>5.4</ele>
        <time>2026-09-09T23:44:35+08:00</time>
        <extensions>
          <gpxtpx:TrackPointExtension>
            <gpxtpx:hr>168</gpxtpx:hr>
            <gpxtpx:cad>80</gpxtpx:cad>
          </gpxtpx:TrackPointExtension>
        </extensions>
      </trkpt>
      <trkpt lat="31.1276050005" lon="121.398623278">
        <ele>5.4</ele>
        <time>2026-09-09T23:44:36+08:00</time>
        <extensions>
          <gpxtpx:TrackPointExtension>
            <gpxtpx:hr>168</gpxtpx:hr>
            <gpxtpx:cad>80</gpxtpx:cad>
          </gpxtpx:TrackPointExtension>
        </extensions>
      </trkpt>
      <trkpt lat="31.127598295" lon="121.398651693">
        <ele>5.4</ele>
        <time>2026-09-09T23:44:37+08:00</time>
        <extensions>
          <gpxtpx:TrackPointExtension>
            <gpxtpx:hr>168</gpxtpx:hr>
            <gpxtpx:cad>80</gpxtpx:cad>
          </gpxtpx:TrackPointExtension>
        </extensions>
      </trkpt>
      <trkpt lat="31.1275932658" lon="121.398678264">
        <ele>5.4</ele>
        <time>2026-09-09T23:44:38+08:00</time>
        <extensions>
          <gpxtpx:TrackPointExtension>
            <gpxtpx:hr>167</gpxtpx:hr>
            <gpxtpx:cad>80</gpxtpx:cad>
          </gpxtpx:TrackPointExtension>
        </extensions>
      </trkpt>
      <trkpt lat="31.1275782622" lon="121.398735009">
        <ele>5.4</ele>
        <time>2026-09-09T23:44:40+08:00</time>
        <extensions>
          <gpxtpx:TrackPointExtension>
            <gpxtpx:hr>163</gpxtpx:hr>
            <gpxtpx:cad>80</gpxtpx:cad>
          </gpxtpx:TrackPointExtension>
        </extensions>
      </trkpt>
      <trkpt lat="31.1275699642" lon="121.39876334">
        <ele>5.2</ele>
        <time>2026-09-09T23:44:41+08:00</time>
        <extensions>
          <gpxtpx:TrackPointExtension>
            <gpxtpx:hr>164</gpxtpx:hr>
            <gpxtpx:cad>80</gpxtpx:cad>
          </gpxtpx:TrackPointExtension>
        </extensions>
      </trkpt>
      <trkpt lat="31.1275650188" lon="121.398791671">
        <ele>5.2</ele>
        <time>2026-09-09T23:44:42+08:00</time>
        <extensions>
          <gpxtpx:TrackPointExtension>
            <gpxtpx:hr>165</gpxtpx:hr>
            <gpxtpx:cad>80</gpxtpx:cad>
          </gpxtpx:TrackPointExtension>
        </extensions>
      </trkpt>
      <trkpt lat="31.1275583133" lon="121.398820002">
        <ele>5.2</ele>
        <time>2026-09-09T23:44:43+08:00</time>
        <extensions>
          <gpxtpx:TrackPointExtension>
            <gpxtpx:hr>165</gpxtpx:hr>
            <gpxtpx:cad>80</gpxtpx:cad>
          </gpxtpx:TrackPointExtension>
        </extensions>
      </trkpt>
      <trkpt lat="31.1275567207" lon="121.398848332">
        <ele>5.4</ele>
        <time>2026-09-09T23:44:44+08:00</time>
        <extensions>
          <gpxtpx:TrackPointExtension>
            <gpxtpx:hr>165</gpxtpx:hr>
            <gpxtpx:cad>80</gpxtpx:cad>
          </gpxtpx:TrackPointExtension>
        </extensions>
      </trkpt>
      <trkpt lat="31.1275532842" lon="121.398880016">
        <ele>5.4</ele>
        <time>2026-09-09T23:44:45+08:00</time>
        <extensions>
          <gpxtpx:TrackPointExtension>
            <gpxtpx:hr>165</gpxtpx:hr>
            <gpxtpx:cad>80</gpxtpx:cad>
          </gpxtpx:TrackPointExtension>
        </extensions>
      </trkpt>
      <trkpt lat="31.1275449861" lon="121.398908263">
        <ele>5.4</ele>
        <time>2026-09-09T23:44:46+08:00</time>
        <extensions>
          <gpxtpx:TrackPointExtension>
            <gpxtpx:hr>166</gpxtpx:hr>
            <gpxtpx:cad>80</gpxtpx:cad>
          </gpxtpx:TrackPointExtension>
        </extensions>
      </trkpt>
      <trkpt lat="31.1275382806" lon="121.398933325">
        <ele>5.4</ele>
        <time>2026-09-09T23:44:47+08:00</time>
        <extensions>
          <gpxtpx:TrackPointExtension>
            <gpxtpx:hr>166</gpxtpx:hr>
            <gpxtpx:cad>80</gpxtpx:cad>
          </gpxtpx:TrackPointExtension>
        </extensions>
      </trkpt>
      <trkpt lat="31.1275299825" lon="121.398959979">
        <ele>5.4</ele>
        <time>2026-09-09T23:44:48+08:00</time>
        <extensions>
          <gpxtpx:TrackPointExtension>
            <gpxtpx:hr>166</gpxtpx:hr>
            <gpxtpx:cad>80</gpxtpx:cad>
          </gpxtpx:TrackPointExtension>
        </extensions>
      </trkpt>
      <trkpt lat="31.127523277" lon="121.398985041">
        <ele>5.2</ele>
        <time>2026-09-09T23:44:49+08:00</time>
        <extensions>
          <gpxtpx:TrackPointExtension>
            <gpxtpx:hr>166</gpxtpx:hr>
            <gpxtpx:cad>80</gpxtpx:cad>
          </gpxtpx:TrackPointExtension>
        </extensions>
      </trkpt>
      <trkpt lat="31.1275183316" lon="121.399011696">
        <ele>5.2</ele>
        <time>2026-09-09T23:44:50+08:00</time>
        <extensions>
          <gpxtpx:TrackPointExtension>
            <gpxtpx:hr>166</gpxtpx:hr>
            <gpxtpx:cad>80</gpxtpx:cad>
          </gpxtpx:TrackPointExtension>
        </extensions>
      </trkpt>
      <trkpt lat="31.1275149789" lon="121.399036674">
        <ele>5.2</ele>
        <time>2026-09-09T23:44:51+08:00</time>
        <extensions>
          <gpxtpx:TrackPointExtension>
            <gpxtpx:hr>166</gpxtpx:hr>
            <gpxtpx:cad>80</gpxtpx:cad>
          </gpxtpx:TrackPointExtension>
        </extensions>
      </trkpt>
      <trkpt lat="31.1275133025" lon="121.399063328">
        <ele>5.2</ele>
        <time>2026-09-09T23:44:52+08:00</time>
        <extensions>
          <gpxtpx:TrackPointExtension>
            <gpxtpx:hr>166</gpxtpx:hr>
            <gpxtpx:cad>80</gpxtpx:cad>
          </gpxtpx:TrackPointExtension>
        </extensions>
      </trkpt>
      <trkpt lat="31.1275117099" lon="121.399091659">
        <ele>5.2</ele>
        <time>2026-09-09T23:44:53+08:00</time>
        <extensions>
          <gpxtpx:TrackPointExtension>
            <gpxtpx:hr>167</gpxtpx:hr>
            <gpxtpx:cad>80</gpxtpx:cad>
          </gpxtpx:TrackPointExtension>
        </extensions>
      </trkpt>
      <trkpt lat="31.1275066808" lon="121.399121666">
        <ele>5.2</ele>
        <time>2026-09-09T23:44:54+08:00</time>
        <extensions>
          <gpxtpx:TrackPointExtension>
            <gpxtpx:hr>168</gpxtpx:hr>
            <gpxtpx:cad>80</gpxtpx:cad>
          </gpxtpx:TrackPointExtension>
        </extensions>
      </trkpt>
      <trkpt lat="31.1275066808" lon="121.399153266">
        <ele>5.2</ele>
        <time>2026-09-09T23:44:55+08:00</time>
        <extensions>
          <gpxtpx:TrackPointExtension>
            <gpxtpx:hr>168</gpxtpx:hr>
            <gpxtpx:cad>80</gpxtpx:cad>
          </gpxtpx:TrackPointExtension>
        </extensions>
      </trkpt>
      <trkpt lat="31.1275050044" lon="121.399185034">
        <ele>5.2</ele>
        <time>2026-09-09T23:44:56+08:00</time>
        <extensions>
          <gpxtpx:TrackPointExtension>
            <gpxtpx:hr>170</gpxtpx:hr>
            <gpxtpx:cad>80</gpxtpx:cad>
          </gpxtpx:TrackPointExtension>
        </extensions>
      </trkpt>
      <trkpt lat="31.127503328" lon="121.399216717">
        <ele>5.2</ele>
        <time>2026-09-09T23:44:57+08:00</time>
        <extensions>
          <gpxtpx:TrackPointExtension>
            <gpxtpx:hr>171</gpxtpx:hr>
            <gpxtpx:cad>80</gpxtpx:cad>
          </gpxtpx:TrackPointExtension>
        </extensions>
      </trkpt>
      <trkpt lat="31.1274982989" lon="121.399244964">
        <ele>5.2</ele>
        <time>2026-09-09T23:44:58+08:00</time>
        <extensions>
          <gpxtpx:TrackPointExtension>
            <gpxtpx:hr>171</gpxtpx:hr>
            <gpxtpx:cad>80</gpxtpx:cad>
          </gpxtpx:TrackPointExtension>
        </extensions>
      </trkpt>
      <trkpt lat="31.1274950299" lon="121.399276732">
        <ele>5.2</ele>
        <time>2026-09-09T23:44:59+08:00</time>
        <extensions>
          <gpxtpx:TrackPointExtension>
            <gpxtpx:hr>171</gpxtpx:hr>
            <gpxtpx:cad>80</gpxtpx:cad>
          </gpxtpx:TrackPointExtension>
        </extensions>
      </trkpt>
      <trkpt lat="31.1274932697" lon="121.399310008">
        <ele>5.4</ele>
        <time>2026-09-09T23:45:00+08:00</time>
        <extensions>
          <gpxtpx:TrackPointExtension>
            <gpxtpx:hr>172</gpxtpx:hr>
            <gpxtpx:cad>80</gpxtpx:cad>
          </gpxtpx:TrackPointExtension>
        </extensions>
      </trkpt>
      <trkpt lat="31.1274932697" lon="121.399343284">
        <ele>5.4</ele>
        <time>2026-09-09T23:45:01+08:00</time>
        <extensions>
          <gpxtpx:TrackPointExtension>
            <gpxtpx:hr>171</gpxtpx:hr>
            <gpxtpx:cad>81</gpxtpx:cad>
          </gpxtpx:TrackPointExtension>
        </extensions>
      </trkpt>
      <trkpt lat="31.1274900008" lon="121.39937832">
        <ele>5.2</ele>
        <time>2026-09-09T23:45:02+08:00</time>
        <extensions>
          <gpxtpx:TrackPointExtension>
            <gpxtpx:hr>172</gpxtpx:hr>
            <gpxtpx:cad>81</gpxtpx:cad>
          </gpxtpx:TrackPointExtension>
        </extensions>
      </trkpt>
      <trkpt lat="31.1274916772" lon="121.39941168">
        <ele>5.2</ele>
        <time>2026-09-09T23:45:03+08:00</time>
        <extensions>
          <gpxtpx:TrackPointExtension>
            <gpxtpx:hr>172</gpxtpx:hr>
            <gpxtpx:cad>81</gpxtpx:cad>
          </gpxtpx:TrackPointExtension>
        </extensions>
      </trkpt>
      <trkpt lat="31.1274916772" lon="121.39944328">
        <ele>5.2</ele>
        <time>2026-09-09T23:45:04+08:00</time>
        <extensions>
          <gpxtpx:TrackPointExtension>
            <gpxtpx:hr>171</gpxtpx:hr>
            <gpxtpx:cad>81</gpxtpx:cad>
          </gpxtpx:TrackPointExtension>
        </extensions>
      </trkpt>
      <trkpt lat="31.1274900008" lon="121.399503294">
        <ele>5.2</ele>
        <time>2026-09-09T23:45:06+08:00</time>
        <extensions>
          <gpxtpx:TrackPointExtension>
            <gpxtpx:hr>171</gpxtpx:hr>
            <gpxtpx:cad>81</gpxtpx:cad>
          </gpxtpx:TrackPointExtension>
        </extensions>
      </trkpt>
      <trkpt lat="31.1274867319" lon="121.399533302">
        <ele>5.2</ele>
        <time>2026-09-09T23:45:07+08:00</time>
        <extensions>
          <gpxtpx:TrackPointExtension>
            <gpxtpx:hr>172</gpxtpx:hr>
            <gpxtpx:cad>81</gpxtpx:cad>
          </gpxtpx:TrackPointExtension>
        </extensions>
      </trkpt>
      <trkpt lat="31.1274867319" lon="121.399563309">
        <ele>5.2</ele>
        <time>2026-09-09T23:45:08+08:00</time>
        <extensions>
          <gpxtpx:TrackPointExtension>
            <gpxtpx:hr>171</gpxtpx:hr>
            <gpxtpx:cad>81</gpxtpx:cad>
          </gpxtpx:TrackPointExtension>
        </extensions>
      </trkpt>
      <trkpt lat="31.1274849717" lon="121.399591723">
        <ele>5.2</ele>
        <time>2026-09-09T23:45:09+08:00</time>
        <extensions>
          <gpxtpx:TrackPointExtension>
            <gpxtpx:hr>172</gpxtpx:hr>
            <gpxtpx:cad>81</gpxtpx:cad>
          </gpxtpx:TrackPointExtension>
        </extensions>
      </trkpt>
      <trkpt lat="31.1274800263" lon="121.399625">
        <ele>5.0</ele>
        <time>2026-09-09T23:45:10+08:00</time>
        <extensions>
          <gpxtpx:TrackPointExtension>
            <gpxtpx:hr>173</gpxtpx:hr>
            <gpxtpx:cad>81</gpxtpx:cad>
          </gpxtpx:TrackPointExtension>
        </extensions>
      </trkpt>
      <trkpt lat="31.1274766736" lon="121.399661712">
        <ele>5.0</ele>
        <time>2026-09-09T23:45:11+08:00</time>
        <extensions>
          <gpxtpx:TrackPointExtension>
            <gpxtpx:hr>173</gpxtpx:hr>
            <gpxtpx:cad>81</gpxtpx:cad>
          </gpxtpx:TrackPointExtension>
        </extensions>
      </trkpt>
      <trkpt lat="31.1274717283" lon="121.399700018">
        <ele>5.2</ele>
        <time>2026-09-09T23:45:12+08:00</time>
        <extensions>
          <gpxtpx:TrackPointExtension>
            <gpxtpx:hr>172</gpxtpx:hr>
            <gpxtpx:cad>81</gpxtpx:cad>
          </gpxtpx:TrackPointExtension>
        </extensions>
      </trkpt>
      <trkpt lat="31.1274650227" lon="121.39973497">
        <ele>5.2</ele>
        <time>2026-09-09T23:45:13+08:00</time>
        <extensions>
          <gpxtpx:TrackPointExtension>
            <gpxtpx:hr>172</gpxtpx:hr>
            <gpxtpx:cad>81</gpxtpx:cad>
          </gpxtpx:TrackPointExtension>
        </extensions>
      </trkpt>
      <trkpt lat="31.1274599936" lon="121.399771683">
        <ele>5.2</ele>
        <time>2026-09-09T23:45:14+08:00</time>
        <extensions>
          <gpxtpx:TrackPointExtension>
            <gpxtpx:hr>172</gpxtpx:hr>
            <gpxtpx:cad>81</gpxtpx:cad>
          </gpxtpx:TrackPointExtension>
        </extensions>
      </trkpt>
      <trkpt lat="31.1274567246" lon="121.399808312">
        <ele>5.2</ele>
        <time>2026-09-09T23:45:15+08:00</time>
        <extensions>
          <gpxtpx:TrackPointExtension>
            <gpxtpx:hr>172</gpxtpx:hr>
            <gpxtpx:cad>81</gpxtpx:cad>
          </gpxtpx:TrackPointExtension>
        </extensions>
      </trkpt>
      <trkpt lat="31.1274599936" lon="121.399846701">
        <ele>5.2</ele>
        <time>2026-09-09T23:45:16+08:00</time>
        <extensions>
          <gpxtpx:TrackPointExtension>
            <gpxtpx:hr>172</gpxtpx:hr>
            <gpxtpx:cad>82</gpxtpx:cad>
          </gpxtpx:TrackPointExtension>
        </extensions>
      </trkpt>
      <trkpt lat="31.1274632625" lon="121.399885006">
        <ele>5.2</ele>
        <time>2026-09-09T23:45:17+08:00</time>
        <extensions>
          <gpxtpx:TrackPointExtension>
            <gpxtpx:hr>172</gpxtpx:hr>
            <gpxtpx:cad>82</gpxtpx:cad>
          </gpxtpx:TrackPointExtension>
        </extensions>
      </trkpt>
      <trkpt lat="31.1274650227" lon="121.399924988">
        <ele>5.2</ele>
        <time>2026-09-09T23:45:18+08:00</time>
        <extensions>
          <gpxtpx:TrackPointExtension>
            <gpxtpx:hr>172</gpxtpx:hr>
            <gpxtpx:cad>83</gpxtpx:cad>
          </gpxtpx:TrackPointExtension>
        </extensions>
      </trkpt>
      <trkpt lat="31.1274650227" lon="121.399961701">
        <ele>5.2</ele>
        <time>2026-09-09T23:45:19+08:00</time>
        <extensions>
          <gpxtpx:TrackPointExtension>
            <gpxtpx:hr>172</gpxtpx:hr>
            <gpxtpx:cad>83</gpxtpx:cad>
          </gpxtpx:TrackPointExtension>
        </extensions>
      </trkpt>
      <trkpt lat="31.1274650227" lon="121.39999833">
        <ele>5.2</ele>
        <time>2026-09-09T23:45:20+08:00</time>
        <extensions>
          <gpxtpx:TrackPointExtension>
            <gpxtpx:hr>172</gpxtpx:hr>
            <gpxtpx:cad>84</gpxtpx:cad>
          </gpxtpx:TrackPointExtension>
        </extensions>
      </trkpt>
      <trkpt lat="31.1274632625" lon="121.400034958">
        <ele>5.2</ele>
        <time>2026-09-09T23:45:21+08:00</time>
        <extensions>
          <gpxtpx:TrackPointExtension>
            <gpxtpx:hr>172</gpxtpx:hr>
            <gpxtpx:cad>84</gpxtpx:cad>
          </gpxtpx:TrackPointExtension>
        </extensions>
      </trkpt>
      <trkpt lat="31.12746167" lon="121.400069995">
        <ele>5.2</ele>
        <time>2026-09-09T23:45:22+08:00</time>
        <extensions>
          <gpxtpx:TrackPointExtension>
            <gpxtpx:hr>172</gpxtpx:hr>
            <gpxtpx:cad>84</gpxtpx:cad>
          </gpxtpx:TrackPointExtension>
        </extensions>
      </trkpt>
      <trkpt lat="31.12746167" lon="121.400101678">
        <ele>5.2</ele>
        <time>2026-09-09T23:45:23+08:00</time>
        <extensions>
          <gpxtpx:TrackPointExtension>
            <gpxtpx:hr>172</gpxtpx:hr>
            <gpxtpx:cad>84</gpxtpx:cad>
          </gpxtpx:TrackPointExtension>
        </extensions>
      </trkpt>
      <trkpt lat="31.1274632625" lon="121.400133278">
        <ele>5.0</ele>
        <time>2026-09-09T23:45:24+08:00</time>
        <extensions>
          <gpxtpx:TrackPointExtension>
            <gpxtpx:hr>172</gpxtpx:hr>
            <gpxtpx:cad>84</gpxtpx:cad>
          </gpxtpx:TrackPointExtension>
        </extensions>
      </trkpt>
      <trkpt lat="31.12746167" lon="121.400168315">
        <ele>5.2</ele>
        <time>2026-09-09T23:45:25+08:00</time>
        <extensions>
          <gpxtpx:TrackPointExtension>
            <gpxtpx:hr>172</gpxtpx:hr>
            <gpxtpx:cad>84</gpxtpx:cad>
          </gpxtpx:TrackPointExtension>
        </extensions>
      </trkpt>
      <trkpt lat="31.1274650227" lon="121.400203267">
        <ele>5.2</ele>
        <time>2026-09-09T23:45:26+08:00</time>
        <extensions>
          <gpxtpx:TrackPointExtension>
            <gpxtpx:hr>173</gpxtpx:hr>
            <gpxtpx:cad>84</gpxtpx:cad>
          </gpxtpx:TrackPointExtension>
        </extensions>
      </trkpt>
      <trkpt lat="31.1274699681" lon="121.40023998">
        <ele>5.2</ele>
        <time>2026-09-09T23:45:27+08:00</time>
        <extensions>
          <gpxtpx:TrackPointExtension>
            <gpxtpx:hr>173</gpxtpx:hr>
            <gpxtpx:cad>84</gpxtpx:cad>
          </gpxtpx:TrackPointExtension>
        </extensions>
      </trkpt>
      <trkpt lat="31.1274717283" lon="121.40027334">
        <ele>5.2</ele>
        <time>2026-09-09T23:45:28+08:00</time>
        <extensions>
          <gpxtpx:TrackPointExtension>
            <gpxtpx:hr>173</gpxtpx:hr>
            <gpxtpx:cad>84</gpxtpx:cad>
          </gpxtpx:TrackPointExtension>
        </extensions>
      </trkpt>
      <trkpt lat="31.1274699681" lon="121.400308292">
        <ele>5.2</ele>
        <time>2026-09-09T23:45:29+08:00</time>
        <extensions>
          <gpxtpx:TrackPointExtension>
            <gpxtpx:hr>173</gpxtpx:hr>
            <gpxtpx:cad>84</gpxtpx:cad>
          </gpxtpx:TrackPointExtension>
        </extensions>
      </trkpt>
      <trkpt lat="31.1274666991" lon="121.400384987">
        <ele>5.2</ele>
        <time>2026-09-09T23:45:31+08:00</time>
        <extensions>
          <gpxtpx:TrackPointExtension>
            <gpxtpx:hr>174</gpxtpx:hr>
            <gpxtpx:cad>84</gpxtpx:cad>
          </gpxtpx:TrackPointExtension>
        </extensions>
      </trkpt>
      <trkpt lat="31.1274666991" lon="121.400424968">
        <ele>5.2</ele>
        <time>2026-09-09T23:45:32+08:00</time>
        <extensions>
          <gpxtpx:TrackPointExtension>
            <gpxtpx:hr>174</gpxtpx:hr>
            <gpxtpx:cad>84</gpxtpx:cad>
          </gpxtpx:TrackPointExtension>
        </extensions>
      </trkpt>
      <trkpt lat="31.1274650227" lon="121.400456736">
        <ele>5.2</ele>
        <time>2026-09-09T23:45:33+08:00</time>
        <extensions>
          <gpxtpx:TrackPointExtension>
            <gpxtpx:hr>174</gpxtpx:hr>
            <gpxtpx:cad>84</gpxtpx:cad>
          </gpxtpx:TrackPointExtension>
        </extensions>
      </trkpt>
      <trkpt lat="31.1274650227" lon="121.400491688">
        <ele>5.2</ele>
        <time>2026-09-09T23:45:34+08:00</time>
        <extensions>
          <gpxtpx:TrackPointExtension>
            <gpxtpx:hr>175</gpxtpx:hr>
            <gpxtpx:cad>84</gpxtpx:cad>
          </gpxtpx:TrackPointExtension>
        </extensions>
      </trkpt>
      <trkpt lat="31.1274632625" lon="121.400523288">
        <ele>5.2</ele>
        <time>2026-09-09T23:45:35+08:00</time>
        <extensions>
          <gpxtpx:TrackPointExtension>
            <gpxtpx:hr>175</gpxtpx:hr>
            <gpxtpx:cad>84</gpxtpx:cad>
          </gpxtpx:TrackPointExtension>
        </extensions>
      </trkpt>
      <trkpt lat="31.12746167" lon="121.400553295">
        <ele>5.2</ele>
        <time>2026-09-09T23:45:36+08:00</time>
        <extensions>
          <gpxtpx:TrackPointExtension>
            <gpxtpx:hr>175</gpxtpx:hr>
            <gpxtpx:cad>84</gpxtpx:cad>
          </gpxtpx:TrackPointExtension>
        </extensions>
      </trkpt>
      <trkpt lat="31.1274599936" lon="121.400586739">
        <ele>5.2</ele>
        <time>2026-09-09T23:45:37+08:00</time>
        <extensions>
          <gpxtpx:TrackPointExtension>
            <gpxtpx:hr>175</gpxtpx:hr>
            <gpxtpx:cad>84</gpxtpx:cad>
          </gpxtpx:TrackPointExtension>
        </extensions>
      </trkpt>
      <trkpt lat="31.1274583172" lon="121.400616663">
        <ele>5.2</ele>
        <time>2026-09-09T23:45:38+08:00</time>
        <extensions>
          <gpxtpx:TrackPointExtension>
            <gpxtpx:hr>176</gpxtpx:hr>
            <gpxtpx:cad>84</gpxtpx:cad>
          </gpxtpx:TrackPointExtension>
        </extensions>
      </trkpt>
      <trkpt lat="31.1274583172" lon="121.400654968">
        <ele>5.4</ele>
        <time>2026-09-09T23:45:39+08:00</time>
        <extensions>
          <gpxtpx:TrackPointExtension>
            <gpxtpx:hr>176</gpxtpx:hr>
            <gpxtpx:cad>84</gpxtpx:cad>
          </gpxtpx:TrackPointExtension>
        </extensions>
      </trkpt>
      <trkpt lat="31.1274583172" lon="121.400688328">
        <ele>5.4</ele>
        <time>2026-09-09T23:45:40+08:00</time>
        <extensions>
          <gpxtpx:TrackPointExtension>
            <gpxtpx:hr>176</gpxtpx:hr>
            <gpxtpx:cad>84</gpxtpx:cad>
          </gpxtpx:TrackPointExtension>
        </extensions>
      </trkpt>
      <trkpt lat="31.1274599936" lon="121.40072831">
        <ele>5.4</ele>
        <time>2026-09-09T23:45:41+08:00</time>
        <extensions>
          <gpxtpx:TrackPointExtension>
            <gpxtpx:hr>176</gpxtpx:hr>
            <gpxtpx:cad>84</gpxtpx:cad>
          </gpxtpx:TrackPointExtension>
        </extensions>
      </trkpt>
      <trkpt lat="31.1274632625" lon="121.400766699">
        <ele>5.4</ele>
        <time>2026-09-09T23:45:42+08:00</time>
        <extensions>
          <gpxtpx:TrackPointExtension>
            <gpxtpx:hr>176</gpxtpx:hr>
            <gpxtpx:cad>84</gpxtpx:cad>
          </gpxtpx:TrackPointExtension>
        </extensions>
      </trkpt>
      <trkpt lat="31.12746167" lon="121.400803328">
        <ele>5.4</ele>
        <time>2026-09-09T23:45:43+08:00</time>
        <extensions>
          <gpxtpx:TrackPointExtension>
            <gpxtpx:hr>176</gpxtpx:hr>
            <gpxtpx:cad>84</gpxtpx:cad>
          </gpxtpx:TrackPointExtension>
        </extensions>
      </trkpt>
      <trkpt lat="31.1274599936" lon="121.400844986">
        <ele>5.4</ele>
        <time>2026-09-09T23:45:44+08:00</time>
        <extensions>
          <gpxtpx:TrackPointExtension>
            <gpxtpx:hr>176</gpxtpx:hr>
            <gpxtpx:cad>84</gpxtpx:cad>
          </gpxtpx:TrackPointExtension>
        </extensions>
      </trkpt>
      <trkpt lat="31.12746167" lon="121.400881698">
        <ele>5.6</ele>
        <time>2026-09-09T23:45:45+08:00</time>
        <extensions>
          <gpxtpx:TrackPointExtension>
            <gpxtpx:hr>176</gpxtpx:hr>
            <gpxtpx:cad>84</gpxtpx:cad>
          </gpxtpx:TrackPointExtension>
        </extensions>
      </trkpt>
      <trkpt lat="31.1274599936" lon="121.400918327">
        <ele>5.6</ele>
        <time>2026-09-09T23:45:46+08:00</time>
        <extensions>
          <gpxtpx:TrackPointExtension>
            <gpxtpx:hr>176</gpxtpx:hr>
            <gpxtpx:cad>84</gpxtpx:cad>
          </gpxtpx:TrackPointExtension>
        </extensions>
      </trkpt>
      <trkpt lat="31.1274583172" lon="121.40095328">
        <ele>5.6</ele>
        <time>2026-09-09T23:45:47+08:00</time>
        <extensions>
          <gpxtpx:TrackPointExtension>
            <gpxtpx:hr>176</gpxtpx:hr>
            <gpxtpx:cad>84</gpxtpx:cad>
          </gpxtpx:TrackPointExtension>
        </extensions>
      </trkpt>
      <trkpt lat="31.12746167" lon="121.400988316">
        <ele>5.6</ele>
        <time>2026-09-09T23:45:48+08:00</time>
        <extensions>
          <gpxtpx:TrackPointExtension>
            <gpxtpx:hr>176</gpxtpx:hr>
            <gpxtpx:cad>84</gpxtpx:cad>
          </gpxtpx:TrackPointExtension>
        </extensions>
      </trkpt>
      <trkpt lat="31.1274666991" lon="121.401025029">
        <ele>5.6</ele>
        <time>2026-09-09T23:45:49+08:00</time>
        <extensions>
          <gpxtpx:TrackPointExtension>
            <gpxtpx:hr>176</gpxtpx:hr>
            <gpxtpx:cad>84</gpxtpx:cad>
          </gpxtpx:TrackPointExtension>
        </extensions>
      </trkpt>
      <trkpt lat="31.1274717283" lon="121.401059981">
        <ele>5.6</ele>
        <time>2026-09-09T23:45:50+08:00</time>
        <extensions>
          <gpxtpx:TrackPointExtension>
            <gpxtpx:hr>177</gpxtpx:hr>
            <gpxtpx:cad>84</gpxtpx:cad>
          </gpxtpx:TrackPointExtension>
        </extensions>
      </trkpt>
      <trkpt lat="31.1274733208" lon="121.401095018">
        <ele>5.6</ele>
        <time>2026-09-09T23:45:51+08:00</time>
        <extensions>
          <gpxtpx:TrackPointExtension>
            <gpxtpx:hr>177</gpxtpx:hr>
            <gpxtpx:cad>84</gpxtpx:cad>
          </gpxtpx:TrackPointExtension>
        </extensions>
      </trkpt>
      <trkpt lat="31.1274749972" lon="121.40112997">
        <ele>5.6</ele>
        <time>2026-09-09T23:45:52+08:00</time>
        <extensions>
          <gpxtpx:TrackPointExtension>
            <gpxtpx:hr>178</gpxtpx:hr>
            <gpxtpx:cad>84</gpxtpx:cad>
          </gpxtpx:TrackPointExtension>
        </extensions>
      </trkpt>
      <trkpt lat="31.1274766736" lon="121.40116333">
        <ele>5.6</ele>
        <time>2026-09-09T23:45:53+08:00</time>
        <extensions>
          <gpxtpx:TrackPointExtension>
            <gpxtpx:hr>179</gpxtpx:hr>
            <gpxtpx:cad>84</gpxtpx:cad>
          </gpxtpx:TrackPointExtension>
        </extensions>
      </trkpt>
      <trkpt lat="31.1274800263" lon="121.401198283">
        <ele>5.8</ele>
        <time>2026-09-09T23:45:54+08:00</time>
        <extensions>
          <gpxtpx:TrackPointExtension>
            <gpxtpx:hr>179</gpxtpx:hr>
            <gpxtpx:cad>84</gpxtpx:cad>
          </gpxtpx:TrackPointExtension>
        </extensions>
      </trkpt>
      <trkpt lat="31.1274867319" lon="121.401229966">
        <ele>5.8</ele>
        <time>2026-09-09T23:45:55+08:00</time>
        <extensions>
          <gpxtpx:TrackPointExtension>
            <gpxtpx:hr>179</gpxtpx:hr>
            <gpxtpx:cad>84</gpxtpx:cad>
          </gpxtpx:TrackPointExtension>
        </extensions>
      </trkpt>
      <trkpt lat="31.1274916772" lon="121.401301716">
        <ele>5.6</ele>
        <time>2026-09-09T23:45:57+08:00</time>
        <extensions>
          <gpxtpx:TrackPointExtension>
            <gpxtpx:hr>180</gpxtpx:hr>
            <gpxtpx:cad>84</gpxtpx:cad>
          </gpxtpx:TrackPointExtension>
        </extensions>
      </trkpt>
      <trkpt lat="31.1274967063" lon="121.401336668">
        <ele>5.6</ele>
        <time>2026-09-09T23:45:58+08:00</time>
        <extensions>
          <gpxtpx:TrackPointExtension>
            <gpxtpx:hr>180</gpxtpx:hr>
            <gpxtpx:cad>84</gpxtpx:cad>
          </gpxtpx:TrackPointExtension>
        </extensions>
      </trkpt>
      <trkpt lat="31.1275017355" lon="121.401371704">
        <ele>5.6</ele>
        <time>2026-09-09T23:45:59+08:00</time>
        <extensions>
          <gpxtpx:TrackPointExtension>
            <gpxtpx:hr>180</gpxtpx:hr>
            <gpxtpx:cad>84</gpxtpx:cad>
          </gpxtpx:TrackPointExtension>
        </extensions>
      </trkpt>
      <trkpt lat="31.1275082733" lon="121.401403304">
        <ele>5.6</ele>
        <time>2026-09-09T23:46:00+08:00</time>
        <extensions>
          <gpxtpx:TrackPointExtension>
            <gpxtpx:hr>180</gpxtpx:hr>
            <gpxtpx:cad>84</gpxtpx:cad>
          </gpxtpx:TrackPointExtension>
        </extensions>
      </trkpt>
      <trkpt lat="31.1275183316" lon="121.401433311">
        <ele>5.4</ele>
        <time>2026-09-09T23:46:01+08:00</time>
        <extensions>
          <gpxtpx:TrackPointExtension>
            <gpxtpx:hr>180</gpxtpx:hr>
            <gpxtpx:cad>84</gpxtpx:cad>
          </gpxtpx:TrackPointExtension>
        </extensions>
      </trkpt>
      <trkpt lat="31.127536688" lon="121.401458289">
        <ele>5.4</ele>
        <time>2026-09-09T23:46:02+08:00</time>
        <extensions>
          <gpxtpx:TrackPointExtension>
            <gpxtpx:hr>181</gpxtpx:hr>
            <gpxtpx:cad>84</gpxtpx:cad>
          </gpxtpx:TrackPointExtension>
        </extensions>
      </trkpt>
      <trkpt lat="31.1275549605" lon="121.401479999">
        <ele>5.6</ele>
        <time>2026-09-09T23:46:03+08:00</time>
        <extensions>
          <gpxtpx:TrackPointExtension>
            <gpxtpx:hr>181</gpxtpx:hr>
            <gpxtpx:cad>84</gpxtpx:cad>
          </gpxtpx:TrackPointExtension>
        </extensions>
      </trkpt>
      <trkpt lat="31.1275699642" lon="121.401498271">
        <ele>5.6</ele>
        <time>2026-09-09T23:46:04+08:00</time>
        <extensions>
          <gpxtpx:TrackPointExtension>
            <gpxtpx:hr>181</gpxtpx:hr>
            <gpxtpx:cad>84</gpxtpx:cad>
          </gpxtpx:TrackPointExtension>
        </extensions>
      </trkpt>
      <trkpt lat="31.1275883205" lon="121.401511682">
        <ele>5.6</ele>
        <time>2026-09-09T23:46:05+08:00</time>
        <extensions>
          <gpxtpx:TrackPointExtension>
            <gpxtpx:hr>181</gpxtpx:hr>
            <gpxtpx:cad>84</gpxtpx:cad>
          </gpxtpx:TrackPointExtension>
        </extensions>
      </trkpt>
      <trkpt lat="31.1276183277" lon="121.40152174">
        <ele>5.6</ele>
        <time>2026-09-09T23:46:06+08:00</time>
        <extensions>
          <gpxtpx:TrackPointExtension>
            <gpxtpx:hr>181</gpxtpx:hr>
            <gpxtpx:cad>84</gpxtpx:cad>
          </gpxtpx:TrackPointExtension>
        </extensions>
      </trkpt>
      <trkpt lat="31.127648335" lon="121.401526686">
        <ele>5.6</ele>
        <time>2026-09-09T23:46:07+08:00</time>
        <extensions>
          <gpxtpx:TrackPointExtension>
            <gpxtpx:hr>181</gpxtpx:hr>
            <gpxtpx:cad>84</gpxtpx:cad>
          </gpxtpx:TrackPointExtension>
        </extensions>
      </trkpt>
      <trkpt lat="31.127673313" lon="121.401528278">
        <ele>5.6</ele>
        <time>2026-09-09T23:46:08+08:00</time>
        <extensions>
          <gpxtpx:TrackPointExtension>
            <gpxtpx:hr>181</gpxtpx:hr>
            <gpxtpx:cad>83</gpxtpx:cad>
          </gpxtpx:TrackPointExtension>
        </extensions>
      </trkpt>
      <trkpt lat="31.1277017277" lon="121.401530039">
        <ele>5.4</ele>
        <time>2026-09-09T23:46:09+08:00</time>
        <extensions>
          <gpxtpx:TrackPointExtension>
            <gpxtpx:hr>180</gpxtpx:hr>
            <gpxtpx:cad>83</gpxtpx:cad>
          </gpxtpx:TrackPointExtension>
        </extensions>
      </trkpt>
      <trkpt lat="31.1277267057" lon="121.401528278">
        <ele>5.6</ele>
        <time>2026-09-09T23:46:10+08:00</time>
        <extensions>
          <gpxtpx:TrackPointExtension>
            <gpxtpx:hr>181</gpxtpx:hr>
            <gpxtpx:cad>83</gpxtpx:cad>
          </gpxtpx:TrackPointExtension>
        </extensions>
      </trkpt>
      <trkpt lat="31.1277516838" lon="121.401531715">
        <ele>5.6</ele>
        <time>2026-09-09T23:46:11+08:00</time>
        <extensions>
          <gpxtpx:TrackPointExtension>
            <gpxtpx:hr>181</gpxtpx:hr>
            <gpxtpx:cad>83</gpxtpx:cad>
          </gpxtpx:TrackPointExtension>
        </extensions>
      </trkpt>
      <trkpt lat="31.127781691" lon="121.401534984">
        <ele>5.4</ele>
        <time>2026-09-09T23:46:12+08:00</time>
        <extensions>
          <gpxtpx:TrackPointExtension>
            <gpxtpx:hr>181</gpxtpx:hr>
            <gpxtpx:cad>83</gpxtpx:cad>
          </gpxtpx:TrackPointExtension>
        </extensions>
      </trkpt>
      <trkpt lat="31.1278082617" lon="121.401540013">
        <ele>5.4</ele>
        <time>2026-09-09T23:46:13+08:00</time>
        <extensions>
          <gpxtpx:TrackPointExtension>
            <gpxtpx:hr>182</gpxtpx:hr>
            <gpxtpx:cad>83</gpxtpx:cad>
          </gpxtpx:TrackPointExtension>
        </extensions>
      </trkpt>
      <trkpt lat="31.127831731" lon="121.401540013">
        <ele>5.4</ele>
        <time>2026-09-09T23:46:14+08:00</time>
        <extensions>
          <gpxtpx:TrackPointExtension>
            <gpxtpx:hr>182</gpxtpx:hr>
            <gpxtpx:cad>83</gpxtpx:cad>
          </gpxtpx:TrackPointExtension>
        </extensions>
      </trkpt>
      <trkpt lat="31.1278532725" lon="121.401540013">
        <ele>5.4</ele>
        <time>2026-09-09T23:46:15+08:00</time>
        <extensions>
          <gpxtpx:TrackPointExtension>
            <gpxtpx:hr>183</gpxtpx:hr>
            <gpxtpx:cad>83</gpxtpx:cad>
          </gpxtpx:TrackPointExtension>
        </extensions>
      </trkpt>
      <trkpt lat="31.1278767418" lon="121.401538337">
        <ele>5.4</ele>
        <time>2026-09-09T23:46:16+08:00</time>
        <extensions>
          <gpxtpx:TrackPointExtension>
            <gpxtpx:hr>183</gpxtpx:hr>
            <gpxtpx:cad>83</gpxtpx:cad>
          </gpxtpx:TrackPointExtension>
        </extensions>
      </trkpt>
      <trkpt lat="31.1279033124" lon="121.401533308">
        <ele>5.4</ele>
        <time>2026-09-09T23:46:17+08:00</time>
        <extensions>
          <gpxtpx:TrackPointExtension>
            <gpxtpx:hr>183</gpxtpx:hr>
            <gpxtpx:cad>83</gpxtpx:cad>
          </gpxtpx:TrackPointExtension>
        </extensions>
      </trkpt>
      <trkpt lat="31.1279299669" lon="121.401530039">
        <ele>5.6</ele>
        <time>2026-09-09T23:46:18+08:00</time>
        <extensions>
          <gpxtpx:TrackPointExtension>
            <gpxtpx:hr>183</gpxtpx:hr>
            <gpxtpx:cad>83</gpxtpx:cad>
          </gpxtpx:TrackPointExtension>
        </extensions>
      </trkpt>
      <trkpt lat="31.1279567052" lon="121.401523333">
        <ele>5.6</ele>
        <time>2026-09-09T23:46:19+08:00</time>
        <extensions>
          <gpxtpx:TrackPointExtension>
            <gpxtpx:hr>183</gpxtpx:hr>
            <gpxtpx:cad>82</gpxtpx:cad>
          </gpxtpx:TrackPointExtension>
        </extensions>
      </trkpt>
      <trkpt lat="31.1279816832" lon="121.401516711">
        <ele>5.6</ele>
        <time>2026-09-09T23:46:20+08:00</time>
        <extensions>
          <gpxtpx:TrackPointExtension>
            <gpxtpx:hr>183</gpxtpx:hr>
            <gpxtpx:cad>82</gpxtpx:cad>
          </gpxtpx:TrackPointExtension>
        </extensions>
      </trkpt>
      <trkpt lat="31.1280083377" lon="121.401506737">
        <ele>5.6</ele>
        <time>2026-09-09T23:46:21+08:00</time>
        <extensions>
          <gpxtpx:TrackPointExtension>
            <gpxtpx:hr>183</gpxtpx:hr>
            <gpxtpx:cad>82</gpxtpx:cad>
          </gpxtpx:TrackPointExtension>
        </extensions>
      </trkpt>
      <trkpt lat="31.1280366685" lon="121.401498271">
        <ele>5.6</ele>
        <time>2026-09-09T23:46:22+08:00</time>
        <extensions>
          <gpxtpx:TrackPointExtension>
            <gpxtpx:hr>183</gpxtpx:hr>
            <gpxtpx:cad>82</gpxtpx:cad>
          </gpxtpx:TrackPointExtension>
        </extensions>
      </trkpt>
      <trkpt lat="31.1280700285" lon="121.401486704">
        <ele>5.6</ele>
        <time>2026-09-09T23:46:23+08:00</time>
        <extensions>
          <gpxtpx:TrackPointExtension>
            <gpxtpx:hr>184</gpxtpx:hr>
            <gpxtpx:cad>82</gpxtpx:cad>
          </gpxtpx:TrackPointExtension>
        </extensions>
      </trkpt>
      <trkpt lat="31.1280950066" lon="121.401485028">
        <ele>5.6</ele>
        <time>2026-09-09T23:46:24+08:00</time>
        <extensions>
          <gpxtpx:TrackPointExtension>
            <gpxtpx:hr>183</gpxtpx:hr>
            <gpxtpx:cad>82</gpxtpx:cad>
          </gpxtpx:TrackPointExtension>
        </extensions>
      </trkpt>
      <trkpt lat="31.128121661" lon="121.401478322">
        <ele>5.6</ele>
        <time>2026-09-09T23:46:25+08:00</time>
        <extensions>
          <gpxtpx:TrackPointExtension>
            <gpxtpx:hr>183</gpxtpx:hr>
            <gpxtpx:cad>82</gpxtpx:cad>
          </gpxtpx:TrackPointExtension>
        </extensions>
      </trkpt>
      <trkpt lat="31.1281499919" lon="121.401471701">
        <ele>5.6</ele>
        <time>2026-09-09T23:46:26+08:00</time>
        <extensions>
          <gpxtpx:TrackPointExtension>
            <gpxtpx:hr>183</gpxtpx:hr>
            <gpxtpx:cad>82</gpxtpx:cad>
          </gpxtpx:TrackPointExtension>
        </extensions>
      </trkpt>
      <trkpt lat="31.1281732935" lon="121.401464995">
        <ele>5.6</ele>
        <time>2026-09-09T23:46:27+08:00</time>
        <extensions>
          <gpxtpx:TrackPointExtension>
            <gpxtpx:hr>183</gpxtpx:hr>
            <gpxtpx:cad>82</gpxtpx:cad>
          </gpxtpx:TrackPointExtension>
        </extensions>
      </trkpt>
      <trkpt lat="31.1281982716" lon="121.401463319">
        <ele>5.6</ele>
        <time>2026-09-09T23:46:28+08:00</time>
        <extensions>
          <gpxtpx:TrackPointExtension>
            <gpxtpx:hr>183</gpxtpx:hr>
            <gpxtpx:cad>82</gpxtpx:cad>
          </gpxtpx:TrackPointExtension>
        </extensions>
      </trkpt>
      <trkpt lat="31.1282550171" lon="121.401468264">
        <ele>5.6</ele>
        <time>2026-09-09T23:46:30+08:00</time>
        <extensions>
          <gpxtpx:TrackPointExtension>
            <gpxtpx:hr>183</gpxtpx:hr>
            <gpxtpx:cad>82</gpxtpx:cad>
          </gpxtpx:TrackPointExtension>
        </extensions>
      </trkpt>
      <trkpt lat="31.1282816716" lon="121.401471701">
        <ele>5.6</ele>
        <time>2026-09-09T23:46:31+08:00</time>
        <extensions>
          <gpxtpx:TrackPointExtension>
            <gpxtpx:hr>183</gpxtpx:hr>
            <gpxtpx:cad>82</gpxtpx:cad>
          </gpxtpx:TrackPointExtension>
        </extensions>
      </trkpt>
      <trkpt lat="31.1283067334" lon="121.401471701">
        <ele>5.6</ele>
        <time>2026-09-09T23:46:32+08:00</time>
        <extensions>
          <gpxtpx:TrackPointExtension>
            <gpxtpx:hr>183</gpxtpx:hr>
            <gpxtpx:cad>82</gpxtpx:cad>
          </gpxtpx:TrackPointExtension>
        </extensions>
      </trkpt>
      <trkpt lat="31.1283317115" lon="121.401464995">
        <ele>5.6</ele>
        <time>2026-09-09T23:46:33+08:00</time>
        <extensions>
          <gpxtpx:TrackPointExtension>
            <gpxtpx:hr>183</gpxtpx:hr>
            <gpxtpx:cad>82</gpxtpx:cad>
          </gpxtpx:TrackPointExtension>
        </extensions>
      </trkpt>
      <trkpt lat="31.1283599585" lon="121.401459966">
        <ele>5.6</ele>
        <time>2026-09-09T23:46:34+08:00</time>
        <extensions>
          <gpxtpx:TrackPointExtension>
            <gpxtpx:hr>183</gpxtpx:hr>
            <gpxtpx:cad>82</gpxtpx:cad>
          </gpxtpx:TrackPointExtension>
        </extensions>
      </trkpt>
      <trkpt lat="31.1283850204" lon="121.401455021">
        <ele>5.8</ele>
        <time>2026-09-09T23:46:35+08:00</time>
        <extensions>
          <gpxtpx:TrackPointExtension>
            <gpxtpx:hr>183</gpxtpx:hr>
            <gpxtpx:cad>82</gpxtpx:cad>
          </gpxtpx:TrackPointExtension>
        </extensions>
      </trkpt>
      <trkpt lat="31.1284116749" lon="121.401448315">
        <ele>5.6</ele>
        <time>2026-09-09T23:46:36+08:00</time>
        <extensions>
          <gpxtpx:TrackPointExtension>
            <gpxtpx:hr>184</gpxtpx:hr>
            <gpxtpx:cad>82</gpxtpx:cad>
          </gpxtpx:TrackPointExtension>
        </extensions>
      </trkpt>
      <trkpt lat="31.1284333002" lon="121.401441693">
        <ele>5.6</ele>
        <time>2026-09-09T23:46:37+08:00</time>
        <extensions>
          <gpxtpx:TrackPointExtension>
            <gpxtpx:hr>183</gpxtpx:hr>
            <gpxtpx:cad>82</gpxtpx:cad>
          </gpxtpx:TrackPointExtension>
        </extensions>
      </trkpt>
      <trkpt lat="31.1284550093" lon="121.401438341">
        <ele>5.6</ele>
        <time>2026-09-09T23:46:38+08:00</time>
        <extensions>
          <gpxtpx:TrackPointExtension>
            <gpxtpx:hr>184</gpxtpx:hr>
            <gpxtpx:cad>82</gpxtpx:cad>
          </gpxtpx:TrackPointExtension>
        </extensions>
      </trkpt>
      <trkpt lat="31.1284749582" lon="121.401436664">
        <ele>5.6</ele>
        <time>2026-09-09T23:46:39+08:00</time>
        <extensions>
          <gpxtpx:TrackPointExtension>
            <gpxtpx:hr>184</gpxtpx:hr>
            <gpxtpx:cad>82</gpxtpx:cad>
          </gpxtpx:TrackPointExtension>
        </extensions>
      </trkpt>
      <trkpt lat="31.128494991" lon="121.401434988">
        <ele>5.6</ele>
        <time>2026-09-09T23:46:40+08:00</time>
        <extensions>
          <gpxtpx:TrackPointExtension>
            <gpxtpx:hr>184</gpxtpx:hr>
            <gpxtpx:cad>82</gpxtpx:cad>
          </gpxtpx:TrackPointExtension>
        </extensions>
      </trkpt>
      <trkpt lat="31.1285199691" lon="121.401436664">
        <ele>5.6</ele>
        <time>2026-09-09T23:46:41+08:00</time>
        <extensions>
          <gpxtpx:TrackPointExtension>
            <gpxtpx:hr>184</gpxtpx:hr>
            <gpxtpx:cad>82</gpxtpx:cad>
          </gpxtpx:TrackPointExtension>
        </extensions>
      </trkpt>
      <trkpt lat="31.1285432708" lon="121.401436664">
        <ele>5.6</ele>
        <time>2026-09-09T23:46:42+08:00</time>
        <extensions>
          <gpxtpx:TrackPointExtension>
            <gpxtpx:hr>184</gpxtpx:hr>
            <gpxtpx:cad>82</gpxtpx:cad>
          </gpxtpx:TrackPointExtension>
        </extensions>
      </trkpt>
      <trkpt lat="31.1285683326" lon="121.401438341">
        <ele>5.6</ele>
        <time>2026-09-09T23:46:43+08:00</time>
        <extensions>
          <gpxtpx:TrackPointExtension>
            <gpxtpx:hr>184</gpxtpx:hr>
            <gpxtpx:cad>82</gpxtpx:cad>
          </gpxtpx:TrackPointExtension>
        </extensions>
      </trkpt>
      <trkpt lat="31.1285917182" lon="121.401441693">
        <ele>5.6</ele>
        <time>2026-09-09T23:46:44+08:00</time>
        <extensions>
          <gpxtpx:TrackPointExtension>
            <gpxtpx:hr>185</gpxtpx:hr>
            <gpxtpx:cad>82</gpxtpx:cad>
          </gpxtpx:TrackPointExtension>
        </extensions>
      </trkpt>
      <trkpt lat="31.1286150198" lon="121.401448315">
        <ele>5.8</ele>
        <time>2026-09-09T23:46:45+08:00</time>
        <extensions>
          <gpxtpx:TrackPointExtension>
            <gpxtpx:hr>185</gpxtpx:hr>
            <gpxtpx:cad>82</gpxtpx:cad>
          </gpxtpx:TrackPointExtension>
        </extensions>
      </trkpt>
      <trkpt lat="31.1286399979" lon="121.401448315">
        <ele>5.8</ele>
        <time>2026-09-09T23:46:46+08:00</time>
        <extensions>
          <gpxtpx:TrackPointExtension>
            <gpxtpx:hr>185</gpxtpx:hr>
            <gpxtpx:cad>82</gpxtpx:cad>
          </gpxtpx:TrackPointExtension>
        </extensions>
      </trkpt>
      <trkpt lat="31.1286566779" lon="121.401446722">
        <ele>5.8</ele>
        <time>2026-09-09T23:46:47+08:00</time>
        <extensions>
          <gpxtpx:TrackPointExtension>
            <gpxtpx:hr>186</gpxtpx:hr>
            <gpxtpx:cad>82</gpxtpx:cad>
          </gpxtpx:TrackPointExtension>
        </extensions>
      </trkpt>
      <trkpt lat="31.1286566779" lon="121.401441693">
        <ele>5.8</ele>
        <time>2026-09-09T23:46:48+08:00</time>
        <extensions>
          <gpxtpx:TrackPointExtension>
            <gpxtpx:hr>186</gpxtpx:hr>
            <gpxtpx:cad>82</gpxtpx:cad>
          </gpxtpx:TrackPointExtension>
        </extensions>
      </trkpt>
      <trkpt lat="31.128553329" lon="121.401448315">
        <ele>5.8</ele>
        <time>2026-09-09T23:46:53+08:00</time>
        <extensions>
          <gpxtpx:TrackPointExtension>
            <gpxtpx:hr>186</gpxtpx:hr>
            <gpxtpx:cad>81</gpxtpx:cad>
          </gpxtpx:TrackPointExtension>
        </extensions>
      </trkpt>
      <trkpt lat="31.1284150276" lon="121.401458289">
        <ele>5.6</ele>
        <time>2026-09-09T23:46:58+08:00</time>
        <extensions>
          <gpxtpx:TrackPointExtension>
            <gpxtpx:hr>186</gpxtpx:hr>
            <gpxtpx:cad>80</gpxtpx:cad>
          </gpxtpx:TrackPointExtension>
        </extensions>
      </trkpt>
      <trkpt lat="31.1283917259" lon="121.401459966">
        <ele>5.6</ele>
        <time>2026-09-09T23:46:59+08:00</time>
        <extensions>
          <gpxtpx:TrackPointExtension>
            <gpxtpx:hr>185</gpxtpx:hr>
            <gpxtpx:cad>80</gpxtpx:cad>
          </gpxtpx:TrackPointExtension>
        </extensions>
      </trkpt>
      <trkpt lat="31.1283666641" lon="121.401463319">
        <ele>5.8</ele>
        <time>2026-09-09T23:47:00+08:00</time>
        <extensions>
          <gpxtpx:TrackPointExtension>
            <gpxtpx:hr>186</gpxtpx:hr>
            <gpxtpx:cad>80</gpxtpx:cad>
          </gpxtpx:TrackPointExtension>
        </extensions>
      </trkpt>
      <trkpt lat="31.1283167079" lon="121.401461726">
        <ele>5.8</ele>
        <time>2026-09-09T23:47:02+08:00</time>
        <extensions>
          <gpxtpx:TrackPointExtension>
            <gpxtpx:hr>186</gpxtpx:hr>
            <gpxtpx:cad>80</gpxtpx:cad>
          </gpxtpx:TrackPointExtension>
        </extensions>
      </trkpt>
      <trkpt lat="31.1282917298" lon="121.401466671">
        <ele>5.8</ele>
        <time>2026-09-09T23:47:03+08:00</time>
        <extensions>
          <gpxtpx:TrackPointExtension>
            <gpxtpx:hr>186</gpxtpx:hr>
            <gpxtpx:cad>80</gpxtpx:cad>
          </gpxtpx:TrackPointExtension>
        </extensions>
      </trkpt>
      <trkpt lat="31.1282666679" lon="121.401471701">
        <ele>5.8</ele>
        <time>2026-09-09T23:47:04+08:00</time>
        <extensions>
          <gpxtpx:TrackPointExtension>
            <gpxtpx:hr>186</gpxtpx:hr>
            <gpxtpx:cad>80</gpxtpx:cad>
          </gpxtpx:TrackPointExtension>
        </extensions>
      </trkpt>
      <trkpt lat="31.1282400135" lon="121.401473293">
        <ele>5.8</ele>
        <time>2026-09-09T23:47:05+08:00</time>
        <extensions>
          <gpxtpx:TrackPointExtension>
            <gpxtpx:hr>186</gpxtpx:hr>
            <gpxtpx:cad>80</gpxtpx:cad>
          </gpxtpx:TrackPointExtension>
        </extensions>
      </trkpt>
      <trkpt lat="31.1282100063" lon="121.401471701">
        <ele>5.8</ele>
        <time>2026-09-09T23:47:06+08:00</time>
        <extensions>
          <gpxtpx:TrackPointExtension>
            <gpxtpx:hr>186</gpxtpx:hr>
            <gpxtpx:cad>80</gpxtpx:cad>
          </gpxtpx:TrackPointExtension>
        </extensions>
      </trkpt>
      <trkpt lat="31.1281850282" lon="121.401470024">
        <ele>5.8</ele>
        <time>2026-09-09T23:47:07+08:00</time>
        <extensions>
          <gpxtpx:TrackPointExtension>
            <gpxtpx:hr>186</gpxtpx:hr>
            <gpxtpx:cad>80</gpxtpx:cad>
          </gpxtpx:TrackPointExtension>
        </extensions>
      </trkpt>
      <trkpt lat="31.1281599663" lon="121.401474969">
        <ele>5.8</ele>
        <time>2026-09-09T23:47:08+08:00</time>
        <extensions>
          <gpxtpx:TrackPointExtension>
            <gpxtpx:hr>186</gpxtpx:hr>
            <gpxtpx:cad>80</gpxtpx:cad>
          </gpxtpx:TrackPointExtension>
        </extensions>
      </trkpt>
      <trkpt lat="31.1281333119" lon="121.401473293">
        <ele>5.8</ele>
        <time>2026-09-09T23:47:09+08:00</time>
        <extensions>
          <gpxtpx:TrackPointExtension>
            <gpxtpx:hr>186</gpxtpx:hr>
            <gpxtpx:cad>80</gpxtpx:cad>
          </gpxtpx:TrackPointExtension>
        </extensions>
      </trkpt>
      <trkpt lat="31.1281083338" lon="121.401466671">
        <ele>5.8</ele>
        <time>2026-09-09T23:47:10+08:00</time>
        <extensions>
          <gpxtpx:TrackPointExtension>
            <gpxtpx:hr>186</gpxtpx:hr>
            <gpxtpx:cad>80</gpxtpx:cad>
          </gpxtpx:TrackPointExtension>
        </extensions>
      </trkpt>
      <trkpt lat="31.128088301" lon="121.401461726">
        <ele>5.8</ele>
        <time>2026-09-09T23:47:11+08:00</time>
        <extensions>
          <gpxtpx:TrackPointExtension>
            <gpxtpx:hr>186</gpxtpx:hr>
            <gpxtpx:cad>80</gpxtpx:cad>
          </gpxtpx:TrackPointExtension>
        </extensions>
      </trkpt>
      <trkpt lat="31.1280617304" lon="121.401461726">
        <ele>5.8</ele>
        <time>2026-09-09T23:47:12+08:00</time>
        <extensions>
          <gpxtpx:TrackPointExtension>
            <gpxtpx:hr>186</gpxtpx:hr>
            <gpxtpx:cad>80</gpxtpx:cad>
          </gpxtpx:TrackPointExtension>
        </extensions>
      </trkpt>
      <trkpt lat="31.1280416977" lon="121.401463319">
        <ele>5.8</ele>
        <time>2026-09-09T23:47:13+08:00</time>
        <extensions>
          <gpxtpx:TrackPointExtension>
            <gpxtpx:hr>186</gpxtpx:hr>
            <gpxtpx:cad>80</gpxtpx:cad>
          </gpxtpx:TrackPointExtension>
        </extensions>
      </trkpt>
      <trkpt lat="31.1280199885" lon="121.401464995">
        <ele>5.8</ele>
        <time>2026-09-09T23:47:14+08:00</time>
        <extensions>
          <gpxtpx:TrackPointExtension>
            <gpxtpx:hr>186</gpxtpx:hr>
            <gpxtpx:cad>80</gpxtpx:cad>
          </gpxtpx:TrackPointExtension>
        </extensions>
      </trkpt>
      <trkpt lat="31.1280000396" lon="121.401466671">
        <ele>5.8</ele>
        <time>2026-09-09T23:47:15+08:00</time>
        <extensions>
          <gpxtpx:TrackPointExtension>
            <gpxtpx:hr>186</gpxtpx:hr>
            <gpxtpx:cad>80</gpxtpx:cad>
          </gpxtpx:TrackPointExtension>
        </extensions>
      </trkpt>
      <trkpt lat="31.1279767379" lon="121.401470024">
        <ele>6.0</ele>
        <time>2026-09-09T23:47:16+08:00</time>
        <extensions>
          <gpxtpx:TrackPointExtension>
            <gpxtpx:hr>187</gpxtpx:hr>
            <gpxtpx:cad>80</gpxtpx:cad>
          </gpxtpx:TrackPointExtension>
        </extensions>
      </trkpt>
      <trkpt lat="31.1279499996" lon="121.40147673">
        <ele>5.8</ele>
        <time>2026-09-09T23:47:17+08:00</time>
        <extensions>
          <gpxtpx:TrackPointExtension>
            <gpxtpx:hr>186</gpxtpx:hr>
            <gpxtpx:cad>81</gpxtpx:cad>
          </gpxtpx:TrackPointExtension>
        </extensions>
      </trkpt>
      <trkpt lat="31.1279250216" lon="121.401478322">
        <ele>5.8</ele>
        <time>2026-09-09T23:47:18+08:00</time>
        <extensions>
          <gpxtpx:TrackPointExtension>
            <gpxtpx:hr>187</gpxtpx:hr>
            <gpxtpx:cad>81</gpxtpx:cad>
          </gpxtpx:TrackPointExtension>
        </extensions>
      </trkpt>
      <trkpt lat="31.1279066652" lon="121.401478322">
        <ele>5.8</ele>
        <time>2026-09-09T23:47:19+08:00</time>
        <extensions>
          <gpxtpx:TrackPointExtension>
            <gpxtpx:hr>186</gpxtpx:hr>
            <gpxtpx:cad>81</gpxtpx:cad>
          </gpxtpx:TrackPointExtension>
        </extensions>
      </trkpt>
      <trkpt lat="31.1278883088" lon="121.401479999">
        <ele>5.8</ele>
        <time>2026-09-09T23:47:20+08:00</time>
        <extensions>
          <gpxtpx:TrackPointExtension>
            <gpxtpx:hr>186</gpxtpx:hr>
            <gpxtpx:cad>81</gpxtpx:cad>
          </gpxtpx:TrackPointExtension>
        </extensions>
      </trkpt>
      <trkpt lat="31.1278700363" lon="121.40147673">
        <ele>5.8</ele>
        <time>2026-09-09T23:47:21+08:00</time>
        <extensions>
          <gpxtpx:TrackPointExtension>
            <gpxtpx:hr>186</gpxtpx:hr>
            <gpxtpx:cad>81</gpxtpx:cad>
          </gpxtpx:TrackPointExtension>
        </extensions>
      </trkpt>
      <trkpt lat="31.1278282944" lon="121.401478322">
        <ele>6.0</ele>
        <time>2026-09-09T23:47:23+08:00</time>
        <extensions>
          <gpxtpx:TrackPointExtension>
            <gpxtpx:hr>187</gpxtpx:hr>
            <gpxtpx:cad>81</gpxtpx:cad>
          </gpxtpx:TrackPointExtension>
        </extensions>
      </trkpt>
      <trkpt lat="31.1278082617" lon="121.40147673">
        <ele>6.0</ele>
        <time>2026-09-09T23:47:24+08:00</time>
        <extensions>
          <gpxtpx:TrackPointExtension>
            <gpxtpx:hr>187</gpxtpx:hr>
            <gpxtpx:cad>81</gpxtpx:cad>
          </gpxtpx:TrackPointExtension>
        </extensions>
      </trkpt>
      <trkpt lat="31.1277867202" lon="121.401474969">
        <ele>6.0</ele>
        <time>2026-09-09T23:47:25+08:00</time>
        <extensions>
          <gpxtpx:TrackPointExtension>
            <gpxtpx:hr>187</gpxtpx:hr>
            <gpxtpx:cad>81</gpxtpx:cad>
          </gpxtpx:TrackPointExtension>
        </extensions>
      </trkpt>
      <trkpt lat="31.1277583055" lon="121.401483268">
        <ele>6.0</ele>
        <time>2026-09-09T23:47:26+08:00</time>
        <extensions>
          <gpxtpx:TrackPointExtension>
            <gpxtpx:hr>187</gpxtpx:hr>
            <gpxtpx:cad>81</gpxtpx:cad>
          </gpxtpx:TrackPointExtension>
        </extensions>
      </trkpt>
      <trkpt lat="31.1277082656" lon="121.401478322">
        <ele>5.8</ele>
        <time>2026-09-09T23:47:28+08:00</time>
        <extensions>
          <gpxtpx:TrackPointExtension>
            <gpxtpx:hr>187</gpxtpx:hr>
            <gpxtpx:cad>81</gpxtpx:cad>
          </gpxtpx:TrackPointExtension>
        </extensions>
      </trkpt>
      <trkpt lat="31.1276849639" lon="121.401488297">
        <ele>6.0</ele>
        <time>2026-09-09T23:47:29+08:00</time>
        <extensions>
          <gpxtpx:TrackPointExtension>
            <gpxtpx:hr>187</gpxtpx:hr>
            <gpxtpx:cad>81</gpxtpx:cad>
          </gpxtpx:TrackPointExtension>
        </extensions>
      </trkpt>
      <trkpt lat="31.1276366841" lon="121.401498271">
        <ele>5.8</ele>
        <time>2026-09-09T23:47:31+08:00</time>
        <extensions>
          <gpxtpx:TrackPointExtension>
            <gpxtpx:hr>186</gpxtpx:hr>
            <gpxtpx:cad>81</gpxtpx:cad>
          </gpxtpx:TrackPointExtension>
        </extensions>
      </trkpt>
      <trkpt lat="31.1276183277" lon="121.401500031">
        <ele>6.0</ele>
        <time>2026-09-09T23:47:32+08:00</time>
        <extensions>
          <gpxtpx:TrackPointExtension>
            <gpxtpx:hr>187</gpxtpx:hr>
            <gpxtpx:cad>81</gpxtpx:cad>
          </gpxtpx:TrackPointExtension>
        </extensions>
      </trkpt>
      <trkpt lat="31.1276017316" lon="121.401504977">
        <ele>6.0</ele>
        <time>2026-09-09T23:47:33+08:00</time>
        <extensions>
          <gpxtpx:TrackPointExtension>
            <gpxtpx:hr>187</gpxtpx:hr>
            <gpxtpx:cad>81</gpxtpx:cad>
          </gpxtpx:TrackPointExtension>
        </extensions>
      </trkpt>
      <trkpt lat="31.1275800224" lon="121.401504977">
        <ele>6.0</ele>
        <time>2026-09-09T23:47:34+08:00</time>
        <extensions>
          <gpxtpx:TrackPointExtension>
            <gpxtpx:hr>187</gpxtpx:hr>
            <gpxtpx:cad>80</gpxtpx:cad>
          </gpxtpx:TrackPointExtension>
        </extensions>
      </trkpt>
      <trkpt lat="31.1275333352" lon="121.401493326">
        <ele>6.0</ele>
        <time>2026-09-09T23:47:36+08:00</time>
        <extensions>
          <gpxtpx:TrackPointExtension>
            <gpxtpx:hr>187</gpxtpx:hr>
            <gpxtpx:cad>80</gpxtpx:cad>
          </gpxtpx:TrackPointExtension>
        </extensions>
      </trkpt>
      <trkpt lat="31.1275167391" lon="121.40147673">
        <ele>5.8</ele>
        <time>2026-09-09T23:47:37+08:00</time>
        <extensions>
          <gpxtpx:TrackPointExtension>
            <gpxtpx:hr>187</gpxtpx:hr>
            <gpxtpx:cad>80</gpxtpx:cad>
          </gpxtpx:TrackPointExtension>
        </extensions>
      </trkpt>
      <trkpt lat="31.127503328" lon="121.401458289">
        <ele>6.0</ele>
        <time>2026-09-09T23:47:38+08:00</time>
        <extensions>
          <gpxtpx:TrackPointExtension>
            <gpxtpx:hr>187</gpxtpx:hr>
            <gpxtpx:cad>80</gpxtpx:cad>
          </gpxtpx:TrackPointExtension>
        </extensions>
      </trkpt>
      <trkpt lat="31.1274916772" lon="121.401434988">
        <ele>5.8</ele>
        <time>2026-09-09T23:47:39+08:00</time>
        <extensions>
          <gpxtpx:TrackPointExtension>
            <gpxtpx:hr>187</gpxtpx:hr>
            <gpxtpx:cad>80</gpxtpx:cad>
          </gpxtpx:TrackPointExtension>
        </extensions>
      </trkpt>
      <trkpt lat="31.1274666991" lon="121.40139333">
        <ele>6.0</ele>
        <time>2026-09-09T23:47:41+08:00</time>
        <extensions>
          <gpxtpx:TrackPointExtension>
            <gpxtpx:hr>186</gpxtpx:hr>
            <gpxtpx:cad>81</gpxtpx:cad>
          </gpxtpx:TrackPointExtension>
        </extensions>
      </trkpt>
      <trkpt lat="31.1274567246" lon="121.401368268">
        <ele>6.0</ele>
        <time>2026-09-09T23:47:42+08:00</time>
        <extensions>
          <gpxtpx:TrackPointExtension>
            <gpxtpx:hr>186</gpxtpx:hr>
            <gpxtpx:cad>81</gpxtpx:cad>
          </gpxtpx:TrackPointExtension>
        </extensions>
      </trkpt>
      <trkpt lat="31.1274516955" lon="121.40134329">
        <ele>5.8</ele>
        <time>2026-09-09T23:47:43+08:00</time>
        <extensions>
          <gpxtpx:TrackPointExtension>
            <gpxtpx:hr>186</gpxtpx:hr>
            <gpxtpx:cad>81</gpxtpx:cad>
          </gpxtpx:TrackPointExtension>
        </extensions>
      </trkpt>
      <trkpt lat="31.1274466664" lon="121.401316719">
        <ele>5.8</ele>
        <time>2026-09-09T23:47:44+08:00</time>
        <extensions>
          <gpxtpx:TrackPointExtension>
            <gpxtpx:hr>186</gpxtpx:hr>
            <gpxtpx:cad>81</gpxtpx:cad>
          </gpxtpx:TrackPointExtension>
        </extensions>
      </trkpt>
      <trkpt lat="31.12744499" lon="121.401289981">
        <ele>5.8</ele>
        <time>2026-09-09T23:47:45+08:00</time>
        <extensions>
          <gpxtpx:TrackPointExtension>
            <gpxtpx:hr>186</gpxtpx:hr>
            <gpxtpx:cad>81</gpxtpx:cad>
          </gpxtpx:TrackPointExtension>
        </extensions>
      </trkpt>
      <trkpt lat="31.12744499" lon="121.401263326">
        <ele>5.8</ele>
        <time>2026-09-09T23:47:46+08:00</time>
        <extensions>
          <gpxtpx:TrackPointExtension>
            <gpxtpx:hr>186</gpxtpx:hr>
            <gpxtpx:cad>81</gpxtpx:cad>
          </gpxtpx:TrackPointExtension>
        </extensions>
      </trkpt>
      <trkpt lat="31.12744499" lon="121.401238265">
        <ele>5.8</ele>
        <time>2026-09-09T23:47:47+08:00</time>
        <extensions>
          <gpxtpx:TrackPointExtension>
            <gpxtpx:hr>186</gpxtpx:hr>
            <gpxtpx:cad>81</gpxtpx:cad>
          </gpxtpx:TrackPointExtension>
        </extensions>
      </trkpt>
      <trkpt lat="31.1274433136" lon="121.401213286">
        <ele>5.8</ele>
        <time>2026-09-09T23:47:48+08:00</time>
        <extensions>
          <gpxtpx:TrackPointExtension>
            <gpxtpx:hr>186</gpxtpx:hr>
            <gpxtpx:cad>81</gpxtpx:cad>
          </gpxtpx:TrackPointExtension>
        </extensions>
      </trkpt>
      <trkpt lat="31.127441721" lon="121.401188308">
        <ele>5.8</ele>
        <time>2026-09-09T23:47:49+08:00</time>
        <extensions>
          <gpxtpx:TrackPointExtension>
            <gpxtpx:hr>185</gpxtpx:hr>
            <gpxtpx:cad>81</gpxtpx:cad>
          </gpxtpx:TrackPointExtension>
        </extensions>
      </trkpt>
      <trkpt lat="31.1274433136" lon="121.401166683">
        <ele>5.8</ele>
        <time>2026-09-09T23:47:50+08:00</time>
        <extensions>
          <gpxtpx:TrackPointExtension>
            <gpxtpx:hr>185</gpxtpx:hr>
            <gpxtpx:cad>81</gpxtpx:cad>
          </gpxtpx:TrackPointExtension>
        </extensions>
      </trkpt>
      <trkpt lat="31.1274433136" lon="121.401144974">
        <ele>5.6</ele>
        <time>2026-09-09T23:47:51+08:00</time>
        <extensions>
          <gpxtpx:TrackPointExtension>
            <gpxtpx:hr>185</gpxtpx:hr>
            <gpxtpx:cad>81</gpxtpx:cad>
          </gpxtpx:TrackPointExtension>
        </extensions>
      </trkpt>
      <trkpt lat="31.127441721" lon="121.401119996">
        <ele>5.6</ele>
        <time>2026-09-09T23:47:52+08:00</time>
        <extensions>
          <gpxtpx:TrackPointExtension>
            <gpxtpx:hr>184</gpxtpx:hr>
            <gpxtpx:cad>81</gpxtpx:cad>
          </gpxtpx:TrackPointExtension>
        </extensions>
      </trkpt>
      <trkpt lat="31.127441721" lon="121.401098287">
        <ele>5.6</ele>
        <time>2026-09-09T23:47:53+08:00</time>
        <extensions>
          <gpxtpx:TrackPointExtension>
            <gpxtpx:hr>184</gpxtpx:hr>
            <gpxtpx:cad>81</gpxtpx:cad>
          </gpxtpx:TrackPointExtension>
        </extensions>
      </trkpt>
      <trkpt lat="31.1274382845" lon="121.401074985">
        <ele>5.6</ele>
        <time>2026-09-09T23:47:54+08:00</time>
        <extensions>
          <gpxtpx:TrackPointExtension>
            <gpxtpx:hr>184</gpxtpx:hr>
            <gpxtpx:cad>81</gpxtpx:cad>
          </gpxtpx:TrackPointExtension>
        </extensions>
      </trkpt>
      <trkpt lat="31.1274350155" lon="121.401053276">
        <ele>5.6</ele>
        <time>2026-09-09T23:47:55+08:00</time>
        <extensions>
          <gpxtpx:TrackPointExtension>
            <gpxtpx:hr>185</gpxtpx:hr>
            <gpxtpx:cad>81</gpxtpx:cad>
          </gpxtpx:TrackPointExtension>
        </extensions>
      </trkpt>
      <trkpt lat="31.1274316628" lon="121.401006673">
        <ele>5.6</ele>
        <time>2026-09-09T23:47:57+08:00</time>
        <extensions>
          <gpxtpx:TrackPointExtension>
            <gpxtpx:hr>184</gpxtpx:hr>
            <gpxtpx:cad>81</gpxtpx:cad>
          </gpxtpx:TrackPointExtension>
        </extensions>
      </trkpt>
      <trkpt lat="31.1274299864" lon="121.400980018">
        <ele>5.6</ele>
        <time>2026-09-09T23:47:58+08:00</time>
        <extensions>
          <gpxtpx:TrackPointExtension>
            <gpxtpx:hr>184</gpxtpx:hr>
            <gpxtpx:cad>81</gpxtpx:cad>
          </gpxtpx:TrackPointExtension>
        </extensions>
      </trkpt>
      <trkpt lat="31.12742831" lon="121.400958309">
        <ele>5.6</ele>
        <time>2026-09-09T23:47:59+08:00</time>
        <extensions>
          <gpxtpx:TrackPointExtension>
            <gpxtpx:hr>184</gpxtpx:hr>
            <gpxtpx:cad>81</gpxtpx:cad>
          </gpxtpx:TrackPointExtension>
        </extensions>
      </trkpt>
      <trkpt lat="31.12742831" lon="121.400933331">
        <ele>5.6</ele>
        <time>2026-09-09T23:48:00+08:00</time>
        <extensions>
          <gpxtpx:TrackPointExtension>
            <gpxtpx:hr>184</gpxtpx:hr>
            <gpxtpx:cad>81</gpxtpx:cad>
          </gpxtpx:TrackPointExtension>
        </extensions>
      </trkpt>
      <trkpt lat="31.1274299864" lon="121.400908269">
        <ele>5.6</ele>
        <time>2026-09-09T23:48:01+08:00</time>
        <extensions>
          <gpxtpx:TrackPointExtension>
            <gpxtpx:hr>184</gpxtpx:hr>
            <gpxtpx:cad>82</gpxtpx:cad>
          </gpxtpx:TrackPointExtension>
        </extensions>
      </trkpt>
      <trkpt lat="31.1274299864" lon="121.400881698">
        <ele>5.6</ele>
        <time>2026-09-09T23:48:02+08:00</time>
        <extensions>
          <gpxtpx:TrackPointExtension>
            <gpxtpx:hr>184</gpxtpx:hr>
            <gpxtpx:cad>82</gpxtpx:cad>
          </gpxtpx:TrackPointExtension>
        </extensions>
      </trkpt>
      <trkpt lat="31.1274316628" lon="121.400858313">
        <ele>5.8</ele>
        <time>2026-09-09T23:48:03+08:00</time>
        <extensions>
          <gpxtpx:TrackPointExtension>
            <gpxtpx:hr>184</gpxtpx:hr>
            <gpxtpx:cad>82</gpxtpx:cad>
          </gpxtpx:TrackPointExtension>
        </extensions>
      </trkpt>
      <trkpt lat="31.1274350155" lon="121.400835011">
        <ele>5.6</ele>
        <time>2026-09-09T23:48:04+08:00</time>
        <extensions>
          <gpxtpx:TrackPointExtension>
            <gpxtpx:hr>184</gpxtpx:hr>
            <gpxtpx:cad>82</gpxtpx:cad>
          </gpxtpx:TrackPointExtension>
        </extensions>
      </trkpt>
      <trkpt lat="31.1274333391" lon="121.400813302">
        <ele>5.6</ele>
        <time>2026-09-09T23:48:05+08:00</time>
        <extensions>
          <gpxtpx:TrackPointExtension>
            <gpxtpx:hr>184</gpxtpx:hr>
            <gpxtpx:cad>82</gpxtpx:cad>
          </gpxtpx:TrackPointExtension>
        </extensions>
      </trkpt>
      <trkpt lat="31.1274316628" lon="121.40079">
        <ele>5.6</ele>
        <time>2026-09-09T23:48:06+08:00</time>
        <extensions>
          <gpxtpx:TrackPointExtension>
            <gpxtpx:hr>184</gpxtpx:hr>
            <gpxtpx:cad>82</gpxtpx:cad>
          </gpxtpx:TrackPointExtension>
        </extensions>
      </trkpt>
      <trkpt lat="31.1274299864" lon="121.400763262">
        <ele>5.6</ele>
        <time>2026-09-09T23:48:07+08:00</time>
        <extensions>
          <gpxtpx:TrackPointExtension>
            <gpxtpx:hr>184</gpxtpx:hr>
            <gpxtpx:cad>82</gpxtpx:cad>
          </gpxtpx:TrackPointExtension>
        </extensions>
      </trkpt>
      <trkpt lat="31.12742831" lon="121.400738284">
        <ele>5.4</ele>
        <time>2026-09-09T23:48:08+08:00</time>
        <extensions>
          <gpxtpx:TrackPointExtension>
            <gpxtpx:hr>184</gpxtpx:hr>
            <gpxtpx:cad>82</gpxtpx:cad>
          </gpxtpx:TrackPointExtension>
        </extensions>
      </trkpt>
      <trkpt lat="31.1274299864" lon="121.400714982">
        <ele>5.4</ele>
        <time>2026-09-09T23:48:09+08:00</time>
        <extensions>
          <gpxtpx:TrackPointExtension>
            <gpxtpx:hr>184</gpxtpx:hr>
            <gpxtpx:cad>82</gpxtpx:cad>
          </gpxtpx:TrackPointExtension>
        </extensions>
      </trkpt>
      <trkpt lat="31.1274316628" lon="121.400686735">
        <ele>5.4</ele>
        <time>2026-09-09T23:48:10+08:00</time>
        <extensions>
          <gpxtpx:TrackPointExtension>
            <gpxtpx:hr>185</gpxtpx:hr>
            <gpxtpx:cad>82</gpxtpx:cad>
          </gpxtpx:TrackPointExtension>
        </extensions>
      </trkpt>
      <trkpt lat="31.1274316628" lon="121.400659997">
        <ele>5.4</ele>
        <time>2026-09-09T23:48:11+08:00</time>
        <extensions>
          <gpxtpx:TrackPointExtension>
            <gpxtpx:hr>184</gpxtpx:hr>
            <gpxtpx:cad>82</gpxtpx:cad>
          </gpxtpx:TrackPointExtension>
        </extensions>
      </trkpt>
      <trkpt lat="31.1274316628" lon="121.400636695">
        <ele>5.4</ele>
        <time>2026-09-09T23:48:12+08:00</time>
        <extensions>
          <gpxtpx:TrackPointExtension>
            <gpxtpx:hr>184</gpxtpx:hr>
            <gpxtpx:cad>82</gpxtpx:cad>
          </gpxtpx:TrackPointExtension>
        </extensions>
      </trkpt>
      <trkpt lat="31.1274316628" lon="121.400611717">
        <ele>5.4</ele>
        <time>2026-09-09T23:48:13+08:00</time>
        <extensions>
          <gpxtpx:TrackPointExtension>
            <gpxtpx:hr>184</gpxtpx:hr>
            <gpxtpx:cad>82</gpxtpx:cad>
          </gpxtpx:TrackPointExtension>
        </extensions>
      </trkpt>
      <trkpt lat="31.12742831" lon="121.400584979">
        <ele>5.4</ele>
        <time>2026-09-09T23:48:14+08:00</time>
        <extensions>
          <gpxtpx:TrackPointExtension>
            <gpxtpx:hr>184</gpxtpx:hr>
            <gpxtpx:cad>82</gpxtpx:cad>
          </gpxtpx:TrackPointExtension>
        </extensions>
      </trkpt>
      <trkpt lat="31.1274316628" lon="121.400560001">
        <ele>5.6</ele>
        <time>2026-09-09T23:48:15+08:00</time>
        <extensions>
          <gpxtpx:TrackPointExtension>
            <gpxtpx:hr>184</gpxtpx:hr>
            <gpxtpx:cad>82</gpxtpx:cad>
          </gpxtpx:TrackPointExtension>
        </extensions>
      </trkpt>
      <trkpt lat="31.1274333391" lon="121.400536699">
        <ele>5.6</ele>
        <time>2026-09-09T23:48:16+08:00</time>
        <extensions>
          <gpxtpx:TrackPointExtension>
            <gpxtpx:hr>184</gpxtpx:hr>
            <gpxtpx:cad>82</gpxtpx:cad>
          </gpxtpx:TrackPointExtension>
        </extensions>
      </trkpt>
      <trkpt lat="31.1274366919" lon="121.400511721">
        <ele>5.8</ele>
        <time>2026-09-09T23:48:17+08:00</time>
        <extensions>
          <gpxtpx:TrackPointExtension>
            <gpxtpx:hr>184</gpxtpx:hr>
            <gpxtpx:cad>82</gpxtpx:cad>
          </gpxtpx:TrackPointExtension>
        </extensions>
      </trkpt>
      <trkpt lat="31.1274382845" lon="121.400484983">
        <ele>5.8</ele>
        <time>2026-09-09T23:48:18+08:00</time>
        <extensions>
          <gpxtpx:TrackPointExtension>
            <gpxtpx:hr>184</gpxtpx:hr>
            <gpxtpx:cad>82</gpxtpx:cad>
          </gpxtpx:TrackPointExtension>
        </extensions>
      </trkpt>
      <trkpt lat="31.1274382845" lon="121.400454976">
        <ele>5.8</ele>
        <time>2026-09-09T23:48:19+08:00</time>
        <extensions>
          <gpxtpx:TrackPointExtension>
            <gpxtpx:hr>184</gpxtpx:hr>
            <gpxtpx:cad>82</gpxtpx:cad>
          </gpxtpx:TrackPointExtension>
        </extensions>
      </trkpt>
      <trkpt lat="31.1274350155" lon="121.400426729">
        <ele>5.8</ele>
        <time>2026-09-09T23:48:20+08:00</time>
        <extensions>
          <gpxtpx:TrackPointExtension>
            <gpxtpx:hr>184</gpxtpx:hr>
            <gpxtpx:cad>82</gpxtpx:cad>
          </gpxtpx:TrackPointExtension>
        </extensions>
      </trkpt>
      <trkpt lat="31.1274350155" lon="121.400396721">
        <ele>5.8</ele>
        <time>2026-09-09T23:48:21+08:00</time>
        <extensions>
          <gpxtpx:TrackPointExtension>
            <gpxtpx:hr>184</gpxtpx:hr>
            <gpxtpx:cad>82</gpxtpx:cad>
          </gpxtpx:TrackPointExtension>
        </extensions>
      </trkpt>
      <trkpt lat="31.1274382845" lon="121.400368307">
        <ele>5.6</ele>
        <time>2026-09-09T23:48:22+08:00</time>
        <extensions>
          <gpxtpx:TrackPointExtension>
            <gpxtpx:hr>184</gpxtpx:hr>
            <gpxtpx:cad>82</gpxtpx:cad>
          </gpxtpx:TrackPointExtension>
        </extensions>
      </trkpt>
      <trkpt lat="31.1274382845" lon="121.400343329">
        <ele>5.6</ele>
        <time>2026-09-09T23:48:23+08:00</time>
        <extensions>
          <gpxtpx:TrackPointExtension>
            <gpxtpx:hr>184</gpxtpx:hr>
            <gpxtpx:cad>82</gpxtpx:cad>
          </gpxtpx:TrackPointExtension>
        </extensions>
      </trkpt>
      <trkpt lat="31.1274399608" lon="121.400316674">
        <ele>5.6</ele>
        <time>2026-09-09T23:48:24+08:00</time>
        <extensions>
          <gpxtpx:TrackPointExtension>
            <gpxtpx:hr>184</gpxtpx:hr>
            <gpxtpx:cad>82</gpxtpx:cad>
          </gpxtpx:TrackPointExtension>
        </extensions>
      </trkpt>
      <trkpt lat="31.1274433136" lon="121.40029002">
        <ele>5.6</ele>
        <time>2026-09-09T23:48:25+08:00</time>
        <extensions>
          <gpxtpx:TrackPointExtension>
            <gpxtpx:hr>184</gpxtpx:hr>
            <gpxtpx:cad>82</gpxtpx:cad>
          </gpxtpx:TrackPointExtension>
        </extensions>
      </trkpt>
      <trkpt lat="31.1274466664" lon="121.400263282">
        <ele>5.6</ele>
        <time>2026-09-09T23:48:26+08:00</time>
        <extensions>
          <gpxtpx:TrackPointExtension>
            <gpxtpx:hr>184</gpxtpx:hr>
            <gpxtpx:cad>82</gpxtpx:cad>
          </gpxtpx:TrackPointExtension>
        </extensions>
      </trkpt>
      <trkpt lat="31.1274466664" lon="121.400235035">
        <ele>5.4</ele>
        <time>2026-09-09T23:48:27+08:00</time>
        <extensions>
          <gpxtpx:TrackPointExtension>
            <gpxtpx:hr>184</gpxtpx:hr>
            <gpxtpx:cad>82</gpxtpx:cad>
          </gpxtpx:TrackPointExtension>
        </extensions>
      </trkpt>
      <trkpt lat="31.12744499" lon="121.400209973">
        <ele>5.4</ele>
        <time>2026-09-09T23:48:28+08:00</time>
        <extensions>
          <gpxtpx:TrackPointExtension>
            <gpxtpx:hr>184</gpxtpx:hr>
            <gpxtpx:cad>82</gpxtpx:cad>
          </gpxtpx:TrackPointExtension>
        </extensions>
      </trkpt>
      <trkpt lat="31.12744499" lon="121.400183318">
        <ele>5.4</ele>
        <time>2026-09-09T23:48:29+08:00</time>
        <extensions>
          <gpxtpx:TrackPointExtension>
            <gpxtpx:hr>184</gpxtpx:hr>
            <gpxtpx:cad>82</gpxtpx:cad>
          </gpxtpx:TrackPointExtension>
        </extensions>
      </trkpt>
      <trkpt lat="31.1274466664" lon="121.400156664">
        <ele>5.4</ele>
        <time>2026-09-09T23:48:30+08:00</time>
        <extensions>
          <gpxtpx:TrackPointExtension>
            <gpxtpx:hr>184</gpxtpx:hr>
            <gpxtpx:cad>82</gpxtpx:cad>
          </gpxtpx:TrackPointExtension>
        </extensions>
      </trkpt>
      <trkpt lat="31.1274466664" lon="121.400130009">
        <ele>5.4</ele>
        <time>2026-09-09T23:48:31+08:00</time>
        <extensions>
          <gpxtpx:TrackPointExtension>
            <gpxtpx:hr>184</gpxtpx:hr>
            <gpxtpx:cad>82</gpxtpx:cad>
          </gpxtpx:TrackPointExtension>
        </extensions>
      </trkpt>
      <trkpt lat="31.127441721" lon="121.40008173">
        <ele>5.4</ele>
        <time>2026-09-09T23:48:33+08:00</time>
        <extensions>
          <gpxtpx:TrackPointExtension>
            <gpxtpx:hr>183</gpxtpx:hr>
            <gpxtpx:cad>82</gpxtpx:cad>
          </gpxtpx:TrackPointExtension>
        </extensions>
      </trkpt>
      <trkpt lat="31.1274382845" lon="121.400056668">
        <ele>5.4</ele>
        <time>2026-09-09T23:48:34+08:00</time>
        <extensions>
          <gpxtpx:TrackPointExtension>
            <gpxtpx:hr>183</gpxtpx:hr>
            <gpxtpx:cad>82</gpxtpx:cad>
          </gpxtpx:TrackPointExtension>
        </extensions>
      </trkpt>
      <trkpt lat="31.1274350155" lon="121.400033282">
        <ele>5.4</ele>
        <time>2026-09-09T23:48:35+08:00</time>
        <extensions>
          <gpxtpx:TrackPointExtension>
            <gpxtpx:hr>183</gpxtpx:hr>
            <gpxtpx:cad>82</gpxtpx:cad>
          </gpxtpx:TrackPointExtension>
        </extensions>
      </trkpt>
      <trkpt lat="31.1274316628" lon="121.40000998">
        <ele>5.4</ele>
        <time>2026-09-09T23:48:36+08:00</time>
        <extensions>
          <gpxtpx:TrackPointExtension>
            <gpxtpx:hr>183</gpxtpx:hr>
            <gpxtpx:cad>82</gpxtpx:cad>
          </gpxtpx:TrackPointExtension>
        </extensions>
      </trkpt>
      <trkpt lat="31.1274316628" lon="121.399988271">
        <ele>5.4</ele>
        <time>2026-09-09T23:48:37+08:00</time>
        <extensions>
          <gpxtpx:TrackPointExtension>
            <gpxtpx:hr>183</gpxtpx:hr>
            <gpxtpx:cad>82</gpxtpx:cad>
          </gpxtpx:TrackPointExtension>
        </extensions>
      </trkpt>
      <trkpt lat="31.1274299864" lon="121.39996497">
        <ele>5.4</ele>
        <time>2026-09-09T23:48:38+08:00</time>
        <extensions>
          <gpxtpx:TrackPointExtension>
            <gpxtpx:hr>183</gpxtpx:hr>
            <gpxtpx:cad>82</gpxtpx:cad>
          </gpxtpx:TrackPointExtension>
        </extensions>
      </trkpt>
      <trkpt lat="31.1274316628" lon="121.39994326">
        <ele>5.4</ele>
        <time>2026-09-09T23:48:39+08:00</time>
        <extensions>
          <gpxtpx:TrackPointExtension>
            <gpxtpx:hr>183</gpxtpx:hr>
            <gpxtpx:cad>82</gpxtpx:cad>
          </gpxtpx:TrackPointExtension>
        </extensions>
      </trkpt>
      <trkpt lat="31.1274299864" lon="121.399923312">
        <ele>5.4</ele>
        <time>2026-09-09T23:48:40+08:00</time>
        <extensions>
          <gpxtpx:TrackPointExtension>
            <gpxtpx:hr>184</gpxtpx:hr>
            <gpxtpx:cad>82</gpxtpx:cad>
          </gpxtpx:TrackPointExtension>
        </extensions>
      </trkpt>
      <trkpt lat="31.1274316628" lon="121.399901686">
        <ele>5.4</ele>
        <time>2026-09-09T23:48:41+08:00</time>
        <extensions>
          <gpxtpx:TrackPointExtension>
            <gpxtpx:hr>183</gpxtpx:hr>
            <gpxtpx:cad>82</gpxtpx:cad>
          </gpxtpx:TrackPointExtension>
        </extensions>
      </trkpt>
      <trkpt lat="31.1274299864" lon="121.399854999">
        <ele>5.4</ele>
        <time>2026-09-09T23:48:43+08:00</time>
        <extensions>
          <gpxtpx:TrackPointExtension>
            <gpxtpx:hr>183</gpxtpx:hr>
            <gpxtpx:cad>82</gpxtpx:cad>
          </gpxtpx:TrackPointExtension>
        </extensions>
      </trkpt>
      <trkpt lat="31.1274316628" lon="121.399828261">
        <ele>5.4</ele>
        <time>2026-09-09T23:48:44+08:00</time>
        <extensions>
          <gpxtpx:TrackPointExtension>
            <gpxtpx:hr>182</gpxtpx:hr>
            <gpxtpx:cad>83</gpxtpx:cad>
          </gpxtpx:TrackPointExtension>
        </extensions>
      </trkpt>
      <trkpt lat="31.1274333391" lon="121.399806719">
        <ele>5.6</ele>
        <time>2026-09-09T23:48:45+08:00</time>
        <extensions>
          <gpxtpx:TrackPointExtension>
            <gpxtpx:hr>181</gpxtpx:hr>
            <gpxtpx:cad>83</gpxtpx:cad>
          </gpxtpx:TrackPointExtension>
        </extensions>
      </trkpt>
      <trkpt lat="31.1274366919" lon="121.399783334">
        <ele>5.6</ele>
        <time>2026-09-09T23:48:46+08:00</time>
        <extensions>
          <gpxtpx:TrackPointExtension>
            <gpxtpx:hr>181</gpxtpx:hr>
            <gpxtpx:cad>83</gpxtpx:cad>
          </gpxtpx:TrackPointExtension>
        </extensions>
      </trkpt>
      <trkpt lat="31.1274366919" lon="121.399741676">
        <ele>5.6</ele>
        <time>2026-09-09T23:48:48+08:00</time>
        <extensions>
          <gpxtpx:TrackPointExtension>
            <gpxtpx:hr>180</gpxtpx:hr>
            <gpxtpx:cad>83</gpxtpx:cad>
          </gpxtpx:TrackPointExtension>
        </extensions>
      </trkpt>
      <trkpt lat="31.1274366919" lon="121.399719967">
        <ele>5.4</ele>
        <time>2026-09-09T23:48:49+08:00</time>
        <extensions>
          <gpxtpx:TrackPointExtension>
            <gpxtpx:hr>180</gpxtpx:hr>
            <gpxtpx:cad>83</gpxtpx:cad>
          </gpxtpx:TrackPointExtension>
        </extensions>
      </trkpt>
      <trkpt lat="31.1274366919" lon="121.399681661">
        <ele>5.4</ele>
        <time>2026-09-09T23:48:51+08:00</time>
        <extensions>
          <gpxtpx:TrackPointExtension>
            <gpxtpx:hr>180</gpxtpx:hr>
            <gpxtpx:cad>83</gpxtpx:cad>
          </gpxtpx:TrackPointExtension>
        </extensions>
      </trkpt>
      <trkpt lat="31.1274333391" lon="121.39964168">
        <ele>5.2</ele>
        <time>2026-09-09T23:48:53+08:00</time>
        <extensions>
          <gpxtpx:TrackPointExtension>
            <gpxtpx:hr>180</gpxtpx:hr>
            <gpxtpx:cad>83</gpxtpx:cad>
          </gpxtpx:TrackPointExtension>
        </extensions>
      </trkpt>
      <trkpt lat="31.1274366919" lon="121.399601698">
        <ele>5.2</ele>
        <time>2026-09-09T23:48:55+08:00</time>
        <extensions>
          <gpxtpx:TrackPointExtension>
            <gpxtpx:hr>180</gpxtpx:hr>
            <gpxtpx:cad>83</gpxtpx:cad>
          </gpxtpx:TrackPointExtension>
        </extensions>
      </trkpt>
      <trkpt lat="31.127441721" lon="121.399555011">
        <ele>5.2</ele>
        <time>2026-09-09T23:48:57+08:00</time>
        <extensions>
          <gpxtpx:TrackPointExtension>
            <gpxtpx:hr>180</gpxtpx:hr>
            <gpxtpx:cad>83</gpxtpx:cad>
          </gpxtpx:TrackPointExtension>
        </extensions>
      </trkpt>
      <trkpt lat="31.127441721" lon="121.399533302">
        <ele>5.2</ele>
        <time>2026-09-09T23:48:58+08:00</time>
        <extensions>
          <gpxtpx:TrackPointExtension>
            <gpxtpx:hr>180</gpxtpx:hr>
            <gpxtpx:cad>83</gpxtpx:cad>
          </gpxtpx:TrackPointExtension>
        </extensions>
      </trkpt>
      <trkpt lat="31.127441721" lon="121.399483262">
        <ele>5.4</ele>
        <time>2026-09-09T23:49:00+08:00</time>
        <extensions>
          <gpxtpx:TrackPointExtension>
            <gpxtpx:hr>180</gpxtpx:hr>
            <gpxtpx:cad>83</gpxtpx:cad>
          </gpxtpx:TrackPointExtension>
        </extensions>
      </trkpt>
      <trkpt lat="31.12744499" lon="121.399436658">
        <ele>5.4</ele>
        <time>2026-09-09T23:49:02+08:00</time>
        <extensions>
          <gpxtpx:TrackPointExtension>
            <gpxtpx:hr>180</gpxtpx:hr>
            <gpxtpx:cad>83</gpxtpx:cad>
          </gpxtpx:TrackPointExtension>
        </extensions>
      </trkpt>
      <trkpt lat="31.1274466664" lon="121.399415033">
        <ele>5.4</ele>
        <time>2026-09-09T23:49:03+08:00</time>
        <extensions>
          <gpxtpx:TrackPointExtension>
            <gpxtpx:hr>180</gpxtpx:hr>
            <gpxtpx:cad>83</gpxtpx:cad>
          </gpxtpx:TrackPointExtension>
        </extensions>
      </trkpt>
      <trkpt lat="31.1274466664" lon="121.399393324">
        <ele>5.4</ele>
        <time>2026-09-09T23:49:04+08:00</time>
        <extensions>
          <gpxtpx:TrackPointExtension>
            <gpxtpx:hr>0</gpxtpx:hr>
            <gpxtpx:cad>83</gpxtpx:cad>
          </gpxtpx:TrackPointExtension>
        </extensions>
      </trkpt>
      <trkpt lat="31.1274466664" lon="121.399371698">
        <ele>5.4</ele>
        <time>2026-09-09T23:49:05+08:00</time>
        <extensions>
          <gpxtpx:TrackPointExtension>
            <gpxtpx:hr>180</gpxtpx:hr>
            <gpxtpx:cad>83</gpxtpx:cad>
          </gpxtpx:TrackPointExtension>
        </extensions>
      </trkpt>
      <trkpt lat="31.1274482589" lon="121.399349989">
        <ele>5.4</ele>
        <time>2026-09-09T23:49:06+08:00</time>
        <extensions>
          <gpxtpx:TrackPointExtension>
            <gpxtpx:hr>0</gpxtpx:hr>
            <gpxtpx:cad>83</gpxtpx:cad>
          </gpxtpx:TrackPointExtension>
        </extensions>
      </trkpt>
      <trkpt lat="31.1274500191" lon="121.39932828">
        <ele>5.4</ele>
        <time>2026-09-09T23:49:07+08:00</time>
        <extensions>
          <gpxtpx:TrackPointExtension>
            <gpxtpx:hr>180</gpxtpx:hr>
            <gpxtpx:cad>83</gpxtpx:cad>
          </gpxtpx:TrackPointExtension>
        </extensions>
      </trkpt>
      <trkpt lat="31.1274532881" lon="121.399306739">
        <ele>5.4</ele>
        <time>2026-09-09T23:49:08+08:00</time>
        <extensions>
          <gpxtpx:TrackPointExtension>
            <gpxtpx:hr>0</gpxtpx:hr>
            <gpxtpx:cad>82</gpxtpx:cad>
          </gpxtpx:TrackPointExtension>
        </extensions>
      </trkpt>
      <trkpt lat="31.1274567246" lon="121.399283269">
        <ele>5.4</ele>
        <time>2026-09-09T23:49:09+08:00</time>
        <extensions>
          <gpxtpx:TrackPointExtension>
            <gpxtpx:hr>180</gpxtpx:hr>
            <gpxtpx:cad>82</gpxtpx:cad>
          </gpxtpx:TrackPointExtension>
        </extensions>
      </trkpt>
      <trkpt lat="31.1274599936" lon="121.399261728">
        <ele>5.4</ele>
        <time>2026-09-09T23:49:10+08:00</time>
        <extensions>
          <gpxtpx:TrackPointExtension>
            <gpxtpx:hr>0</gpxtpx:hr>
            <gpxtpx:cad>82</gpxtpx:cad>
          </gpxtpx:TrackPointExtension>
        </extensions>
      </trkpt>
      <trkpt lat="31.1274650227" lon="121.39921831">
        <ele>5.4</ele>
        <time>2026-09-09T23:49:12+08:00</time>
        <extensions>
          <gpxtpx:TrackPointExtension>
            <gpxtpx:hr>0</gpxtpx:hr>
            <gpxtpx:cad>81</gpxtpx:cad>
          </gpxtpx:TrackPointExtension>
        </extensions>
      </trkpt>
      <trkpt lat="31.1274666991" lon="121.399193332">
        <ele>5.4</ele>
        <time>2026-09-09T23:49:13+08:00</time>
        <extensions>
          <gpxtpx:TrackPointExtension>
            <gpxtpx:hr>180</gpxtpx:hr>
            <gpxtpx:cad>81</gpxtpx:cad>
          </gpxtpx:TrackPointExtension>
        </extensions>
      </trkpt>
      <trkpt lat="31.1274682917" lon="121.39916827">
        <ele>5.4</ele>
        <time>2026-09-09T23:49:14+08:00</time>
        <extensions>
          <gpxtpx:TrackPointExtension>
            <gpxtpx:hr>0</gpxtpx:hr>
            <gpxtpx:cad>81</gpxtpx:cad>
          </gpxtpx:TrackPointExtension>
        </extensions>
      </trkpt>
      <trkpt lat="31.1274717283" lon="121.399148321">
        <ele>5.4</ele>
        <time>2026-09-09T23:49:15+08:00</time>
        <extensions>
          <gpxtpx:TrackPointExtension>
            <gpxtpx:hr>180</gpxtpx:hr>
            <gpxtpx:cad>81</gpxtpx:cad>
          </gpxtpx:TrackPointExtension>
        </extensions>
      </trkpt>
      <trkpt lat="31.1274733208" lon="121.399123259">
        <ele>5.4</ele>
        <time>2026-09-09T23:49:16+08:00</time>
        <extensions>
          <gpxtpx:TrackPointExtension>
            <gpxtpx:hr>0</gpxtpx:hr>
            <gpxtpx:cad>81</gpxtpx:cad>
          </gpxtpx:TrackPointExtension>
        </extensions>
      </trkpt>
      <trkpt lat="31.1274766736" lon="121.399101717">
        <ele>5.4</ele>
        <time>2026-09-09T23:49:17+08:00</time>
        <extensions>
          <gpxtpx:TrackPointExtension>
            <gpxtpx:hr>180</gpxtpx:hr>
            <gpxtpx:cad>81</gpxtpx:cad>
          </gpxtpx:TrackPointExtension>
        </extensions>
      </trkpt>
      <trkpt lat="31.1274766736" lon="121.399080008">
        <ele>5.4</ele>
        <time>2026-09-09T23:49:18+08:00</time>
        <extensions>
          <gpxtpx:TrackPointExtension>
            <gpxtpx:hr>0</gpxtpx:hr>
            <gpxtpx:cad>81</gpxtpx:cad>
          </gpxtpx:TrackPointExtension>
        </extensions>
      </trkpt>
      <trkpt lat="31.1274782661" lon="121.399056707">
        <ele>5.4</ele>
        <time>2026-09-09T23:49:19+08:00</time>
        <extensions>
          <gpxtpx:TrackPointExtension>
            <gpxtpx:hr>180</gpxtpx:hr>
            <gpxtpx:cad>81</gpxtpx:cad>
          </gpxtpx:TrackPointExtension>
        </extensions>
      </trkpt>
      <trkpt lat="31.1274817027" lon="121.399029968">
        <ele>5.4</ele>
        <time>2026-09-09T23:49:20+08:00</time>
        <extensions>
          <gpxtpx:TrackPointExtension>
            <gpxtpx:hr>0</gpxtpx:hr>
            <gpxtpx:cad>81</gpxtpx:cad>
          </gpxtpx:TrackPointExtension>
        </extensions>
      </trkpt>
      <trkpt lat="31.1274832953" lon="121.399003314">
        <ele>5.4</ele>
        <time>2026-09-09T23:49:21+08:00</time>
        <extensions>
          <gpxtpx:TrackPointExtension>
            <gpxtpx:hr>179</gpxtpx:hr>
            <gpxtpx:cad>81</gpxtpx:cad>
          </gpxtpx:TrackPointExtension>
        </extensions>
      </trkpt>
      <trkpt lat="31.1274867319" lon="121.398980012">
        <ele>5.4</ele>
        <time>2026-09-09T23:49:22+08:00</time>
        <extensions>
          <gpxtpx:TrackPointExtension>
            <gpxtpx:hr>0</gpxtpx:hr>
            <gpxtpx:cad>81</gpxtpx:cad>
          </gpxtpx:TrackPointExtension>
        </extensions>
      </trkpt>
      <trkpt lat="31.1274916772" lon="121.398955034">
        <ele>5.4</ele>
        <time>2026-09-09T23:49:23+08:00</time>
        <extensions>
          <gpxtpx:TrackPointExtension>
            <gpxtpx:hr>179</gpxtpx:hr>
            <gpxtpx:cad>81</gpxtpx:cad>
          </gpxtpx:TrackPointExtension>
        </extensions>
      </trkpt>
      <trkpt lat="31.1274967063" lon="121.398929972">
        <ele>5.2</ele>
        <time>2026-09-09T23:49:24+08:00</time>
        <extensions>
          <gpxtpx:TrackPointExtension>
            <gpxtpx:hr>0</gpxtpx:hr>
            <gpxtpx:cad>82</gpxtpx:cad>
          </gpxtpx:TrackPointExtension>
        </extensions>
      </trkpt>
      <trkpt lat="31.1275017355" lon="121.398904994">
        <ele>5.4</ele>
        <time>2026-09-09T23:49:25+08:00</time>
        <extensions>
          <gpxtpx:TrackPointExtension>
            <gpxtpx:hr>178</gpxtpx:hr>
            <gpxtpx:cad>83</gpxtpx:cad>
          </gpxtpx:TrackPointExtension>
        </extensions>
      </trkpt>
      <trkpt lat="31.1275050044" lon="121.398881692">
        <ele>5.4</ele>
        <time>2026-09-09T23:49:26+08:00</time>
        <extensions>
          <gpxtpx:TrackPointExtension>
            <gpxtpx:hr>0</gpxtpx:hr>
            <gpxtpx:cad>83</gpxtpx:cad>
          </gpxtpx:TrackPointExtension>
        </extensions>
      </trkpt>
      <trkpt lat="31.1275066808" lon="121.398859983">
        <ele>5.4</ele>
        <time>2026-09-09T23:49:27+08:00</time>
        <extensions>
          <gpxtpx:TrackPointExtension>
            <gpxtpx:hr>177</gpxtpx:hr>
            <gpxtpx:cad>83</gpxtpx:cad>
          </gpxtpx:TrackPointExtension>
        </extensions>
      </trkpt>
      <trkpt lat="31.1275133025" lon="121.398838274">
        <ele>5.4</ele>
        <time>2026-09-09T23:49:28+08:00</time>
        <extensions>
          <gpxtpx:TrackPointExtension>
            <gpxtpx:hr>0</gpxtpx:hr>
            <gpxtpx:cad>83</gpxtpx:cad>
          </gpxtpx:TrackPointExtension>
        </extensions>
      </trkpt>
      <trkpt lat="31.1275183316" lon="121.398814972">
        <ele>5.6</ele>
        <time>2026-09-09T23:49:29+08:00</time>
        <extensions>
          <gpxtpx:TrackPointExtension>
            <gpxtpx:hr>177</gpxtpx:hr>
            <gpxtpx:cad>83</gpxtpx:cad>
          </gpxtpx:TrackPointExtension>
        </extensions>
      </trkpt>
      <trkpt lat="31.1275250372" lon="121.398791671">
        <ele>5.6</ele>
        <time>2026-09-09T23:49:30+08:00</time>
        <extensions>
          <gpxtpx:TrackPointExtension>
            <gpxtpx:hr>0</gpxtpx:hr>
            <gpxtpx:cad>83</gpxtpx:cad>
          </gpxtpx:TrackPointExtension>
        </extensions>
      </trkpt>
      <trkpt lat="31.1275333352" lon="121.398768285">
        <ele>5.8</ele>
        <time>2026-09-09T23:49:31+08:00</time>
        <extensions>
          <gpxtpx:TrackPointExtension>
            <gpxtpx:hr>178</gpxtpx:hr>
            <gpxtpx:cad>83</gpxtpx:cad>
          </gpxtpx:TrackPointExtension>
        </extensions>
      </trkpt>
      <trkpt lat="31.1275400408" lon="121.398741715">
        <ele>5.6</ele>
        <time>2026-09-09T23:49:32+08:00</time>
        <extensions>
          <gpxtpx:TrackPointExtension>
            <gpxtpx:hr>0</gpxtpx:hr>
            <gpxtpx:cad>82</gpxtpx:cad>
          </gpxtpx:TrackPointExtension>
        </extensions>
      </trkpt>
      <trkpt lat="31.1275449861" lon="121.398718329">
        <ele>5.6</ele>
        <time>2026-09-09T23:49:33+08:00</time>
        <extensions>
          <gpxtpx:TrackPointExtension>
            <gpxtpx:hr>177</gpxtpx:hr>
            <gpxtpx:cad>82</gpxtpx:cad>
          </gpxtpx:TrackPointExtension>
        </extensions>
      </trkpt>
      <trkpt lat="31.1275466625" lon="121.398695027">
        <ele>5.4</ele>
        <time>2026-09-09T23:49:34+08:00</time>
        <extensions>
          <gpxtpx:TrackPointExtension>
            <gpxtpx:hr>0</gpxtpx:hr>
            <gpxtpx:cad>82</gpxtpx:cad>
          </gpxtpx:TrackPointExtension>
        </extensions>
      </trkpt>
      <trkpt lat="31.1275532842" lon="121.398673318">
        <ele>5.4</ele>
        <time>2026-09-09T23:49:35+08:00</time>
        <extensions>
          <gpxtpx:TrackPointExtension>
            <gpxtpx:hr>178</gpxtpx:hr>
            <gpxtpx:cad>82</gpxtpx:cad>
          </gpxtpx:TrackPointExtension>
        </extensions>
      </trkpt>
      <trkpt lat="31.1275583133" lon="121.398651693">
        <ele>5.4</ele>
        <time>2026-09-09T23:49:36+08:00</time>
        <extensions>
          <gpxtpx:TrackPointExtension>
            <gpxtpx:hr>0</gpxtpx:hr>
            <gpxtpx:cad>82</gpxtpx:cad>
          </gpxtpx:TrackPointExtension>
        </extensions>
      </trkpt>
      <trkpt lat="31.1275650188" lon="121.398629984">
        <ele>5.4</ele>
        <time>2026-09-09T23:49:37+08:00</time>
        <extensions>
          <gpxtpx:TrackPointExtension>
            <gpxtpx:hr>178</gpxtpx:hr>
            <gpxtpx:cad>82</gpxtpx:cad>
          </gpxtpx:TrackPointExtension>
        </extensions>
      </trkpt>
      <trkpt lat="31.1275749933" lon="121.398584973">
        <ele>5.4</ele>
        <time>2026-09-09T23:49:39+08:00</time>
        <extensions>
          <gpxtpx:TrackPointExtension>
            <gpxtpx:hr>177</gpxtpx:hr>
            <gpxtpx:cad>82</gpxtpx:cad>
          </gpxtpx:TrackPointExtension>
        </extensions>
      </trkpt>
      <trkpt lat="31.1275816988" lon="121.398561671">
        <ele>5.4</ele>
        <time>2026-09-09T23:49:40+08:00</time>
        <extensions>
          <gpxtpx:TrackPointExtension>
            <gpxtpx:hr>0</gpxtpx:hr>
            <gpxtpx:cad>82</gpxtpx:cad>
          </gpxtpx:TrackPointExtension>
        </extensions>
      </trkpt>
      <trkpt lat="31.1275899969" lon="121.398539962">
        <ele>5.4</ele>
        <time>2026-09-09T23:49:41+08:00</time>
        <extensions>
          <gpxtpx:TrackPointExtension>
            <gpxtpx:hr>177</gpxtpx:hr>
            <gpxtpx:cad>82</gpxtpx:cad>
          </gpxtpx:TrackPointExtension>
        </extensions>
      </trkpt>
      <trkpt lat="31.127595026" lon="121.398516661">
        <ele>5.4</ele>
        <time>2026-09-09T23:49:42+08:00</time>
        <extensions>
          <gpxtpx:TrackPointExtension>
            <gpxtpx:hr>0</gpxtpx:hr>
            <gpxtpx:cad>82</gpxtpx:cad>
          </gpxtpx:TrackPointExtension>
        </extensions>
      </trkpt>
      <trkpt lat="31.1276017316" lon="121.398495035">
        <ele>5.4</ele>
        <time>2026-09-09T23:49:43+08:00</time>
        <extensions>
          <gpxtpx:TrackPointExtension>
            <gpxtpx:hr>178</gpxtpx:hr>
            <gpxtpx:cad>82</gpxtpx:cad>
          </gpxtpx:TrackPointExtension>
        </extensions>
      </trkpt>
      <trkpt lat="31.1276050005" lon="121.398471734">
        <ele>5.6</ele>
        <time>2026-09-09T23:49:44+08:00</time>
        <extensions>
          <gpxtpx:TrackPointExtension>
            <gpxtpx:hr>0</gpxtpx:hr>
            <gpxtpx:cad>82</gpxtpx:cad>
          </gpxtpx:TrackPointExtension>
        </extensions>
      </trkpt>
      <trkpt lat="31.1276082695" lon="121.398448264">
        <ele>5.6</ele>
        <time>2026-09-09T23:49:45+08:00</time>
        <extensions>
          <gpxtpx:TrackPointExtension>
            <gpxtpx:hr>178</gpxtpx:hr>
            <gpxtpx:cad>82</gpxtpx:cad>
          </gpxtpx:TrackPointExtension>
        </extensions>
      </trkpt>
      <trkpt lat="31.1276132986" lon="121.398424963">
        <ele>5.4</ele>
        <time>2026-09-09T23:49:46+08:00</time>
        <extensions>
          <gpxtpx:TrackPointExtension>
            <gpxtpx:hr>0</gpxtpx:hr>
            <gpxtpx:cad>82</gpxtpx:cad>
          </gpxtpx:TrackPointExtension>
        </extensions>
      </trkpt>
      <trkpt lat="31.1276183277" lon="121.398403337">
        <ele>5.4</ele>
        <time>2026-09-09T23:49:47+08:00</time>
        <extensions>
          <gpxtpx:TrackPointExtension>
            <gpxtpx:hr>178</gpxtpx:hr>
            <gpxtpx:cad>82</gpxtpx:cad>
          </gpxtpx:TrackPointExtension>
        </extensions>
      </trkpt>
      <trkpt lat="31.1276250333" lon="121.398381712">
        <ele>5.4</ele>
        <time>2026-09-09T23:49:48+08:00</time>
        <extensions>
          <gpxtpx:TrackPointExtension>
            <gpxtpx:hr>0</gpxtpx:hr>
            <gpxtpx:cad>82</gpxtpx:cad>
          </gpxtpx:TrackPointExtension>
        </extensions>
      </trkpt>
      <trkpt lat="31.1276299786" lon="121.398360003">
        <ele>5.4</ele>
        <time>2026-09-09T23:49:49+08:00</time>
        <extensions>
          <gpxtpx:TrackPointExtension>
            <gpxtpx:hr>177</gpxtpx:hr>
            <gpxtpx:cad>82</gpxtpx:cad>
          </gpxtpx:TrackPointExtension>
        </extensions>
      </trkpt>
      <trkpt lat="31.1276400369" lon="121.398338294">
        <ele>5.4</ele>
        <time>2026-09-09T23:49:50+08:00</time>
        <extensions>
          <gpxtpx:TrackPointExtension>
            <gpxtpx:hr>0</gpxtpx:hr>
            <gpxtpx:cad>82</gpxtpx:cad>
          </gpxtpx:TrackPointExtension>
        </extensions>
      </trkpt>
      <trkpt lat="31.1276466586" lon="121.398313316">
        <ele>5.2</ele>
        <time>2026-09-09T23:49:51+08:00</time>
        <extensions>
          <gpxtpx:TrackPointExtension>
            <gpxtpx:hr>176</gpxtpx:hr>
            <gpxtpx:cad>82</gpxtpx:cad>
          </gpxtpx:TrackPointExtension>
        </extensions>
      </trkpt>
      <trkpt lat="31.1276532803" lon="121.398290014">
        <ele>5.2</ele>
        <time>2026-09-09T23:49:52+08:00</time>
        <extensions>
          <gpxtpx:TrackPointExtension>
            <gpxtpx:hr>0</gpxtpx:hr>
            <gpxtpx:cad>82</gpxtpx:cad>
          </gpxtpx:TrackPointExtension>
        </extensions>
      </trkpt>
      <trkpt lat="31.1276583094" lon="121.398265036">
        <ele>5.4</ele>
        <time>2026-09-09T23:49:53+08:00</time>
        <extensions>
          <gpxtpx:TrackPointExtension>
            <gpxtpx:hr>175</gpxtpx:hr>
            <gpxtpx:cad>82</gpxtpx:cad>
          </gpxtpx:TrackPointExtension>
        </extensions>
      </trkpt>
      <trkpt lat="31.1276633386" lon="121.398239974">
        <ele>5.4</ele>
        <time>2026-09-09T23:49:54+08:00</time>
        <extensions>
          <gpxtpx:TrackPointExtension>
            <gpxtpx:hr>0</gpxtpx:hr>
            <gpxtpx:cad>82</gpxtpx:cad>
          </gpxtpx:TrackPointExtension>
        </extensions>
      </trkpt>
      <trkpt lat="31.1276666913" lon="121.398216672">
        <ele>5.4</ele>
        <time>2026-09-09T23:49:55+08:00</time>
        <extensions>
          <gpxtpx:TrackPointExtension>
            <gpxtpx:hr>174</gpxtpx:hr>
            <gpxtpx:cad>82</gpxtpx:cad>
          </gpxtpx:TrackPointExtension>
        </extensions>
      </trkpt>
      <trkpt lat="31.1276749894" lon="121.398190018">
        <ele>5.4</ele>
        <time>2026-09-09T23:49:56+08:00</time>
        <extensions>
          <gpxtpx:TrackPointExtension>
            <gpxtpx:hr>0</gpxtpx:hr>
            <gpxtpx:cad>82</gpxtpx:cad>
          </gpxtpx:TrackPointExtension>
        </extensions>
      </trkpt>
      <trkpt lat="31.1276800185" lon="121.39816504">
        <ele>5.6</ele>
        <time>2026-09-09T23:49:57+08:00</time>
        <extensions>
          <gpxtpx:TrackPointExtension>
            <gpxtpx:hr>173</gpxtpx:hr>
            <gpxtpx:cad>82</gpxtpx:cad>
          </gpxtpx:TrackPointExtension>
        </extensions>
      </trkpt>
      <trkpt lat="31.1276849639" lon="121.398141738">
        <ele>5.6</ele>
        <time>2026-09-09T23:49:58+08:00</time>
        <extensions>
          <gpxtpx:TrackPointExtension>
            <gpxtpx:hr>0</gpxtpx:hr>
            <gpxtpx:cad>82</gpxtpx:cad>
          </gpxtpx:TrackPointExtension>
        </extensions>
      </trkpt>
      <trkpt lat="31.127693262" lon="121.398116676">
        <ele>5.6</ele>
        <time>2026-09-09T23:49:59+08:00</time>
        <extensions>
          <gpxtpx:TrackPointExtension>
            <gpxtpx:hr>173</gpxtpx:hr>
            <gpxtpx:cad>82</gpxtpx:cad>
          </gpxtpx:TrackPointExtension>
        </extensions>
      </trkpt>
      <trkpt lat="31.1276999675" lon="121.398094967">
        <ele>5.6</ele>
        <time>2026-09-09T23:50:00+08:00</time>
        <extensions>
          <gpxtpx:TrackPointExtension>
            <gpxtpx:hr>0</gpxtpx:hr>
            <gpxtpx:cad>82</gpxtpx:cad>
          </gpxtpx:TrackPointExtension>
        </extensions>
      </trkpt>
      <trkpt lat="31.1277082656" lon="121.398073342">
        <ele>5.6</ele>
        <time>2026-09-09T23:50:01+08:00</time>
        <extensions>
          <gpxtpx:TrackPointExtension>
            <gpxtpx:hr>174</gpxtpx:hr>
            <gpxtpx:cad>82</gpxtpx:cad>
          </gpxtpx:TrackPointExtension>
        </extensions>
      </trkpt>
      <trkpt lat="31.1277132947" lon="121.398053309">
        <ele>5.4</ele>
        <time>2026-09-09T23:50:02+08:00</time>
        <extensions>
          <gpxtpx:TrackPointExtension>
            <gpxtpx:hr>0</gpxtpx:hr>
            <gpxtpx:cad>82</gpxtpx:cad>
          </gpxtpx:TrackPointExtension>
        </extensions>
      </trkpt>
      <trkpt lat="31.1277183238" lon="121.398031684">
        <ele>5.4</ele>
        <time>2026-09-09T23:50:03+08:00</time>
        <extensions>
          <gpxtpx:TrackPointExtension>
            <gpxtpx:hr>173</gpxtpx:hr>
            <gpxtpx:cad>82</gpxtpx:cad>
          </gpxtpx:TrackPointExtension>
        </extensions>
      </trkpt>
      <trkpt lat="31.1277267057" lon="121.398008298">
        <ele>5.4</ele>
        <time>2026-09-09T23:50:04+08:00</time>
        <extensions>
          <gpxtpx:TrackPointExtension>
            <gpxtpx:hr>0</gpxtpx:hr>
            <gpxtpx:cad>82</gpxtpx:cad>
          </gpxtpx:TrackPointExtension>
        </extensions>
      </trkpt>
      <trkpt lat="31.1277333274" lon="121.397984996">
        <ele>5.4</ele>
        <time>2026-09-09T23:50:05+08:00</time>
        <extensions>
          <gpxtpx:TrackPointExtension>
            <gpxtpx:hr>173</gpxtpx:hr>
            <gpxtpx:cad>82</gpxtpx:cad>
          </gpxtpx:TrackPointExtension>
        </extensions>
      </trkpt>
      <trkpt lat="31.127740033" lon="121.397963287">
        <ele>5.4</ele>
        <time>2026-09-09T23:50:06+08:00</time>
        <extensions>
          <gpxtpx:TrackPointExtension>
            <gpxtpx:hr>0</gpxtpx:hr>
            <gpxtpx:cad>82</gpxtpx:cad>
          </gpxtpx:TrackPointExtension>
        </extensions>
      </trkpt>
      <trkpt lat="31.1277449783" lon="121.397941662">
        <ele>5.2</ele>
        <time>2026-09-09T23:50:07+08:00</time>
        <extensions>
          <gpxtpx:TrackPointExtension>
            <gpxtpx:hr>173</gpxtpx:hr>
            <gpxtpx:cad>82</gpxtpx:cad>
          </gpxtpx:TrackPointExtension>
        </extensions>
      </trkpt>
      <trkpt lat="31.1277500074" lon="121.397921713">
        <ele>5.2</ele>
        <time>2026-09-09T23:50:08+08:00</time>
        <extensions>
          <gpxtpx:TrackPointExtension>
            <gpxtpx:hr>0</gpxtpx:hr>
            <gpxtpx:cad>82</gpxtpx:cad>
          </gpxtpx:TrackPointExtension>
        </extensions>
      </trkpt>
      <trkpt lat="31.127756713" lon="121.397898328">
        <ele>5.2</ele>
        <time>2026-09-09T23:50:09+08:00</time>
        <extensions>
          <gpxtpx:TrackPointExtension>
            <gpxtpx:hr>173</gpxtpx:hr>
            <gpxtpx:cad>82</gpxtpx:cad>
          </gpxtpx:TrackPointExtension>
        </extensions>
      </trkpt>
      <trkpt lat="31.1277633347" lon="121.397875026">
        <ele>5.0</ele>
        <time>2026-09-09T23:50:10+08:00</time>
        <extensions>
          <gpxtpx:TrackPointExtension>
            <gpxtpx:hr>0</gpxtpx:hr>
            <gpxtpx:cad>82</gpxtpx:cad>
          </gpxtpx:TrackPointExtension>
        </extensions>
      </trkpt>
      <trkpt lat="31.1277700402" lon="121.397854993">
        <ele>5.2</ele>
        <time>2026-09-09T23:50:11+08:00</time>
        <extensions>
          <gpxtpx:TrackPointExtension>
            <gpxtpx:hr>173</gpxtpx:hr>
            <gpxtpx:cad>82</gpxtpx:cad>
          </gpxtpx:TrackPointExtension>
        </extensions>
      </trkpt>
      <trkpt lat="31.1277783383" lon="121.397831691">
        <ele>5.2</ele>
        <time>2026-09-09T23:50:12+08:00</time>
        <extensions>
          <gpxtpx:TrackPointExtension>
            <gpxtpx:hr>0</gpxtpx:hr>
            <gpxtpx:cad>82</gpxtpx:cad>
          </gpxtpx:TrackPointExtension>
        </extensions>
      </trkpt>
      <trkpt lat="31.12778496" lon="121.397813335">
        <ele>5.2</ele>
        <time>2026-09-09T23:50:13+08:00</time>
        <extensions>
          <gpxtpx:TrackPointExtension>
            <gpxtpx:hr>173</gpxtpx:hr>
            <gpxtpx:cad>82</gpxtpx:cad>
          </gpxtpx:TrackPointExtension>
        </extensions>
      </trkpt>
      <trkpt lat="31.1277933419" lon="121.397790033">
        <ele>5.2</ele>
        <time>2026-09-09T23:50:14+08:00</time>
        <extensions>
          <gpxtpx:TrackPointExtension>
            <gpxtpx:hr>0</gpxtpx:hr>
            <gpxtpx:cad>82</gpxtpx:cad>
          </gpxtpx:TrackPointExtension>
        </extensions>
      </trkpt>
      <trkpt lat="31.1277999636" lon="121.397768324">
        <ele>5.2</ele>
        <time>2026-09-09T23:50:15+08:00</time>
        <extensions>
          <gpxtpx:TrackPointExtension>
            <gpxtpx:hr>173</gpxtpx:hr>
            <gpxtpx:cad>82</gpxtpx:cad>
          </gpxtpx:TrackPointExtension>
        </extensions>
      </trkpt>
      <trkpt lat="31.1278116982" lon="121.39772499">
        <ele>5.0</ele>
        <time>2026-09-09T23:50:17+08:00</time>
        <extensions>
          <gpxtpx:TrackPointExtension>
            <gpxtpx:hr>173</gpxtpx:hr>
            <gpxtpx:cad>82</gpxtpx:cad>
          </gpxtpx:TrackPointExtension>
        </extensions>
      </trkpt>
      <trkpt lat="31.1278199963" lon="121.397703281">
        <ele>5.0</ele>
        <time>2026-09-09T23:50:18+08:00</time>
        <extensions>
          <gpxtpx:TrackPointExtension>
            <gpxtpx:hr>0</gpxtpx:hr>
            <gpxtpx:cad>82</gpxtpx:cad>
          </gpxtpx:TrackPointExtension>
        </extensions>
      </trkpt>
      <trkpt lat="31.1278250255" lon="121.397681739">
        <ele>5.0</ele>
        <time>2026-09-09T23:50:19+08:00</time>
        <extensions>
          <gpxtpx:TrackPointExtension>
            <gpxtpx:hr>173</gpxtpx:hr>
            <gpxtpx:cad>82</gpxtpx:cad>
          </gpxtpx:TrackPointExtension>
        </extensions>
      </trkpt>
      <trkpt lat="31.127831731" lon="121.39766003">
        <ele>5.0</ele>
        <time>2026-09-09T23:50:20+08:00</time>
        <extensions>
          <gpxtpx:TrackPointExtension>
            <gpxtpx:hr>0</gpxtpx:hr>
            <gpxtpx:cad>82</gpxtpx:cad>
          </gpxtpx:TrackPointExtension>
        </extensions>
      </trkpt>
      <trkpt lat="31.1278382689" lon="121.397639997">
        <ele>5.0</ele>
        <time>2026-09-09T23:50:21+08:00</time>
        <extensions>
          <gpxtpx:TrackPointExtension>
            <gpxtpx:hr>173</gpxtpx:hr>
            <gpxtpx:cad>82</gpxtpx:cad>
          </gpxtpx:TrackPointExtension>
        </extensions>
      </trkpt>
      <trkpt lat="31.1278449744" lon="121.397618288">
        <ele>5.0</ele>
        <time>2026-09-09T23:50:22+08:00</time>
        <extensions>
          <gpxtpx:TrackPointExtension>
            <gpxtpx:hr>0</gpxtpx:hr>
            <gpxtpx:cad>82</gpxtpx:cad>
          </gpxtpx:TrackPointExtension>
        </extensions>
      </trkpt>
      <trkpt lat="31.1278532725" lon="121.397596663">
        <ele>5.0</ele>
        <time>2026-09-09T23:50:23+08:00</time>
        <extensions>
          <gpxtpx:TrackPointExtension>
            <gpxtpx:hr>173</gpxtpx:hr>
            <gpxtpx:cad>82</gpxtpx:cad>
          </gpxtpx:TrackPointExtension>
        </extensions>
      </trkpt>
      <trkpt lat="31.127859978" lon="121.397575038">
        <ele>5.0</ele>
        <time>2026-09-09T23:50:24+08:00</time>
        <extensions>
          <gpxtpx:TrackPointExtension>
            <gpxtpx:hr>0</gpxtpx:hr>
            <gpxtpx:cad>82</gpxtpx:cad>
          </gpxtpx:TrackPointExtension>
        </extensions>
      </trkpt>
      <trkpt lat="31.1278617382" lon="121.397553328">
        <ele>5.0</ele>
        <time>2026-09-09T23:50:25+08:00</time>
        <extensions>
          <gpxtpx:TrackPointExtension>
            <gpxtpx:hr>173</gpxtpx:hr>
            <gpxtpx:cad>82</gpxtpx:cad>
          </gpxtpx:TrackPointExtension>
        </extensions>
      </trkpt>
      <trkpt lat="31.1278650071" lon="121.397534972">
        <ele>5.0</ele>
        <time>2026-09-09T23:50:26+08:00</time>
        <extensions>
          <gpxtpx:TrackPointExtension>
            <gpxtpx:hr>0</gpxtpx:hr>
            <gpxtpx:cad>82</gpxtpx:cad>
          </gpxtpx:TrackPointExtension>
        </extensions>
      </trkpt>
      <trkpt lat="31.1278682761" lon="121.3975167">
        <ele>5.0</ele>
        <time>2026-09-09T23:50:27+08:00</time>
        <extensions>
          <gpxtpx:TrackPointExtension>
            <gpxtpx:hr>173</gpxtpx:hr>
            <gpxtpx:cad>82</gpxtpx:cad>
          </gpxtpx:TrackPointExtension>
        </extensions>
      </trkpt>
      <trkpt lat="31.1278816871" lon="121.397475041">
        <ele>5.0</ele>
        <time>2026-09-09T23:50:29+08:00</time>
        <extensions>
          <gpxtpx:TrackPointExtension>
            <gpxtpx:hr>173</gpxtpx:hr>
            <gpxtpx:cad>82</gpxtpx:cad>
          </gpxtpx:TrackPointExtension>
        </extensions>
      </trkpt>
      <trkpt lat="31.1278850399" lon="121.397453332">
        <ele>5.2</ele>
        <time>2026-09-09T23:50:30+08:00</time>
        <extensions>
          <gpxtpx:TrackPointExtension>
            <gpxtpx:hr>0</gpxtpx:hr>
            <gpxtpx:cad>82</gpxtpx:cad>
          </gpxtpx:TrackPointExtension>
        </extensions>
      </trkpt>
      <trkpt lat="31.1278916616" lon="121.3974333">
        <ele>5.0</ele>
        <time>2026-09-09T23:50:31+08:00</time>
        <extensions>
          <gpxtpx:TrackPointExtension>
            <gpxtpx:hr>172</gpxtpx:hr>
            <gpxtpx:cad>82</gpxtpx:cad>
          </gpxtpx:TrackPointExtension>
        </extensions>
      </trkpt>
      <trkpt lat="31.1278966907" lon="121.397413267">
        <ele>5.2</ele>
        <time>2026-09-09T23:50:32+08:00</time>
        <extensions>
          <gpxtpx:TrackPointExtension>
            <gpxtpx:hr>0</gpxtpx:hr>
            <gpxtpx:cad>82</gpxtpx:cad>
          </gpxtpx:TrackPointExtension>
        </extensions>
      </trkpt>
      <trkpt lat="31.1279199924" lon="121.397358282">
        <ele>5.2</ele>
        <time>2026-09-09T23:50:35+08:00</time>
        <extensions>
          <gpxtpx:TrackPointExtension>
            <gpxtpx:hr>172</gpxtpx:hr>
            <gpxtpx:cad>82</gpxtpx:cad>
          </gpxtpx:TrackPointExtension>
        </extensions>
      </trkpt>
      <trkpt lat="31.127934996" lon="121.397315031">
        <ele>5.2</ele>
        <time>2026-09-09T23:50:37+08:00</time>
        <extensions>
          <gpxtpx:TrackPointExtension>
            <gpxtpx:hr>171</gpxtpx:hr>
            <gpxtpx:cad>82</gpxtpx:cad>
          </gpxtpx:TrackPointExtension>
        </extensions>
      </trkpt>
      <trkpt lat="31.1279417016" lon="121.397293322">
        <ele>5.2</ele>
        <time>2026-09-09T23:50:38+08:00</time>
        <extensions>
          <gpxtpx:TrackPointExtension>
            <gpxtpx:hr>0</gpxtpx:hr>
            <gpxtpx:cad>82</gpxtpx:cad>
          </gpxtpx:TrackPointExtension>
        </extensions>
      </trkpt>
      <trkpt lat="31.1279567052" lon="121.397251664">
        <ele>5.0</ele>
        <time>2026-09-09T23:50:40+08:00</time>
        <extensions>
          <gpxtpx:TrackPointExtension>
            <gpxtpx:hr>0</gpxtpx:hr>
            <gpxtpx:cad>82</gpxtpx:cad>
          </gpxtpx:TrackPointExtension>
        </extensions>
      </trkpt>
      <trkpt lat="31.1279733013" lon="121.397208329">
        <ele>5.2</ele>
        <time>2026-09-09T23:50:42+08:00</time>
        <extensions>
          <gpxtpx:TrackPointExtension>
            <gpxtpx:hr>0</gpxtpx:hr>
            <gpxtpx:cad>82</gpxtpx:cad>
          </gpxtpx:TrackPointExtension>
        </extensions>
      </trkpt>
      <trkpt lat="31.1279816832" lon="121.397188297">
        <ele>5.4</ele>
        <time>2026-09-09T23:50:43+08:00</time>
        <extensions>
          <gpxtpx:TrackPointExtension>
            <gpxtpx:hr>171</gpxtpx:hr>
            <gpxtpx:cad>82</gpxtpx:cad>
          </gpxtpx:TrackPointExtension>
        </extensions>
      </trkpt>
      <trkpt lat="31.1279917415" lon="121.397168264">
        <ele>5.4</ele>
        <time>2026-09-09T23:50:44+08:00</time>
        <extensions>
          <gpxtpx:TrackPointExtension>
            <gpxtpx:hr>0</gpxtpx:hr>
            <gpxtpx:cad>82</gpxtpx:cad>
          </gpxtpx:TrackPointExtension>
        </extensions>
      </trkpt>
      <trkpt lat="31.1280033085" lon="121.397148315">
        <ele>5.4</ele>
        <time>2026-09-09T23:50:45+08:00</time>
        <extensions>
          <gpxtpx:TrackPointExtension>
            <gpxtpx:hr>172</gpxtpx:hr>
            <gpxtpx:cad>82</gpxtpx:cad>
          </gpxtpx:TrackPointExtension>
        </extensions>
      </trkpt>
      <trkpt lat="31.1280100141" lon="121.39712669">
        <ele>5.4</ele>
        <time>2026-09-09T23:50:46+08:00</time>
        <extensions>
          <gpxtpx:TrackPointExtension>
            <gpxtpx:hr>0</gpxtpx:hr>
            <gpxtpx:cad>82</gpxtpx:cad>
          </gpxtpx:TrackPointExtension>
        </extensions>
      </trkpt>
      <trkpt lat="31.1280199885" lon="121.39710498">
        <ele>5.2</ele>
        <time>2026-09-09T23:50:47+08:00</time>
        <extensions>
          <gpxtpx:TrackPointExtension>
            <gpxtpx:hr>172</gpxtpx:hr>
            <gpxtpx:cad>82</gpxtpx:cad>
          </gpxtpx:TrackPointExtension>
        </extensions>
      </trkpt>
      <trkpt lat="31.1280282866" lon="121.397086708">
        <ele>5.2</ele>
        <time>2026-09-09T23:50:48+08:00</time>
        <extensions>
          <gpxtpx:TrackPointExtension>
            <gpxtpx:hr>0</gpxtpx:hr>
            <gpxtpx:cad>82</gpxtpx:cad>
          </gpxtpx:TrackPointExtension>
        </extensions>
      </trkpt>
      <trkpt lat="31.1280366685" lon="121.397063322">
        <ele>5.4</ele>
        <time>2026-09-09T23:50:49+08:00</time>
        <extensions>
          <gpxtpx:TrackPointExtension>
            <gpxtpx:hr>173</gpxtpx:hr>
            <gpxtpx:cad>82</gpxtpx:cad>
          </gpxtpx:TrackPointExtension>
        </extensions>
      </trkpt>
      <trkpt lat="31.1280467268" lon="121.397041697">
        <ele>5.4</ele>
        <time>2026-09-09T23:50:50+08:00</time>
        <extensions>
          <gpxtpx:TrackPointExtension>
            <gpxtpx:hr>0</gpxtpx:hr>
            <gpxtpx:cad>82</gpxtpx:cad>
          </gpxtpx:TrackPointExtension>
        </extensions>
      </trkpt>
      <trkpt lat="31.1280550249" lon="121.397019988">
        <ele>5.4</ele>
        <time>2026-09-09T23:50:51+08:00</time>
        <extensions>
          <gpxtpx:TrackPointExtension>
            <gpxtpx:hr>173</gpxtpx:hr>
            <gpxtpx:cad>82</gpxtpx:cad>
          </gpxtpx:TrackPointExtension>
        </extensions>
      </trkpt>
      <trkpt lat="31.128063323" lon="121.397000039">
        <ele>5.4</ele>
        <time>2026-09-09T23:50:52+08:00</time>
        <extensions>
          <gpxtpx:TrackPointExtension>
            <gpxtpx:hr>0</gpxtpx:hr>
            <gpxtpx:cad>82</gpxtpx:cad>
          </gpxtpx:TrackPointExtension>
        </extensions>
      </trkpt>
      <trkpt lat="31.1280732974" lon="121.396976737">
        <ele>5.4</ele>
        <time>2026-09-09T23:50:53+08:00</time>
        <extensions>
          <gpxtpx:TrackPointExtension>
            <gpxtpx:hr>172</gpxtpx:hr>
            <gpxtpx:cad>82</gpxtpx:cad>
          </gpxtpx:TrackPointExtension>
        </extensions>
      </trkpt>
      <trkpt lat="31.1280832719" lon="121.396956705">
        <ele>5.4</ele>
        <time>2026-09-09T23:50:54+08:00</time>
        <extensions>
          <gpxtpx:TrackPointExtension>
            <gpxtpx:hr>0</gpxtpx:hr>
            <gpxtpx:cad>82</gpxtpx:cad>
          </gpxtpx:TrackPointExtension>
        </extensions>
      </trkpt>
      <trkpt lat="31.128096683" lon="121.396936672">
        <ele>5.4</ele>
        <time>2026-09-09T23:50:55+08:00</time>
        <extensions>
          <gpxtpx:TrackPointExtension>
            <gpxtpx:hr>172</gpxtpx:hr>
            <gpxtpx:cad>82</gpxtpx:cad>
          </gpxtpx:TrackPointExtension>
        </extensions>
      </trkpt>
      <trkpt lat="31.1281100102" lon="121.396916723">
        <ele>5.4</ele>
        <time>2026-09-09T23:50:56+08:00</time>
        <extensions>
          <gpxtpx:TrackPointExtension>
            <gpxtpx:hr>0</gpxtpx:hr>
            <gpxtpx:cad>82</gpxtpx:cad>
          </gpxtpx:TrackPointExtension>
        </extensions>
      </trkpt>
      <trkpt lat="31.1281233374" lon="121.39689669">
        <ele>5.4</ele>
        <time>2026-09-09T23:50:57+08:00</time>
        <extensions>
          <gpxtpx:TrackPointExtension>
            <gpxtpx:hr>172</gpxtpx:hr>
            <gpxtpx:cad>82</gpxtpx:cad>
          </gpxtpx:TrackPointExtension>
        </extensions>
      </trkpt>
      <trkpt lat="31.128138341" lon="121.396876741">
        <ele>5.4</ele>
        <time>2026-09-09T23:50:58+08:00</time>
        <extensions>
          <gpxtpx:TrackPointExtension>
            <gpxtpx:hr>0</gpxtpx:hr>
            <gpxtpx:cad>82</gpxtpx:cad>
          </gpxtpx:TrackPointExtension>
        </extensions>
      </trkpt>
      <trkpt lat="31.1281499919" lon="121.396856708">
        <ele>5.4</ele>
        <time>2026-09-09T23:50:59+08:00</time>
        <extensions>
          <gpxtpx:TrackPointExtension>
            <gpxtpx:hr>172</gpxtpx:hr>
            <gpxtpx:cad>82</gpxtpx:cad>
          </gpxtpx:TrackPointExtension>
        </extensions>
      </trkpt>
      <trkpt lat="31.1281617265" lon="121.396838268">
        <ele>5.4</ele>
        <time>2026-09-09T23:51:00+08:00</time>
        <extensions>
          <gpxtpx:TrackPointExtension>
            <gpxtpx:hr>0</gpxtpx:hr>
            <gpxtpx:cad>82</gpxtpx:cad>
          </gpxtpx:TrackPointExtension>
        </extensions>
      </trkpt>
      <trkpt lat="31.1281767301" lon="121.396819996">
        <ele>5.2</ele>
        <time>2026-09-09T23:51:01+08:00</time>
        <extensions>
          <gpxtpx:TrackPointExtension>
            <gpxtpx:hr>172</gpxtpx:hr>
            <gpxtpx:cad>82</gpxtpx:cad>
          </gpxtpx:TrackPointExtension>
        </extensions>
      </trkpt>
      <trkpt lat="31.1281882972" lon="121.396804992">
        <ele>5.4</ele>
        <time>2026-09-09T23:51:02+08:00</time>
        <extensions>
          <gpxtpx:TrackPointExtension>
            <gpxtpx:hr>0</gpxtpx:hr>
            <gpxtpx:cad>82</gpxtpx:cad>
          </gpxtpx:TrackPointExtension>
        </extensions>
      </trkpt>
      <trkpt lat="31.1282017082" lon="121.396789989">
        <ele>5.4</ele>
        <time>2026-09-09T23:51:03+08:00</time>
        <extensions>
          <gpxtpx:TrackPointExtension>
            <gpxtpx:hr>172</gpxtpx:hr>
            <gpxtpx:cad>81</gpxtpx:cad>
          </gpxtpx:TrackPointExtension>
        </extensions>
      </trkpt>
      <trkpt lat="31.1282150354" lon="121.39677004">
        <ele>5.6</ele>
        <time>2026-09-09T23:51:04+08:00</time>
        <extensions>
          <gpxtpx:TrackPointExtension>
            <gpxtpx:hr>0</gpxtpx:hr>
            <gpxtpx:cad>81</gpxtpx:cad>
          </gpxtpx:TrackPointExtension>
        </extensions>
      </trkpt>
      <trkpt lat="31.1282266863" lon="121.396753276">
        <ele>5.6</ele>
        <time>2026-09-09T23:51:05+08:00</time>
        <extensions>
          <gpxtpx:TrackPointExtension>
            <gpxtpx:hr>172</gpxtpx:hr>
            <gpxtpx:cad>81</gpxtpx:cad>
          </gpxtpx:TrackPointExtension>
        </extensions>
      </trkpt>
      <trkpt lat="31.128249988" lon="121.396718323">
        <ele>5.6</ele>
        <time>2026-09-09T23:51:07+08:00</time>
        <extensions>
          <gpxtpx:TrackPointExtension>
            <gpxtpx:hr>172</gpxtpx:hr>
            <gpxtpx:cad>81</gpxtpx:cad>
          </gpxtpx:TrackPointExtension>
        </extensions>
      </trkpt>
      <trkpt lat="31.1282566935" lon="121.39670332">
        <ele>5.6</ele>
        <time>2026-09-09T23:51:08+08:00</time>
        <extensions>
          <gpxtpx:TrackPointExtension>
            <gpxtpx:hr>0</gpxtpx:hr>
            <gpxtpx:cad>81</gpxtpx:cad>
          </gpxtpx:TrackPointExtension>
        </extensions>
      </trkpt>
      <trkpt lat="31.1282732897" lon="121.39667172">
        <ele>5.6</ele>
        <time>2026-09-09T23:51:10+08:00</time>
        <extensions>
          <gpxtpx:TrackPointExtension>
            <gpxtpx:hr>0</gpxtpx:hr>
            <gpxtpx:cad>81</gpxtpx:cad>
          </gpxtpx:TrackPointExtension>
        </extensions>
      </trkpt>
      <trkpt lat="31.1282832641" lon="121.396640036">
        <ele>5.6</ele>
        <time>2026-09-09T23:51:12+08:00</time>
        <extensions>
          <gpxtpx:TrackPointExtension>
            <gpxtpx:hr>0</gpxtpx:hr>
            <gpxtpx:cad>82</gpxtpx:cad>
          </gpxtpx:TrackPointExtension>
        </extensions>
      </trkpt>
      <trkpt lat="31.1282917298" lon="121.396599971">
        <ele>5.6</ele>
        <time>2026-09-09T23:51:14+08:00</time>
        <extensions>
          <gpxtpx:TrackPointExtension>
            <gpxtpx:hr>0</gpxtpx:hr>
            <gpxtpx:cad>82</gpxtpx:cad>
          </gpxtpx:TrackPointExtension>
        </extensions>
      </trkpt>
      <trkpt lat="31.1283049732" lon="121.396559989">
        <ele>5.8</ele>
        <time>2026-09-09T23:51:16+08:00</time>
        <extensions>
          <gpxtpx:TrackPointExtension>
            <gpxtpx:hr>0</gpxtpx:hr>
            <gpxtpx:cad>82</gpxtpx:cad>
          </gpxtpx:TrackPointExtension>
        </extensions>
      </trkpt>
      <trkpt lat="31.1283132713" lon="121.396536687">
        <ele>5.8</ele>
        <time>2026-09-09T23:51:17+08:00</time>
        <extensions>
          <gpxtpx:TrackPointExtension>
            <gpxtpx:hr>172</gpxtpx:hr>
            <gpxtpx:cad>82</gpxtpx:cad>
          </gpxtpx:TrackPointExtension>
        </extensions>
      </trkpt>
      <trkpt lat="31.1283282749" lon="121.396495029">
        <ele>5.6</ele>
        <time>2026-09-09T23:51:19+08:00</time>
        <extensions>
          <gpxtpx:TrackPointExtension>
            <gpxtpx:hr>172</gpxtpx:hr>
            <gpxtpx:cad>82</gpxtpx:cad>
          </gpxtpx:TrackPointExtension>
        </extensions>
      </trkpt>
      <trkpt lat="31.1283432785" lon="121.396456724">
        <ele>5.8</ele>
        <time>2026-09-09T23:51:21+08:00</time>
        <extensions>
          <gpxtpx:TrackPointExtension>
            <gpxtpx:hr>172</gpxtpx:hr>
            <gpxtpx:cad>82</gpxtpx:cad>
          </gpxtpx:TrackPointExtension>
        </extensions>
      </trkpt>
      <trkpt lat="31.1283533368" lon="121.396436691">
        <ele>5.8</ele>
        <time>2026-09-09T23:51:22+08:00</time>
        <extensions>
          <gpxtpx:TrackPointExtension>
            <gpxtpx:hr>0</gpxtpx:hr>
            <gpxtpx:cad>82</gpxtpx:cad>
          </gpxtpx:TrackPointExtension>
        </extensions>
      </trkpt>
      <trkpt lat="31.1283633113" lon="121.396418335">
        <ele>6.0</ele>
        <time>2026-09-09T23:51:23+08:00</time>
        <extensions>
          <gpxtpx:TrackPointExtension>
            <gpxtpx:hr>171</gpxtpx:hr>
            <gpxtpx:cad>82</gpxtpx:cad>
          </gpxtpx:TrackPointExtension>
        </extensions>
      </trkpt>
      <trkpt lat="31.1283816677" lon="121.396383299">
        <ele>6.0</ele>
        <time>2026-09-09T23:51:25+08:00</time>
        <extensions>
          <gpxtpx:TrackPointExtension>
            <gpxtpx:hr>171</gpxtpx:hr>
            <gpxtpx:cad>82</gpxtpx:cad>
          </gpxtpx:TrackPointExtension>
        </extensions>
      </trkpt>
      <trkpt lat="31.128400024" lon="121.396353291">
        <ele>5.8</ele>
        <time>2026-09-09T23:51:27+08:00</time>
        <extensions>
          <gpxtpx:TrackPointExtension>
            <gpxtpx:hr>171</gpxtpx:hr>
            <gpxtpx:cad>82</gpxtpx:cad>
          </gpxtpx:TrackPointExtension>
        </extensions>
      </trkpt>
      <trkpt lat="31.1284233257" lon="121.396324961">
        <ele>5.8</ele>
        <time>2026-09-09T23:51:29+08:00</time>
        <extensions>
          <gpxtpx:TrackPointExtension>
            <gpxtpx:hr>172</gpxtpx:hr>
            <gpxtpx:cad>82</gpxtpx:cad>
          </gpxtpx:TrackPointExtension>
        </extensions>
      </trkpt>
      <trkpt lat="31.1284517404" lon="121.396301659">
        <ele>5.6</ele>
        <time>2026-09-09T23:51:31+08:00</time>
        <extensions>
          <gpxtpx:TrackPointExtension>
            <gpxtpx:hr>171</gpxtpx:hr>
            <gpxtpx:cad>82</gpxtpx:cad>
          </gpxtpx:TrackPointExtension>
        </extensions>
      </trkpt>
      <trkpt lat="31.1284833401" lon="121.396278273">
        <ele>5.6</ele>
        <time>2026-09-09T23:51:33+08:00</time>
        <extensions>
          <gpxtpx:TrackPointExtension>
            <gpxtpx:hr>171</gpxtpx:hr>
            <gpxtpx:cad>82</gpxtpx:cad>
          </gpxtpx:TrackPointExtension>
        </extensions>
      </trkpt>
      <trkpt lat="31.1284982599" lon="121.39626503">
        <ele>5.8</ele>
        <time>2026-09-09T23:51:34+08:00</time>
        <extensions>
          <gpxtpx:TrackPointExtension>
            <gpxtpx:hr>0</gpxtpx:hr>
            <gpxtpx:cad>82</gpxtpx:cad>
          </gpxtpx:TrackPointExtension>
        </extensions>
      </trkpt>
      <trkpt lat="31.1285249982" lon="121.396236699">
        <ele>5.8</ele>
        <time>2026-09-09T23:51:36+08:00</time>
        <extensions>
          <gpxtpx:TrackPointExtension>
            <gpxtpx:hr>0</gpxtpx:hr>
            <gpxtpx:cad>82</gpxtpx:cad>
          </gpxtpx:TrackPointExtension>
        </extensions>
      </trkpt>
      <trkpt lat="31.128553329" lon="121.396211721">
        <ele>5.6</ele>
        <time>2026-09-09T23:51:38+08:00</time>
        <extensions>
          <gpxtpx:TrackPointExtension>
            <gpxtpx:hr>0</gpxtpx:hr>
            <gpxtpx:cad>83</gpxtpx:cad>
          </gpxtpx:TrackPointExtension>
        </extensions>
      </trkpt>
      <trkpt lat="31.1285633035" lon="121.39619831">
        <ele>5.6</ele>
        <time>2026-09-09T23:51:39+08:00</time>
        <extensions>
          <gpxtpx:TrackPointExtension>
            <gpxtpx:hr>171</gpxtpx:hr>
            <gpxtpx:cad>83</gpxtpx:cad>
          </gpxtpx:TrackPointExtension>
        </extensions>
      </trkpt>
      <trkpt lat="31.1285833362" lon="121.396160005">
        <ele>5.6</ele>
        <time>2026-09-09T23:51:41+08:00</time>
        <extensions>
          <gpxtpx:TrackPointExtension>
            <gpxtpx:hr>171</gpxtpx:hr>
            <gpxtpx:cad>83</gpxtpx:cad>
          </gpxtpx:TrackPointExtension>
        </extensions>
      </trkpt>
      <trkpt lat="31.1285917182" lon="121.396138296">
        <ele>5.6</ele>
        <time>2026-09-09T23:51:42+08:00</time>
        <extensions>
          <gpxtpx:TrackPointExtension>
            <gpxtpx:hr>0</gpxtpx:hr>
            <gpxtpx:cad>83</gpxtpx:cad>
          </gpxtpx:TrackPointExtension>
        </extensions>
      </trkpt>
      <trkpt lat="31.1285949871" lon="121.396118263">
        <ele>5.8</ele>
        <time>2026-09-09T23:51:43+08:00</time>
        <extensions>
          <gpxtpx:TrackPointExtension>
            <gpxtpx:hr>171</gpxtpx:hr>
            <gpxtpx:cad>83</gpxtpx:cad>
          </gpxtpx:TrackPointExtension>
        </extensions>
      </trkpt>
      <trkpt lat="31.1285966635" lon="121.396096721">
        <ele>5.8</ele>
        <time>2026-09-09T23:51:44+08:00</time>
        <extensions>
          <gpxtpx:TrackPointExtension>
            <gpxtpx:hr>171</gpxtpx:hr>
            <gpxtpx:cad>83</gpxtpx:cad>
          </gpxtpx:TrackPointExtension>
        </extensions>
      </trkpt>
      <trkpt lat="31.1286000162" lon="121.396050034">
        <ele>5.8</ele>
        <time>2026-09-09T23:51:46+08:00</time>
        <extensions>
          <gpxtpx:TrackPointExtension>
            <gpxtpx:hr>171</gpxtpx:hr>
            <gpxtpx:cad>82</gpxtpx:cad>
          </gpxtpx:TrackPointExtension>
        </extensions>
      </trkpt>
      <trkpt lat="31.1286016926" lon="121.396026732">
        <ele>5.6</ele>
        <time>2026-09-09T23:51:47+08:00</time>
        <extensions>
          <gpxtpx:TrackPointExtension>
            <gpxtpx:hr>172</gpxtpx:hr>
            <gpxtpx:cad>82</gpxtpx:cad>
          </gpxtpx:TrackPointExtension>
        </extensions>
      </trkpt>
      <trkpt lat="31.1286067218" lon="121.3960067">
        <ele>5.6</ele>
        <time>2026-09-09T23:51:48+08:00</time>
        <extensions>
          <gpxtpx:TrackPointExtension>
            <gpxtpx:hr>171</gpxtpx:hr>
            <gpxtpx:cad>82</gpxtpx:cad>
          </gpxtpx:TrackPointExtension>
        </extensions>
      </trkpt>
      <trkpt lat="31.1286099907" lon="121.395988259">
        <ele>5.6</ele>
        <time>2026-09-09T23:51:49+08:00</time>
        <extensions>
          <gpxtpx:TrackPointExtension>
            <gpxtpx:hr>171</gpxtpx:hr>
            <gpxtpx:cad>82</gpxtpx:cad>
          </gpxtpx:TrackPointExtension>
        </extensions>
      </trkpt>
      <trkpt lat="31.1286217254" lon="121.395946685">
        <ele>5.4</ele>
        <time>2026-09-09T23:51:51+08:00</time>
        <extensions>
          <gpxtpx:TrackPointExtension>
            <gpxtpx:hr>171</gpxtpx:hr>
            <gpxtpx:cad>82</gpxtpx:cad>
          </gpxtpx:TrackPointExtension>
        </extensions>
      </trkpt>
      <trkpt lat="31.1286282632" lon="121.395931682">
        <ele>5.4</ele>
        <time>2026-09-09T23:51:52+08:00</time>
        <extensions>
          <gpxtpx:TrackPointExtension>
            <gpxtpx:hr>170</gpxtpx:hr>
            <gpxtpx:cad>82</gpxtpx:cad>
          </gpxtpx:TrackPointExtension>
        </extensions>
      </trkpt>
    </trkseg>
  </trk>
</gpx>